event_id	name	start_m/d/yy	end_m/d/yy	location	results_published	affiliations	event_page
301019290	Russian Zouk Awards 2025	1/16/26	1/18/26	Ulyanovsk	True		https://danceconvention.net/eventdirector/en/eventpage/301019290-russian-zouk-awards-2025
299999902	The Australian Classic WCS Dance Championships	1/17/25	1/19/25	Gosford  NSW  Australia	True	WSDC	https://danceconvention.net/eventdirector/en/eventpage/299999902-the-australian-classic-wcs-dance-championships
300069421	Paris Swing Classic 2025	1/30/25	2/2/25	Paris, France	False	WSDC	https://danceconvention.net/eventdirector/en/eventpage/300069421-paris-swing-classic-2025
300047750	Swing&Snow 2025	1/30/25	2/2/25	St.Petersburg, Russia	True	WSDC	https://danceconvention.net/eventdirector/en/eventpage/300047750-swingsnow-2025
300069620	Winter Zouk Fest 2025	1/4/25	1/4/25	Казань	False	BZDC	https://danceconvention.net/eventdirector/en/eventpage/300069620-winter-zouk-fest-2025
300353220	Christmas Zouk Championship 2025	1/5/25	1/7/25	Novosibirsk, Russia	False	BZDC,WZR	https://danceconvention.net/eventdirector/en/eventpage/300353220-christmas-zouk-championship-2025
301107620	Deep Zouk Secret Edition Championship 2026	1/6/26	1/7/26	Novosibirsk, Russia	False		https://danceconvention.net/eventdirector/en/eventpage/301107620-deep-zouk-secret-edition-championship-2026
300146691	Go West Swingfest 2025	10/10/25	10/12/25	Subiaco, Western Australia	True	WSDC	https://danceconvention.net/eventdirector/en/eventpage/300146691-go-west-swingfest-2025
300426000	The NZ WCS Open 2025	10/16/25	10/20/25	Auckland, NZ	True	WSDC	https://danceconvention.net/eventdirector/en/eventpage/300426000-the-nz-wcs-open-2025
300650011	Spooky Westie Weekend 2025	10/31/25	11/2/25	Singapore, Singapore	True	WSDC	https://danceconvention.net/eventdirector/en/eventpage/300650011-spooky-westie-weekend-2025
300721130	Waffle Fest	10/4/25	10/5/25	Saint-Petersburg, Russia	True		https://danceconvention.net/eventdirector/en/eventpage/300721130-waffle-fest
300873830	BRAZUKA DANCE FESTIVAL 2025	11/1/25	11/4/25	Moscow, Russia	False	BZDC,WZR	https://danceconvention.net/eventdirector/en/eventpage/300873830-brazuka-dance-festival-2025
301000841	WCS Утренник 2025	11/29/25	11/30/25	Москва, Россия	True		https://danceconvention.net/eventdirector/en/eventpage/301000841-wcs-2025
300368331	Simply Adelaide West Coast Swing	11/6/25	11/9/25	Adelaide, Australia	True	WSDC	https://danceconvention.net/eventdirector/en/eventpage/300368331-simply-adelaide-west-coast-swing
300632160	Moscow Westie Fest: Gala Edition 2025	11/7/25	11/9/25	Moscow	True	WSDC	https://danceconvention.net/eventdirector/en/eventpage/300632160-moscow-westie-fest-gala-edition-2025
300873831	WeAsOne Indonesia	11/7/25	11/9/25	Jakarta, Indonesia	False		https://danceconvention.net/eventdirector/en/eventpage/300873831-weasone-indonesia
300821000	The After Party - A West Coast Swing Experience 2025	12/4/25	12/7/25	Irvine, CA	True	WSDC	https://danceconvention.net/eventdirector/en/eventpage/300821000-the-after-party---a-west-coast-swing-experience-2025
300926550	Shooba Dooba Swing	12/5/25	12/8/25	Moscow, Russia	True	WSDC	https://danceconvention.net/eventdirector/en/eventpage/300926550-shooba-dooba-swing
301108260	Elements Zouk Fest 2026	2/13/26	2/15/26	Yekaterinburg, Russia	True		https://danceconvention.net/eventdirector/en/eventpage/301108260-elements-zouk-fest-2026
300439991	Arousa Westie Fest 2025	2/20/25	2/23/25	Sanxenxo, Galicia	False	WSDC	https://danceconvention.net/eventdirector/en/eventpage/300439991-arousa-westie-fest-2025
301108261	Cash&Swing 2026	2/20/26	2/23/26	Samara / Russia	False		https://danceconvention.net/eventdirector/en/eventpage/301108261-cashswing-2026
300240590	Cash&Swing 2025	2/21/25	2/23/25	Samara	True		https://danceconvention.net/eventdirector/en/eventpage/300240590-cashswing-2025
300766630	Southern Lights Swing	2/26/26	3/2/26	Hobart, Australia	True		https://danceconvention.net/eventdirector/en/eventpage/300766630-southern-lights-swing
300804490	Swing & Snow 2026	2/5/26	2/8/26	St.Petersburg, Russia	True		https://danceconvention.net/eventdirector/en/eventpage/300804490-swing-snow-2026
301201931	BRAZUKA WINTER CUP 2026	2/6/26	2/8/26	Moscow, Russia	True		https://danceconvention.net/eventdirector/en/eventpage/301201931-brazuka-winter-cup-2026
8637240	WesterOz Swing	2/7/25	2/9/25	Perth, Australia	True	WSDC	https://danceconvention.net/eventdirector/en/eventpage/8637240-westeroz-swing
301189301	Remix with Ariel & Jesse	2/7/26	2/8/26	Dallas, Texas	False		https://danceconvention.net/eventdirector/en/eventpage/301189301-remix-with-ariel-jesse
300353221	BRAZUKA WINTER CUP 2025	2/8/25	2/8/25	Moscow, Russia	True	BZDC,WZR	https://danceconvention.net/eventdirector/en/eventpage/300353221-brazuka-winter-cup-2025
301115640	Spicy Spring Swing	3/20/26	3/22/26	Saint-Petersburg, Russia	True		https://danceconvention.net/eventdirector/en/eventpage/301115640-spicy-spring-swing
300240591	Spicy Spring Swing	3/21/25	3/23/25	Saint-Petersburg, Russia	True		https://danceconvention.net/eventdirector/en/eventpage/300240591-spicy-spring-swing
300486940	March Madness JNJ	3/22/25	3/22/25	Kuala Lumpur	True		https://danceconvention.net/eventdirector/en/eventpage/300486940-march-madness-jnj
300907271	Cinema Swing Fest: Sherlock	3/28/26	3/29/26	Россия, Москва, Лисоборье	True		https://danceconvention.net/eventdirector/en/eventpage/300907271-cinema-swing-fest-sherlock
300797311	Swingvasion IV (2026)	3/6/26	3/8/26	Wellington, New Zealand	True		https://danceconvention.net/eventdirector/en/eventpage/300797311-swingvasion-iv-2026
300011200	Swingvasion III (2025)	3/7/25	3/9/25	Wellington, New Zealand	True	WSDC	https://danceconvention.net/eventdirector/en/eventpage/300011200-swingvasion-iii-2025
300096840	Korean Open WCS Championships 2025	4/10/25	4/13/25	Incheon, South Korea	True	WSDC	https://danceconvention.net/eventdirector/en/eventpage/300096840-korean-open-wcs-championships-2025
301273272	BRAZUKA SPRING CUP 2026	4/10/26	4/12/26	Moscow, Russia	True		https://danceconvention.net/eventdirector/en/eventpage/301273272-brazuka-spring-cup-2026
300492720	BRAZUKA SPRING CUP 2025	4/12/25	4/12/25	Moscow, Russia	True	BZDC,WZR	https://danceconvention.net/eventdirector/en/eventpage/300492720-brazuka-spring-cup-2025
8590830	Asia WCS Open 2025	4/17/25	4/20/25	Singapore	True	WSDC	https://danceconvention.net/eventdirector/en/eventpage/8590830-asia-wcs-open-2025
301246450	Perth Tango Festival	4/17/26	4/17/26	Perth, Australia	False		https://danceconvention.net/eventdirector/en/eventpage/301246450-perth-tango-festival
301297970	VOLGA FLOW FESTIVAL 2026	4/18/26	4/19/26	Россия, Ульяновск	True		https://danceconvention.net/eventdirector/en/eventpage/301297970-volga-flow-festival-2026
301107621	HONEY FEST 2026	4/23/26	4/26/26	Ufa, Russia	True		https://danceconvention.net/eventdirector/en/eventpage/301107621-honey-fest-2026
300225910	HONEY FEST 2025	4/24/25	4/27/25	Ufa, Russia	True	WSDC	https://danceconvention.net/eventdirector/en/eventpage/300225910-honey-fest-2025
301246451	Zouk One Love 2026	4/30/26	5/3/26	St.Petersburg	True		https://danceconvention.net/eventdirector/en/eventpage/301246451-zouk-one-love-2026
300278470	Cinema Swing Fest: Wonderland	4/5/25	4/6/25	Россия, Москва, Лисоборье	True		https://danceconvention.net/eventdirector/en/eventpage/300278470-cinema-swing-fest-wonderland
301000840	The DownUnder Pros	4/9/26	4/12/26	Melbourne	False		https://danceconvention.net/eventdirector/en/eventpage/301000840-the-downunder-pros
300512920	Zouk One Love 2025	5/1/25	5/4/25	St.Petersburg	True	BZDC,WZR	https://danceconvention.net/eventdirector/en/eventpage/300512920-zouk-one-love-2025
300454681	BeeMAD 2025	5/1/25	5/4/25	Madrid, Spain	False	WSDC	https://danceconvention.net/eventdirector/en/eventpage/300454681-beemad-2025
300760260	Swingsation 2026	5/15/26	5/18/26	Gold Coast, Australia	True		https://danceconvention.net/eventdirector/en/eventpage/300760260-swingsation-2026
300134480	Sea Breeze Modern Jive Weekend	5/2/25	5/3/25	Wamberal Surf Club, Central Coast, NSW	False		https://danceconvention.net/eventdirector/en/eventpage/300134480-sea-breeze-modern-jive-weekend
300922870	Riga Swings Back	5/21/26	5/25/26	Riga, Latvia	False		https://danceconvention.net/eventdirector/en/eventpage/300922870-riga-swings-back
301330270	Life Is Life 2026	5/30/26	5/31/26	Moscow, Russia	True		https://danceconvention.net/eventdirector/en/eventpage/301330270-life-is-life-2026
300568811	Life Is Life	5/31/25	6/1/25	Moscow, Russia	True		https://danceconvention.net/eventdirector/en/eventpage/300568811-life-is-life
301229000	Sunzouk Festival	5/8/26	5/11/26	Vladivostok, Russia	False		https://danceconvention.net/eventdirector/en/eventpage/301229000-sunzouk-festival
8652740	Swingsation 2025	5/9/25	5/11/25	Gold Coast, Australia	True	WSDC	https://danceconvention.net/eventdirector/en/eventpage/8652740-swingsation-2025
301354440	Nezhny Nizhny Zouk Festival 2026	6/11/26	6/14/26	Нижний Новгород	True		https://danceconvention.net/eventdirector/en/eventpage/301354440-nezhny-nizhny-zouk-festival-2026
300821001	⚡️Australian Ceroc Dance Championships (ACDC)	6/12/26	6/14/26	The Polish Club Ashfield, Sydney, Australia	False		https://danceconvention.net/eventdirector/en/eventpage/300821001-australian-ceroc-dance-championships-acdc
301387080	BRAZUKA SUMMER CUP 2026	6/19/26	6/21/26	Moscow, Russia	True		https://danceconvention.net/eventdirector/en/eventpage/301387080-brazuka-summer-cup-2026
300677910	Judgement June High Low JNJ 2025	6/21/25	6/22/25	Kuala Lumpur	False		https://danceconvention.net/eventdirector/en/eventpage/300677910-judgement-june-high-low-jnj-2025
300568810	BRAZUKA SUMMER CUP 2025	6/21/25	6/21/25	Moscow, Russia	True	BZDC,WZR	https://danceconvention.net/eventdirector/en/eventpage/300568810-brazuka-summer-cup-2025
300460021	Australian Ceroc Dance Championships	6/6/25	6/8/25	Ashfield Polish Club, Sydney Australia	False		https://danceconvention.net/eventdirector/en/eventpage/300460021-australian-ceroc-dance-championships
300180840	MY Swing 2025	7/10/25	7/13/25	Kuala Lumpur, Malaysia	True	WSDC	https://danceconvention.net/eventdirector/en/eventpage/300180840-my-swing-2025
300454680	St.Petersburg WCS Nights 2025	7/16/25	7/20/25	St.Petersburg, Russia	True	WSDC	https://danceconvention.net/eventdirector/en/eventpage/300454680-stpetersburg-wcs-nights-2025
300045480	Neo Kizomba Festival 2026	7/16/26	7/20/26	Austin Southpark Hotel	False		https://danceconvention.net/eventdirector/en/eventpage/300045480-neo-kizomba-festival-2026
300818670	Revitalise WCS	7/16/26	7/19/26	Melbourne, VIC Australia	True		https://danceconvention.net/eventdirector/en/eventpage/300818670-revitalise-wcs
300163900	Revitalise WCS	7/18/25	7/20/25	Melbourne, VIC Australia	True	WSDC	https://danceconvention.net/eventdirector/en/eventpage/300163900-revitalise-wcs
301108262	Americano Dance Camp	7/2/26	7/6/26	Samara, Russia	True		https://danceconvention.net/eventdirector/en/eventpage/301108262-americano-dance-camp
301273271	St.Petersburg WCS Nights 2026	7/22/26	7/26/26	St.Petersburg, Russia	True		https://danceconvention.net/eventdirector/en/eventpage/301273271-stpetersburg-wcs-nights-2026
300388070	Swingesota Summer Spectacular 2025	7/25/25	7/27/25	Brooklyn Park, MN 55428	False	WSDC	https://danceconvention.net/eventdirector/en/eventpage/300388070-swingesota-summer-spectacular-2025
300139570	Americano Dance Camp 2025	7/3/25	7/7/25	Dubrava Park Hotel	True	WSDC	https://danceconvention.net/eventdirector/en/eventpage/300139570-americano-dance-camp-2025
300545780	Russian Zouk Congress and Championship 2025	7/30/25	8/6/25	Saint Petersburg, Russia	True	BZDC,WZR	https://danceconvention.net/eventdirector/en/eventpage/300545780-russian-zouk-congress-and-championship-2025
301226821	Swingesota Summer Spectacular 2026	7/31/26	8/3/26	Brooklyn Park, MN 55428	False		https://danceconvention.net/eventdirector/en/eventpage/301226821-swingesota-summer-spectacular-2026
301295390	ZvukiZouka	7/9/26	7/11/26	Kazan, Russia	True		https://danceconvention.net/eventdirector/en/eventpage/301295390-zvukizouka
300409020	Lisbon Westie Fest 2025	8/1/25	8/3/25	Lisbon - Portugal	False		https://danceconvention.net/eventdirector/en/eventpage/300409020-lisbon-westie-fest-2025
301439541	Tequila Blues Weekend 2026	8/13/26	8/15/26	Школа танцев ЛисоБорье	True		https://danceconvention.net/eventdirector/en/eventpage/301439541-tequila-blues-weekend-2026
301409520	ZoukoMore 2026	8/19/26	8/24/26	Владивосток	False		https://danceconvention.net/eventdirector/en/eventpage/301409520-zoukomore-2026
300687170	ZoukoMore 2025	8/20/25	8/25/25	Владивосток	True	BZDC,WZR	https://danceconvention.net/eventdirector/en/eventpage/300687170-zoukomore-2025
301107622	Shakedown Swing 2026	8/20/26	8/24/26	Ōtautahi Christchurch New Zealand	True		https://danceconvention.net/eventdirector/en/eventpage/301107622-shakedown-swing-2026
300647280	Swing Dance Mania	8/21/25	8/24/25	Cincinnati Ohio	True	WSDC	https://danceconvention.net/eventdirector/en/eventpage/300647280-swing-dance-mania
300472730	Shakedown Swing 2025	8/22/25	8/24/25	Ōtautahi Christchurch New Zealand	True	WSDC	https://danceconvention.net/eventdirector/en/eventpage/300472730-shakedown-swing-2025
301184800	🔥 IGNITE QMJC 2026 (Dance Champs Weekend)	8/28/26	8/30/26	Australia	False		https://danceconvention.net/eventdirector/en/eventpage/301184800--ignite-qmjc-2026-dance-champs-weekend
301509911	BRAZUKA AUTUMN CUP 2026	8/28/26	8/30/26	Moscow, Russia	False		https://danceconvention.net/eventdirector/en/eventpage/301509911-brazuka-autumn-cup-2026
301440970	Russian Zouk Congress and Championship 2026	8/6/26	8/9/26	Saint Petersburg, Russia	True		https://danceconvention.net/eventdirector/en/eventpage/301440970-russian-zouk-congress-and-championship-2026
301290590	Sea Breeze Modern Jive Weekend	8/7/26	8/9/26	Lake Macquarie	False		https://danceconvention.net/eventdirector/en/eventpage/301290590-sea-breeze-modern-jive-weekend
300768820	BRAZUKA AUTUMN CUP 2025	8/8/25	8/10/25	Moscow, Russia	False	BZDC,WZR	https://danceconvention.net/eventdirector/en/eventpage/300768820-brazuka-autumn-cup-2025
300473490	IGNITE QMJC 2025 (Dance Champs Weekend)	8/8/25	8/10/25	Australia	False		https://danceconvention.net/eventdirector/en/eventpage/300473490-ignite-qmjc-2025-dance-champs-weekend
300349130	Best Of The Best 2025	9/11/25	9/15/25	Sydney, Australia	True	WSDC	https://danceconvention.net/eventdirector/en/eventpage/300349130-best-of-the-best-2025
300599470	Austin Rocks | ATX ROX 2025 - West Coast Swing Magic	9/19/25	9/21/25	Austin, Texas	True	WSDC	https://danceconvention.net/eventdirector/en/eventpage/300599470-austin-rocks-atx-rox-2025---west-coast-swing-magic
301273270	KOREA WESTIVAL 2026_10th Anniversary	9/3/26	9/6/26	Jeju Island, South Korea at Jeju Buyeong Hotel & Resort	False		https://danceconvention.net/eventdirector/en/eventpage/301273270-korea-westival-202610th-anniversary
300698151	Sea Dance Fest 2025	9/4/25	9/8/25	Московская область	True	WSDC	https://danceconvention.net/eventdirector/en/eventpage/300698151-sea-dance-fest-2025
300460020	Korea Westival 2025	9/4/25	9/7/25	Seoul, South Korea	True	WSDC	https://danceconvention.net/eventdirector/en/eventpage/300460020-korea-westival-2025
300904280	Zouk Championship Summer Edition 2025	9/6/25	9/7/25	Novosibirsk, Russia	True	BZDC,WZR	https://danceconvention.net/eventdirector/en/eventpage/300904280-zouk-championship-summer-edition-2025
