count,kind,subject_kind,summary
100,ambiguous_entry,entry,"Multiple entries share a contest, role, and normalized name"
4,conflict,callback,Eliminated callback conflicts with later-round participation
1,conflict,contest,Conflicting contest name for 2026-02-capital-swing/champion-jj
1,conflict,contest,Conflicting contest name for 2026-06-disco-america/advanced-pro-am-follower-3-dance
1,conflict,contest,Conflicting contest name for 2026-06-disco-america/intermediate-pro-am-follower-3-dance
1,conflict,contest,Conflicting contest name for 2026-06-disco-america/intermediate-pro-am-leader-3-dance
1,conflict,contest,Conflicting contest name for 2026-06-disco-america/novice-pro-am-follower-3-dance
1,conflict,contest,Conflicting contest name for 2026-06-disco-america/novice-pro-am-leader-3-dance
1,conflict,contest,Conflicting contest name for 2026-07-phoenix-of-july/allstar-strictly
1,conflict,entry,Conflicting name_raw for 2025-02-capital-swing/all-american-j-j/L-533
1,conflict,entry,Conflicting name_raw for 2025-02-capital-swing/all-american-j-j/L-663
1,conflict,entry,Conflicting name_raw for 2025-03-boston-tea-party/novice-strictly/C-478
1,conflict,entry,Conflicting name_raw for 2025-06-jack-jill-o-rama/all-american-60s-era-j-j/L-2
1,conflict,entry,Conflicting name_raw for 2025-06-jack-jill-o-rama/all-american-60s-era-j-j/L-315
1,conflict,entry,Conflicting name_raw for 2025-06-liberty-swing/intermediate-strictly/C-145
1,conflict,entry,Conflicting name_raw for 2025-07-wild-wild-westie/advanced-jj/L-89
1,conflict,entry,Conflicting name_raw for 2025-11-midnight-madness/all-madness-j-j/L-326
1,conflict,entry,Conflicting name_raw for 2025-11-midnight-madness/all-madness-j-j/L-358
1,conflict,entry,Conflicting name_raw for 2025-11-midnight-madness/all-madness-j-j/L-808
1,conflict,entry,Conflicting name_raw for 2025-11-midnight-madness/all-madness-j-j/L-818
1,conflict,entry,Conflicting name_raw for 2025-11-midnight-madness/all-madness-j-j/L-869
1,conflict,entry,Conflicting name_raw for 2025-11-midnight-madness/all-madness-j-j/L-884
1,conflict,entry,Conflicting name_raw for 2025-11-midnight-madness/all-madness-j-j/L-915
1,conflict,entry,Conflicting name_raw for 2025-11-midnight-madness/all-madness-j-j/L-926
1,conflict,entry,Conflicting name_raw for 2025-11-midnight-madness/all-madness-j-j/L-951
1,conflict,entry,Conflicting name_raw for 2025-11-midnight-madness/all-madness-j-j/L-974
1,conflict,entry,Conflicting name_raw for 2026-02-capital-swing/masters-jj/L-466
1,conflict,entry,Conflicting name_raw for 2026-03-h-town-throw-down/all-american-j-j/L-118
1,conflict,entry,Conflicting name_raw for 2026-03-h-town-throw-down/all-american-j-j/L-173
1,conflict,entry,Conflicting name_raw for 2026-05-gateway-swing-classic/invitational-jj/F-tbd
1,conflict,entry,Conflicting name_raw for 2026-05-gateway-swing-classic/invitational-jj/L-tbd
1,conflict,entry,Conflicting name_raw for 2026-05-gateway-swing-classic/jj-all-american/C-137
1,conflict,entry,Conflicting name_raw for 2026-05-gateway-swing-classic/jj-all-american/C-194
1,conflict,entry,Conflicting name_raw for 2026-05-gateway-swing-classic/jj-all-american/C-196
1,conflict,entry,Conflicting name_raw for 2026-05-gateway-swing-classic/jj-all-american/C-218
1,conflict,entry,Conflicting name_raw for 2026-05-gateway-swing-classic/jj-all-american/C-356
1,conflict,entry,Conflicting name_raw for 2026-05-michigan-classic/novice-jj/F-57
1,conflict,entry,Conflicting name_raw for 2026-07-phoenix-of-july/allstar-jj/L-55
1,conflict,entry,Conflicting name_raw for 2026-07-phoenix-of-july/intermediate-jj/L-1064
305,conflict,mark,Conflicting callback marks for one entry and judge
303,conflict,registry_placement,Registry contains conflicting placement claims for one key
4,conflict,source_event,Source event edition year contradicts its date
1,missing_identity,round,Redacted WDR entrant without a bib omitted
1,parse_failure,watch,expected scoring.dance links are missing
13,parse_warning,watch,WDR S<n> callback value is preserved without interpretation
13,parse_warning,watch,WDR finals Bib # is preserved without assigning it to a partner
881,registry_diff,dancer,Mirror dancer absent from registry dump
350,registry_diff,dancer,Registry dump differs from mirror
1,unknown_enum,mark,Unknown callback mark '10.6433'
51,unknown_enum,mark,Unknown callback mark '11'
1,unknown_enum,mark,Unknown callback mark '11.2205'
1,unknown_enum,mark,Unknown callback mark '11.4735'
1,unknown_enum,mark,Unknown callback mark '11.6539'
1,unknown_enum,mark,Unknown callback mark '11.7813'
1,unknown_enum,mark,Unknown callback mark '11.9317'
51,unknown_enum,mark,Unknown callback mark '12'
2,unknown_enum,mark,Unknown callback mark '12.5'
1,unknown_enum,mark,Unknown callback mark '12.6092'
1,unknown_enum,mark,Unknown callback mark '12.7'
1,unknown_enum,mark,Unknown callback mark '12.8135'
1,unknown_enum,mark,Unknown callback mark '12.9115'
1,unknown_enum,mark,Unknown callback mark '12.9435'
37,unknown_enum,mark,Unknown callback mark '13'
1,unknown_enum,mark,Unknown callback mark '13.1657'
1,unknown_enum,mark,Unknown callback mark '13.2'
1,unknown_enum,mark,Unknown callback mark '13.2805'
1,unknown_enum,mark,Unknown callback mark '13.7565'
1,unknown_enum,mark,Unknown callback mark '13.826'
1,unknown_enum,mark,Unknown callback mark '13.9'
32,unknown_enum,mark,Unknown callback mark '14'
1,unknown_enum,mark,Unknown callback mark '14-SVW'
1,unknown_enum,mark,Unknown callback mark '14.0435'
3,unknown_enum,mark,Unknown callback mark '14.3'
1,unknown_enum,mark,Unknown callback mark '14.3862'
1,unknown_enum,mark,Unknown callback mark '14.6179'
2,unknown_enum,mark,Unknown callback mark '14.7'
1,unknown_enum,mark,Unknown callback mark '14.8535'
1,unknown_enum,mark,Unknown callback mark '14.9661'
32,unknown_enum,mark,Unknown callback mark '15'
1,unknown_enum,mark,Unknown callback mark '15.1'
1,unknown_enum,mark,Unknown callback mark '15.2446'
1,unknown_enum,mark,Unknown callback mark '15.5'
1,unknown_enum,mark,Unknown callback mark '15.7'
1,unknown_enum,mark,Unknown callback mark '15.7943'
1,unknown_enum,mark,Unknown callback mark '15.8'
33,unknown_enum,mark,Unknown callback mark '16'
1,unknown_enum,mark,Unknown callback mark '16.3'
1,unknown_enum,mark,Unknown callback mark '16.3431'
1,unknown_enum,mark,Unknown callback mark '16.4'
1,unknown_enum,mark,Unknown callback mark '16.445'
1,unknown_enum,mark,Unknown callback mark '16.4558'
1,unknown_enum,mark,Unknown callback mark '16.8987'
1,unknown_enum,mark,Unknown callback mark '16.901'
77,unknown_enum,mark,Unknown callback mark '17'
1,unknown_enum,mark,Unknown callback mark '17.1747'
1,unknown_enum,mark,Unknown callback mark '17.1771'
1,unknown_enum,mark,Unknown callback mark '17.7'
1,unknown_enum,mark,Unknown callback mark '17.7269'
23,unknown_enum,mark,Unknown callback mark '18'
1,unknown_enum,mark,Unknown callback mark '18.0053'
1,unknown_enum,mark,Unknown callback mark '18.2'
1,unknown_enum,mark,Unknown callback mark '18.22'
1,unknown_enum,mark,Unknown callback mark '18.4335'
1,unknown_enum,mark,Unknown callback mark '18.5012'
1,unknown_enum,mark,Unknown callback mark '18.7513'
1,unknown_enum,mark,Unknown callback mark '18.8313'
1,unknown_enum,mark,Unknown callback mark '18.9'
23,unknown_enum,mark,Unknown callback mark '19'
1,unknown_enum,mark,Unknown callback mark '19.3'
1,unknown_enum,mark,Unknown callback mark '19.3445'
1,unknown_enum,mark,Unknown callback mark '19.3834'
1,unknown_enum,mark,Unknown callback mark '19.4'
1,unknown_enum,mark,Unknown callback mark '19.5'
1,unknown_enum,mark,Unknown callback mark '19.7'
2,unknown_enum,mark,Unknown callback mark '19.9379'
56,unknown_enum,mark,Unknown callback mark '2'
24,unknown_enum,mark,Unknown callback mark '20'
1,unknown_enum,mark,Unknown callback mark '20.1213'
2,unknown_enum,mark,Unknown callback mark '20.2'
2,unknown_enum,mark,Unknown callback mark '20.4878'
2,unknown_enum,mark,Unknown callback mark '20.5'
138,unknown_enum,mark,Unknown callback mark '21'
4,unknown_enum,mark,Unknown callback mark '21-SV'
1,unknown_enum,mark,Unknown callback mark '21.1'
1,unknown_enum,mark,Unknown callback mark '21.2085'
1,unknown_enum,mark,Unknown callback mark '21.6'
1,unknown_enum,mark,Unknown callback mark '21.8682'
1,unknown_enum,mark,Unknown callback mark '21.8704'
14,unknown_enum,mark,Unknown callback mark '22'
1,unknown_enum,mark,Unknown callback mark '22.1465'
1,unknown_enum,mark,Unknown callback mark '22.3'
1,unknown_enum,mark,Unknown callback mark '22.4'
1,unknown_enum,mark,Unknown callback mark '22.6964'
1,unknown_enum,mark,Unknown callback mark '22.6986'
1,unknown_enum,mark,Unknown callback mark '22.7'
1,unknown_enum,mark,Unknown callback mark '22.9'
14,unknown_enum,mark,Unknown callback mark '23'
1,unknown_enum,mark,Unknown callback mark '23.0236'
2,unknown_enum,mark,Unknown callback mark '23.1'
2,unknown_enum,mark,Unknown callback mark '23.2'
1,unknown_enum,mark,Unknown callback mark '23.2211'
1,unknown_enum,mark,Unknown callback mark '23.2338'
1,unknown_enum,mark,Unknown callback mark '23.2486'
1,unknown_enum,mark,Unknown callback mark '23.446'
1,unknown_enum,mark,Unknown callback mark '23.5'
1,unknown_enum,mark,Unknown callback mark '23.5269'
1,unknown_enum,mark,Unknown callback mark '23.7425'
1,unknown_enum,mark,Unknown callback mark '23.8664'
7,unknown_enum,mark,Unknown callback mark '24'
1,unknown_enum,mark,Unknown callback mark '24.3529'
1,unknown_enum,mark,Unknown callback mark '24.3551'
1,unknown_enum,mark,Unknown callback mark '24.4521'
1,unknown_enum,mark,Unknown callback mark '24.6'
1,unknown_enum,mark,Unknown callback mark '24.629'
1,unknown_enum,mark,Unknown callback mark '24.6312'
1,unknown_enum,mark,Unknown callback mark '24.7'
1,unknown_enum,mark,Unknown callback mark '24.8'
1,unknown_enum,mark,Unknown callback mark '24.9'
1,unknown_enum,mark,Unknown callback mark '24.9282'
9,unknown_enum,mark,Unknown callback mark '25'
1,unknown_enum,mark,Unknown callback mark '25.1812'
1,unknown_enum,mark,Unknown callback mark '25.4594'
1,unknown_enum,mark,Unknown callback mark '25.5765'
1,unknown_enum,mark,Unknown callback mark '25.6'
1,unknown_enum,mark,Unknown callback mark '25.6221'
1,unknown_enum,mark,Unknown callback mark '25.6429'
1,unknown_enum,mark,Unknown callback mark '25.7396'
1,unknown_enum,mark,Unknown callback mark '25.8'
83,unknown_enum,mark,Unknown callback mark '26'
1,unknown_enum,mark,Unknown callback mark '26.0095'
1,unknown_enum,mark,Unknown callback mark '26.2'
1,unknown_enum,mark,Unknown callback mark '26.4'
1,unknown_enum,mark,Unknown callback mark '26.4817'
1,unknown_enum,mark,Unknown callback mark '26.5'
1,unknown_enum,mark,Unknown callback mark '26.7'
1,unknown_enum,mark,Unknown callback mark '26.9'
1,unknown_enum,mark,Unknown callback mark '27.2769'
1,unknown_enum,mark,Unknown callback mark '27.3668'
1,unknown_enum,mark,Unknown callback mark '27.4'
1,unknown_enum,mark,Unknown callback mark '27.4574'
1,unknown_enum,mark,Unknown callback mark '27.6095'
2,unknown_enum,mark,Unknown callback mark '27.666'
1,unknown_enum,mark,Unknown callback mark '27.8'
1,unknown_enum,mark,Unknown callback mark '28.1'
1,unknown_enum,mark,Unknown callback mark '28.118'
1,unknown_enum,mark,Unknown callback mark '28.1277'
1,unknown_enum,mark,Unknown callback mark '28.2'
1,unknown_enum,mark,Unknown callback mark '28.4'
1,unknown_enum,mark,Unknown callback mark '28.4962'
1,unknown_enum,mark,Unknown callback mark '28.5'
1,unknown_enum,mark,Unknown callback mark '28.6'
1,unknown_enum,mark,Unknown callback mark '28.7'
1,unknown_enum,mark,Unknown callback mark '28.7641'
2,unknown_enum,mark,Unknown callback mark '28.8'
2,unknown_enum,mark,Unknown callback mark '28.9'
1,unknown_enum,mark,Unknown callback mark '29.0464'
2,unknown_enum,mark,Unknown callback mark '29.1'
2,unknown_enum,mark,Unknown callback mark '29.3'
1,unknown_enum,mark,Unknown callback mark '29.3245'
1,unknown_enum,mark,Unknown callback mark '29.41'
1,unknown_enum,mark,Unknown callback mark '29.5794'
3,unknown_enum,mark,Unknown callback mark '29.6'
1,unknown_enum,mark,Unknown callback mark '29.8746'
1,unknown_enum,mark,Unknown callback mark '30.1507'
2,unknown_enum,mark,Unknown callback mark '30.2'
2,unknown_enum,mark,Unknown callback mark '30.3'
2,unknown_enum,mark,Unknown callback mark '30.4'
1,unknown_enum,mark,Unknown callback mark '30.4268'
1,unknown_enum,mark,Unknown callback mark '30.4298'
1,unknown_enum,mark,Unknown callback mark '30.6'
1,unknown_enum,mark,Unknown callback mark '30.7'
1,unknown_enum,mark,Unknown callback mark '30.8295'
1,unknown_enum,mark,Unknown callback mark '31'
1,unknown_enum,mark,Unknown callback mark '31.1'
2,unknown_enum,mark,Unknown callback mark '31.2'
1,unknown_enum,mark,Unknown callback mark '31.2551'
3,unknown_enum,mark,Unknown callback mark '31.3'
1,unknown_enum,mark,Unknown callback mark '31.6461'
1,unknown_enum,mark,Unknown callback mark '32'
2,unknown_enum,mark,Unknown callback mark '32.1'
1,unknown_enum,mark,Unknown callback mark '32.3'
1,unknown_enum,mark,Unknown callback mark '32.3239'
1,unknown_enum,mark,Unknown callback mark '32.3613'
1,unknown_enum,mark,Unknown callback mark '32.4'
1,unknown_enum,mark,Unknown callback mark '32.5'
4,unknown_enum,mark,Unknown callback mark '32.6'
1,unknown_enum,mark,Unknown callback mark '32.6355'
2,unknown_enum,mark,Unknown callback mark '32.9'
1,unknown_enum,mark,Unknown callback mark '33.204'
1,unknown_enum,mark,Unknown callback mark '33.4'
1,unknown_enum,mark,Unknown callback mark '33.5'
1,unknown_enum,mark,Unknown callback mark '33.6765'
2,unknown_enum,mark,Unknown callback mark '33.7'
1,unknown_enum,mark,Unknown callback mark '33.7398'
1,unknown_enum,mark,Unknown callback mark '33.7417'
1,unknown_enum,mark,Unknown callback mark '33.9'
2,unknown_enum,mark,Unknown callback mark '34.2'
1,unknown_enum,mark,Unknown callback mark '34.2291'
1,unknown_enum,mark,Unknown callback mark '34.2362'
1,unknown_enum,mark,Unknown callback mark '34.4'
1,unknown_enum,mark,Unknown callback mark '34.673'
1,unknown_enum,mark,Unknown callback mark '34.7704'
1,unknown_enum,mark,Unknown callback mark '34.846'
2,unknown_enum,mark,Unknown callback mark '35'
1,unknown_enum,mark,Unknown callback mark '35.0497'
1,unknown_enum,mark,Unknown callback mark '35.3'
2,unknown_enum,mark,Unknown callback mark '35.4'
1,unknown_enum,mark,Unknown callback mark '35.4823'
2,unknown_enum,mark,Unknown callback mark '35.7'
2,unknown_enum,mark,Unknown callback mark '35.9'
1,unknown_enum,mark,Unknown callback mark '35.9485'
3,unknown_enum,mark,Unknown callback mark '36'
3,unknown_enum,mark,Unknown callback mark '36.1'
1,unknown_enum,mark,Unknown callback mark '36.2246'
1,unknown_enum,mark,Unknown callback mark '36.3'
3,unknown_enum,mark,Unknown callback mark '36.4'
1,unknown_enum,mark,Unknown callback mark '36.5007'
2,unknown_enum,mark,Unknown callback mark '36.7'
2,unknown_enum,mark,Unknown callback mark '36.8'
1,unknown_enum,mark,Unknown callback mark '36.9'
2,unknown_enum,mark,Unknown callback mark '37'
1,unknown_enum,mark,Unknown callback mark '37.0528'
1,unknown_enum,mark,Unknown callback mark '37.0546'
1,unknown_enum,mark,Unknown callback mark '37.1644'
4,unknown_enum,mark,Unknown callback mark '37.3'
1,unknown_enum,mark,Unknown callback mark '37.6'
1,unknown_enum,mark,Unknown callback mark '37.8568'
1,unknown_enum,mark,Unknown callback mark '37.8622'
1,unknown_enum,mark,Unknown callback mark '37.8811'
2,unknown_enum,mark,Unknown callback mark '37.9'
1,unknown_enum,mark,Unknown callback mark '38'
1,unknown_enum,mark,Unknown callback mark '38.1'
1,unknown_enum,mark,Unknown callback mark '38.2'
1,unknown_enum,mark,Unknown callback mark '38.3'
1,unknown_enum,mark,Unknown callback mark '38.561'
1,unknown_enum,mark,Unknown callback mark '38.7'
1,unknown_enum,mark,Unknown callback mark '38.8'
2,unknown_enum,mark,Unknown callback mark '39.1'
1,unknown_enum,mark,Unknown callback mark '39.3'
3,unknown_enum,mark,Unknown callback mark '39.5'
1,unknown_enum,mark,Unknown callback mark '39.614'
2,unknown_enum,mark,Unknown callback mark '39.8'
1,unknown_enum,mark,Unknown callback mark '39.8137'
1,unknown_enum,mark,Unknown callback mark '39.9934'
56,unknown_enum,mark,Unknown callback mark '4'
1,unknown_enum,mark,Unknown callback mark '40'
1,unknown_enum,mark,Unknown callback mark '40.0914'
1,unknown_enum,mark,Unknown callback mark '40.3'
1,unknown_enum,mark,Unknown callback mark '40.3658'
1,unknown_enum,mark,Unknown callback mark '40.4831'
5,unknown_enum,mark,Unknown callback mark '40.8'
1,unknown_enum,mark,Unknown callback mark '40.918'
1,unknown_enum,mark,Unknown callback mark '40.9197'
1,unknown_enum,mark,Unknown callback mark '41.1201'
1,unknown_enum,mark,Unknown callback mark '41.1957'
2,unknown_enum,mark,Unknown callback mark '41.2'
1,unknown_enum,mark,Unknown callback mark '41.313'
1,unknown_enum,mark,Unknown callback mark '41.4'
1,unknown_enum,mark,Unknown callback mark '41.5335'
1,unknown_enum,mark,Unknown callback mark '41.7479'
1,unknown_enum,mark,Unknown callback mark '41.9921'
1,unknown_enum,mark,Unknown callback mark '42.0234'
1,unknown_enum,mark,Unknown callback mark '42.1'
2,unknown_enum,mark,Unknown callback mark '42.3'
1,unknown_enum,mark,Unknown callback mark '42.4'
2,unknown_enum,mark,Unknown callback mark '42.5745'
1,unknown_enum,mark,Unknown callback mark '42.6'
2,unknown_enum,mark,Unknown callback mark '42.8'
1,unknown_enum,mark,Unknown callback mark '43.1'
1,unknown_enum,mark,Unknown callback mark '43.1267'
1,unknown_enum,mark,Unknown callback mark '43.2959'
1,unknown_enum,mark,Unknown callback mark '43.6'
1,unknown_enum,mark,Unknown callback mark '43.796'
2,unknown_enum,mark,Unknown callback mark '43.8'
1,unknown_enum,mark,Unknown callback mark '44.0522'
3,unknown_enum,mark,Unknown callback mark '44.2'
1,unknown_enum,mark,Unknown callback mark '44.2287'
1,unknown_enum,mark,Unknown callback mark '44.3523'
1,unknown_enum,mark,Unknown callback mark '44.4'
1,unknown_enum,mark,Unknown callback mark '44.5086'
2,unknown_enum,mark,Unknown callback mark '44.7'
1,unknown_enum,mark,Unknown callback mark '44.8'
1,unknown_enum,mark,Unknown callback mark '44.9'
2,unknown_enum,mark,Unknown callback mark '45'
1,unknown_enum,mark,Unknown callback mark '45.1'
1,unknown_enum,mark,Unknown callback mark '45.2273'
1,unknown_enum,mark,Unknown callback mark '45.3'
1,unknown_enum,mark,Unknown callback mark '45.3092'
1,unknown_enum,mark,Unknown callback mark '45.3354'
2,unknown_enum,mark,Unknown callback mark '45.5'
2,unknown_enum,mark,Unknown callback mark '45.6'
1,unknown_enum,mark,Unknown callback mark '45.6114'
1,unknown_enum,mark,Unknown callback mark '45.6115'
2,unknown_enum,mark,Unknown callback mark '45.7'
1,unknown_enum,mark,Unknown callback mark '45.8'
1,unknown_enum,mark,Unknown callback mark '45.8875'
2,unknown_enum,mark,Unknown callback mark '45.9'
3,unknown_enum,mark,Unknown callback mark '46.1'
1,unknown_enum,mark,Unknown callback mark '46.1255'
1,unknown_enum,mark,Unknown callback mark '46.2'
1,unknown_enum,mark,Unknown callback mark '46.4'
1,unknown_enum,mark,Unknown callback mark '46.457'
1,unknown_enum,mark,Unknown callback mark '46.5'
1,unknown_enum,mark,Unknown callback mark '46.7'
2,unknown_enum,mark,Unknown callback mark '46.8'
1,unknown_enum,mark,Unknown callback mark '46.9933'
1,unknown_enum,mark,Unknown callback mark '46.9964'
1,unknown_enum,mark,Unknown callback mark '47'
1,unknown_enum,mark,Unknown callback mark '47.0794'
1,unknown_enum,mark,Unknown callback mark '47.1'
1,unknown_enum,mark,Unknown callback mark '47.2764'
2,unknown_enum,mark,Unknown callback mark '47.3'
1,unknown_enum,mark,Unknown callback mark '47.3101'
1,unknown_enum,mark,Unknown callback mark '47.5'
1,unknown_enum,mark,Unknown callback mark '47.6'
1,unknown_enum,mark,Unknown callback mark '47.7'
1,unknown_enum,mark,Unknown callback mark '47.729'
1,unknown_enum,mark,Unknown callback mark '47.8216'
1,unknown_enum,mark,Unknown callback mark '47.8464'
2,unknown_enum,mark,Unknown callback mark '47.9'
1,unknown_enum,mark,Unknown callback mark '48'
1,unknown_enum,mark,Unknown callback mark '48.1'
1,unknown_enum,mark,Unknown callback mark '48.2'
1,unknown_enum,mark,Unknown callback mark '48.3'
2,unknown_enum,mark,Unknown callback mark '48.4'
1,unknown_enum,mark,Unknown callback mark '48.6142'
1,unknown_enum,mark,Unknown callback mark '48.7063'
1,unknown_enum,mark,Unknown callback mark '48.7327'
1,unknown_enum,mark,Unknown callback mark '48.8'
1,unknown_enum,mark,Unknown callback mark '48.8245'
3,unknown_enum,mark,Unknown callback mark '48.9'
3,unknown_enum,mark,Unknown callback mark '49'
2,unknown_enum,mark,Unknown callback mark '49.2'
1,unknown_enum,mark,Unknown callback mark '49.5658'
1,unknown_enum,mark,Unknown callback mark '49.5906'
2,unknown_enum,mark,Unknown callback mark '49.6'
1,unknown_enum,mark,Unknown callback mark '49.6517'
1,unknown_enum,mark,Unknown callback mark '49.7'
1,unknown_enum,mark,Unknown callback mark '49.7527'
1,unknown_enum,mark,Unknown callback mark '49.7541'
2,unknown_enum,mark,Unknown callback mark '49.8'
51,unknown_enum,mark,Unknown callback mark '5'
1,unknown_enum,mark,Unknown callback mark '5.1'
1,unknown_enum,mark,Unknown callback mark '5.5'
3,unknown_enum,mark,Unknown callback mark '50'
1,unknown_enum,mark,Unknown callback mark '50.1'
1,unknown_enum,mark,Unknown callback mark '50.2'
2,unknown_enum,mark,Unknown callback mark '50.4'
1,unknown_enum,mark,Unknown callback mark '50.5'
1,unknown_enum,mark,Unknown callback mark '50.6'
2,unknown_enum,mark,Unknown callback mark '50.7'
2,unknown_enum,mark,Unknown callback mark '50.9'
1,unknown_enum,mark,Unknown callback mark '50.9785'
1,unknown_enum,mark,Unknown callback mark '51'
3,unknown_enum,mark,Unknown callback mark '51.1'
1,unknown_enum,mark,Unknown callback mark '51.1331'
1,unknown_enum,mark,Unknown callback mark '51.3'
2,unknown_enum,mark,Unknown callback mark '51.4'
1,unknown_enum,mark,Unknown callback mark '51.4092'
3,unknown_enum,mark,Unknown callback mark '51.5'
1,unknown_enum,mark,Unknown callback mark '51.5929'
1,unknown_enum,mark,Unknown callback mark '51.6'
1,unknown_enum,mark,Unknown callback mark '51.6343'
1,unknown_enum,mark,Unknown callback mark '51.8'
2,unknown_enum,mark,Unknown callback mark '51.9'
1,unknown_enum,mark,Unknown callback mark '52.0418'
2,unknown_enum,mark,Unknown callback mark '52.2'
1,unknown_enum,mark,Unknown callback mark '52.2375'
1,unknown_enum,mark,Unknown callback mark '52.2878'
3,unknown_enum,mark,Unknown callback mark '52.5'
1,unknown_enum,mark,Unknown callback mark '52.5136'
1,unknown_enum,mark,Unknown callback mark '52.5148'
2,unknown_enum,mark,Unknown callback mark '52.6'
1,unknown_enum,mark,Unknown callback mark '52.7058'
1,unknown_enum,mark,Unknown callback mark '52.7896'
4,unknown_enum,mark,Unknown callback mark '52.8'
1,unknown_enum,mark,Unknown callback mark '52.9'
1,unknown_enum,mark,Unknown callback mark '53'
1,unknown_enum,mark,Unknown callback mark '53.1157'
1,unknown_enum,mark,Unknown callback mark '53.1837'
1,unknown_enum,mark,Unknown callback mark '53.2378'
1,unknown_enum,mark,Unknown callback mark '53.3894'
1,unknown_enum,mark,Unknown callback mark '53.4'
1,unknown_enum,mark,Unknown callback mark '53.5'
1,unknown_enum,mark,Unknown callback mark '53.6'
2,unknown_enum,mark,Unknown callback mark '53.6179'
1,unknown_enum,mark,Unknown callback mark '53.7'
1,unknown_enum,mark,Unknown callback mark '53.8'
2,unknown_enum,mark,Unknown callback mark '53.9'
1,unknown_enum,mark,Unknown callback mark '53.9561'
1,unknown_enum,mark,Unknown callback mark '53.9932'
1,unknown_enum,mark,Unknown callback mark '54.06'
1,unknown_enum,mark,Unknown callback mark '54.1'
1,unknown_enum,mark,Unknown callback mark '54.2'
2,unknown_enum,mark,Unknown callback mark '54.4'
1,unknown_enum,mark,Unknown callback mark '54.5194'
1,unknown_enum,mark,Unknown callback mark '54.6'
1,unknown_enum,mark,Unknown callback mark '54.6081'
1,unknown_enum,mark,Unknown callback mark '54.7'
1,unknown_enum,mark,Unknown callback mark '54.7972'
1,unknown_enum,mark,Unknown callback mark '54.7996'
1,unknown_enum,mark,Unknown callback mark '54.863'
2,unknown_enum,mark,Unknown callback mark '54.9'
1,unknown_enum,mark,Unknown callback mark '54.9995'
1,unknown_enum,mark,Unknown callback mark '55.2744'
1,unknown_enum,mark,Unknown callback mark '55.3'
1,unknown_enum,mark,Unknown callback mark '55.3457'
1,unknown_enum,mark,Unknown callback mark '55.4892'
3,unknown_enum,mark,Unknown callback mark '55.5'
1,unknown_enum,mark,Unknown callback mark '55.6'
1,unknown_enum,mark,Unknown callback mark '55.8278'
4,unknown_enum,mark,Unknown callback mark '55.9'
1,unknown_enum,mark,Unknown callback mark '55.9386'
1,unknown_enum,mark,Unknown callback mark '56'
1,unknown_enum,mark,Unknown callback mark '56.1038'
3,unknown_enum,mark,Unknown callback mark '56.2'
3,unknown_enum,mark,Unknown callback mark '56.4'
1,unknown_enum,mark,Unknown callback mark '56.5'
1,unknown_enum,mark,Unknown callback mark '56.7'
1,unknown_enum,mark,Unknown callback mark '56.873'
1,unknown_enum,mark,Unknown callback mark '56.9'
2,unknown_enum,mark,Unknown callback mark '57.1'
1,unknown_enum,mark,Unknown callback mark '57.1505'
2,unknown_enum,mark,Unknown callback mark '57.2'
1,unknown_enum,mark,Unknown callback mark '57.4'
1,unknown_enum,mark,Unknown callback mark '57.4727'
1,unknown_enum,mark,Unknown callback mark '57.497'
2,unknown_enum,mark,Unknown callback mark '57.5'
1,unknown_enum,mark,Unknown callback mark '57.6697'
1,unknown_enum,mark,Unknown callback mark '57.6907'
2,unknown_enum,mark,Unknown callback mark '57.7'
1,unknown_enum,mark,Unknown callback mark '57.7219'
1,unknown_enum,mark,Unknown callback mark '57.7603'
1,unknown_enum,mark,Unknown callback mark '57.8'
3,unknown_enum,mark,Unknown callback mark '58'
1,unknown_enum,mark,Unknown callback mark '58.0353'
2,unknown_enum,mark,Unknown callback mark '58.1'
1,unknown_enum,mark,Unknown callback mark '58.2'
1,unknown_enum,mark,Unknown callback mark '58.3'
4,unknown_enum,mark,Unknown callback mark '58.4'
2,unknown_enum,mark,Unknown callback mark '58.5'
1,unknown_enum,mark,Unknown callback mark '58.5579'
1,unknown_enum,mark,Unknown callback mark '58.5874'
1,unknown_enum,mark,Unknown callback mark '58.5885'
1,unknown_enum,mark,Unknown callback mark '58.6922'
1,unknown_enum,mark,Unknown callback mark '58.7'
1,unknown_enum,mark,Unknown callback mark '58.7005'
2,unknown_enum,mark,Unknown callback mark '58.9'
2,unknown_enum,mark,Unknown callback mark '59'
4,unknown_enum,mark,Unknown callback mark '59.1'
2,unknown_enum,mark,Unknown callback mark '59.2'
2,unknown_enum,mark,Unknown callback mark '59.3'
1,unknown_enum,mark,Unknown callback mark '59.3641'
1,unknown_enum,mark,Unknown callback mark '59.4157'
1,unknown_enum,mark,Unknown callback mark '59.4335'
3,unknown_enum,mark,Unknown callback mark '59.5'
1,unknown_enum,mark,Unknown callback mark '59.6'
1,unknown_enum,mark,Unknown callback mark '59.6928'
2,unknown_enum,mark,Unknown callback mark '59.8'
1,unknown_enum,mark,Unknown callback mark '59.8623'
3,unknown_enum,mark,Unknown callback mark '59.9'
1,unknown_enum,mark,Unknown callback mark '59.9678'
51,unknown_enum,mark,Unknown callback mark '6'
1,unknown_enum,mark,Unknown callback mark '6.0131'
1,unknown_enum,mark,Unknown callback mark '6.13'
1,unknown_enum,mark,Unknown callback mark '6.2475'
1,unknown_enum,mark,Unknown callback mark '6.6'
1,unknown_enum,mark,Unknown callback mark '6.7'
1,unknown_enum,mark,Unknown callback mark '6.88'
1,unknown_enum,mark,Unknown callback mark '6.91'
2,unknown_enum,mark,Unknown callback mark '60.2'
1,unknown_enum,mark,Unknown callback mark '60.245'
1,unknown_enum,mark,Unknown callback mark '60.3'
1,unknown_enum,mark,Unknown callback mark '60.4'
2,unknown_enum,mark,Unknown callback mark '60.5'
1,unknown_enum,mark,Unknown callback mark '60.5211'
1,unknown_enum,mark,Unknown callback mark '60.582'
1,unknown_enum,mark,Unknown callback mark '60.6042'
2,unknown_enum,mark,Unknown callback mark '60.7'
4,unknown_enum,mark,Unknown callback mark '60.9'
4,unknown_enum,mark,Unknown callback mark '61.1'
1,unknown_enum,mark,Unknown callback mark '61.3'
1,unknown_enum,mark,Unknown callback mark '61.5819'
1,unknown_enum,mark,Unknown callback mark '61.6'
1,unknown_enum,mark,Unknown callback mark '61.6243'
1,unknown_enum,mark,Unknown callback mark '61.6254'
1,unknown_enum,mark,Unknown callback mark '61.6633'
1,unknown_enum,mark,Unknown callback mark '61.7'
1,unknown_enum,mark,Unknown callback mark '61.9'
1,unknown_enum,mark,Unknown callback mark '62.1'
1,unknown_enum,mark,Unknown callback mark '62.1777'
1,unknown_enum,mark,Unknown callback mark '62.1785'
1,unknown_enum,mark,Unknown callback mark '62.4'
1,unknown_enum,mark,Unknown callback mark '62.4526'
1,unknown_enum,mark,Unknown callback mark '62.4556'
1,unknown_enum,mark,Unknown callback mark '62.5'
1,unknown_enum,mark,Unknown callback mark '62.5039'
1,unknown_enum,mark,Unknown callback mark '62.6367'
1,unknown_enum,mark,Unknown callback mark '62.6723'
1,unknown_enum,mark,Unknown callback mark '62.7'
1,unknown_enum,mark,Unknown callback mark '62.888'
1,unknown_enum,mark,Unknown callback mark '63.0048'
1,unknown_enum,mark,Unknown callback mark '63.1'
1,unknown_enum,mark,Unknown callback mark '63.1354'
1,unknown_enum,mark,Unknown callback mark '63.184'
1,unknown_enum,mark,Unknown callback mark '63.2818'
3,unknown_enum,mark,Unknown callback mark '63.4'
1,unknown_enum,mark,Unknown callback mark '63.5'
1,unknown_enum,mark,Unknown callback mark '63.6'
1,unknown_enum,mark,Unknown callback mark '63.623'
1,unknown_enum,mark,Unknown callback mark '63.7'
1,unknown_enum,mark,Unknown callback mark '63.742'
2,unknown_enum,mark,Unknown callback mark '63.8'
1,unknown_enum,mark,Unknown callback mark '64'
1,unknown_enum,mark,Unknown callback mark '64.1091'
1,unknown_enum,mark,Unknown callback mark '64.3861'
2,unknown_enum,mark,Unknown callback mark '64.5'
1,unknown_enum,mark,Unknown callback mark '64.6'
2,unknown_enum,mark,Unknown callback mark '64.7'
1,unknown_enum,mark,Unknown callback mark '64.7909'
2,unknown_enum,mark,Unknown callback mark '64.8'
2,unknown_enum,mark,Unknown callback mark '64.9'
1,unknown_enum,mark,Unknown callback mark '65.1'
1,unknown_enum,mark,Unknown callback mark '65.2'
1,unknown_enum,mark,Unknown callback mark '65.287'
5,unknown_enum,mark,Unknown callback mark '65.4'
1,unknown_enum,mark,Unknown callback mark '65.465'
1,unknown_enum,mark,Unknown callback mark '65.4904'
3,unknown_enum,mark,Unknown callback mark '65.7'
3,unknown_enum,mark,Unknown callback mark '65.8'
1,unknown_enum,mark,Unknown callback mark '66'
1,unknown_enum,mark,Unknown callback mark '66.1'
1,unknown_enum,mark,Unknown callback mark '66.1867'
1,unknown_enum,mark,Unknown callback mark '66.2'
1,unknown_enum,mark,Unknown callback mark '66.2826'
1,unknown_enum,mark,Unknown callback mark '66.2841'
1,unknown_enum,mark,Unknown callback mark '66.3'
1,unknown_enum,mark,Unknown callback mark '66.3178'
1,unknown_enum,mark,Unknown callback mark '66.3186'
1,unknown_enum,mark,Unknown callback mark '66.3283'
1,unknown_enum,mark,Unknown callback mark '66.4'
1,unknown_enum,mark,Unknown callback mark '66.509'
1,unknown_enum,mark,Unknown callback mark '66.5939'
1,unknown_enum,mark,Unknown callback mark '66.6'
1,unknown_enum,mark,Unknown callback mark '66.6903'
1,unknown_enum,mark,Unknown callback mark '66.8092'
1,unknown_enum,mark,Unknown callback mark '66.896'
1,unknown_enum,mark,Unknown callback mark '67.1'
1,unknown_enum,mark,Unknown callback mark '67.1467'
1,unknown_enum,mark,Unknown callback mark '67.1469'
1,unknown_enum,mark,Unknown callback mark '67.2'
1,unknown_enum,mark,Unknown callback mark '67.3'
1,unknown_enum,mark,Unknown callback mark '67.3597'
2,unknown_enum,mark,Unknown callback mark '67.4221'
1,unknown_enum,mark,Unknown callback mark '67.4231'
1,unknown_enum,mark,Unknown callback mark '67.6'
1,unknown_enum,mark,Unknown callback mark '67.699'
1,unknown_enum,mark,Unknown callback mark '67.7'
2,unknown_enum,mark,Unknown callback mark '67.8'
1,unknown_enum,mark,Unknown callback mark '67.9743'
1,unknown_enum,mark,Unknown callback mark '67.9761'
1,unknown_enum,mark,Unknown callback mark '68.039'
1,unknown_enum,mark,Unknown callback mark '68.185'
1,unknown_enum,mark,Unknown callback mark '68.2512'
1,unknown_enum,mark,Unknown callback mark '68.3'
1,unknown_enum,mark,Unknown callback mark '68.4'
3,unknown_enum,mark,Unknown callback mark '68.5'
1,unknown_enum,mark,Unknown callback mark '68.5265'
1,unknown_enum,mark,Unknown callback mark '68.5689'
1,unknown_enum,mark,Unknown callback mark '68.7'
1,unknown_enum,mark,Unknown callback mark '68.8033'
1,unknown_enum,mark,Unknown callback mark '69.0794'
1,unknown_enum,mark,Unknown callback mark '69.2005'
2,unknown_enum,mark,Unknown callback mark '69.3'
1,unknown_enum,mark,Unknown callback mark '69.3547'
1,unknown_enum,mark,Unknown callback mark '69.4'
1,unknown_enum,mark,Unknown callback mark '69.7'
1,unknown_enum,mark,Unknown callback mark '69.8106'
1,unknown_enum,mark,Unknown callback mark '69.8249'
52,unknown_enum,mark,Unknown callback mark '7'
1,unknown_enum,mark,Unknown callback mark '7.1'
1,unknown_enum,mark,Unknown callback mark '7.1328'
1,unknown_enum,mark,Unknown callback mark '7.4'
1,unknown_enum,mark,Unknown callback mark '7.5'
1,unknown_enum,mark,Unknown callback mark '7.53'
1,unknown_enum,mark,Unknown callback mark '7.6'
1,unknown_enum,mark,Unknown callback mark '7.79'
4,unknown_enum,mark,Unknown callback mark '7.8'
1,unknown_enum,mark,Unknown callback mark '7.85'
2,unknown_enum,mark,Unknown callback mark '7.9'
1,unknown_enum,mark,Unknown callback mark '7.92'
1,unknown_enum,mark,Unknown callback mark '70.1'
1,unknown_enum,mark,Unknown callback mark '70.1837'
1,unknown_enum,mark,Unknown callback mark '70.3'
1,unknown_enum,mark,Unknown callback mark '70.3055'
1,unknown_enum,mark,Unknown callback mark '70.3381'
1,unknown_enum,mark,Unknown callback mark '70.407'
1,unknown_enum,mark,Unknown callback mark '70.4732'
2,unknown_enum,mark,Unknown callback mark '70.5'
1,unknown_enum,mark,Unknown callback mark '70.6'
1,unknown_enum,mark,Unknown callback mark '70.7'
1,unknown_enum,mark,Unknown callback mark '70.9592'
1,unknown_enum,mark,Unknown callback mark '70.9728'
3,unknown_enum,mark,Unknown callback mark '71'
2,unknown_enum,mark,Unknown callback mark '71.1'
1,unknown_enum,mark,Unknown callback mark '71.1371'
4,unknown_enum,mark,Unknown callback mark '71.2'
1,unknown_enum,mark,Unknown callback mark '71.2605'
1,unknown_enum,mark,Unknown callback mark '71.3'
1,unknown_enum,mark,Unknown callback mark '71.4561'
2,unknown_enum,mark,Unknown callback mark '71.5'
1,unknown_enum,mark,Unknown callback mark '71.548'
1,unknown_enum,mark,Unknown callback mark '71.5938'
3,unknown_enum,mark,Unknown callback mark '71.8'
2,unknown_enum,mark,Unknown callback mark '71.9'
1,unknown_enum,mark,Unknown callback mark '71.9274'
1,unknown_enum,mark,Unknown callback mark '72'
1,unknown_enum,mark,Unknown callback mark '72.2'
2,unknown_enum,mark,Unknown callback mark '72.3'
1,unknown_enum,mark,Unknown callback mark '72.3916'
1,unknown_enum,mark,Unknown callback mark '72.6677'
2,unknown_enum,mark,Unknown callback mark '72.8'
1,unknown_enum,mark,Unknown callback mark '72.8411'
1,unknown_enum,mark,Unknown callback mark '72.9'
1,unknown_enum,mark,Unknown callback mark '72.9438'
1,unknown_enum,mark,Unknown callback mark '72.9448'
2,unknown_enum,mark,Unknown callback mark '73.00'
1,unknown_enum,mark,Unknown callback mark '73.1'
1,unknown_enum,mark,Unknown callback mark '73.11'
2,unknown_enum,mark,Unknown callback mark '73.30'
1,unknown_enum,mark,Unknown callback mark '73.4'
2,unknown_enum,mark,Unknown callback mark '73.5'
1,unknown_enum,mark,Unknown callback mark '73.6'
1,unknown_enum,mark,Unknown callback mark '73.7727'
1,unknown_enum,mark,Unknown callback mark '73.8'
2,unknown_enum,mark,Unknown callback mark '73.9'
1,unknown_enum,mark,Unknown callback mark '74'
4,unknown_enum,mark,Unknown callback mark '74.00'
1,unknown_enum,mark,Unknown callback mark '74.1'
1,unknown_enum,mark,Unknown callback mark '74.267'
1,unknown_enum,mark,Unknown callback mark '74.3'
1,unknown_enum,mark,Unknown callback mark '74.3242'
1,unknown_enum,mark,Unknown callback mark '74.3249'
2,unknown_enum,mark,Unknown callback mark '74.4'
2,unknown_enum,mark,Unknown callback mark '74.70'
1,unknown_enum,mark,Unknown callback mark '74.9'
4,unknown_enum,mark,Unknown callback mark '74.90'
1,unknown_enum,mark,Unknown callback mark '75'
2,unknown_enum,mark,Unknown callback mark '75.00'
2,unknown_enum,mark,Unknown callback mark '75.2'
1,unknown_enum,mark,Unknown callback mark '75.4286'
2,unknown_enum,mark,Unknown callback mark '75.50'
1,unknown_enum,mark,Unknown callback mark '75.7'
2,unknown_enum,mark,Unknown callback mark '75.8'
1,unknown_enum,mark,Unknown callback mark '75.8508'
1,unknown_enum,mark,Unknown callback mark '75.9'
2,unknown_enum,mark,Unknown callback mark '75.90'
1,unknown_enum,mark,Unknown callback mark '75.9813'
3,unknown_enum,mark,Unknown callback mark '76'
2,unknown_enum,mark,Unknown callback mark '76.00'
1,unknown_enum,mark,Unknown callback mark '76.1'
1,unknown_enum,mark,Unknown callback mark '76.2881'
8,unknown_enum,mark,Unknown callback mark '76.30'
1,unknown_enum,mark,Unknown callback mark '76.5'
4,unknown_enum,mark,Unknown callback mark '76.50'
1,unknown_enum,mark,Unknown callback mark '76.5335'
2,unknown_enum,mark,Unknown callback mark '76.70'
1,unknown_enum,mark,Unknown callback mark '76.809'
2,unknown_enum,mark,Unknown callback mark '76.90'
1,unknown_enum,mark,Unknown callback mark '77'
1,unknown_enum,mark,Unknown callback mark '77.25'
1,unknown_enum,mark,Unknown callback mark '77.2825'
2,unknown_enum,mark,Unknown callback mark '77.30'
1,unknown_enum,mark,Unknown callback mark '77.4304'
2,unknown_enum,mark,Unknown callback mark '77.60'
1,unknown_enum,mark,Unknown callback mark '77.689'
4,unknown_enum,mark,Unknown callback mark '77.80'
2,unknown_enum,mark,Unknown callback mark '77.9'
2,unknown_enum,mark,Unknown callback mark '77.90'
1,unknown_enum,mark,Unknown callback mark '78'
2,unknown_enum,mark,Unknown callback mark '78.00'
2,unknown_enum,mark,Unknown callback mark '78.20'
2,unknown_enum,mark,Unknown callback mark '78.5'
2,unknown_enum,mark,Unknown callback mark '78.60'
1,unknown_enum,mark,Unknown callback mark '78.7'
2,unknown_enum,mark,Unknown callback mark '78.80'
1,unknown_enum,mark,Unknown callback mark '78.9'
2,unknown_enum,mark,Unknown callback mark '79'
2,unknown_enum,mark,Unknown callback mark '79.1'
2,unknown_enum,mark,Unknown callback mark '79.10'
1,unknown_enum,mark,Unknown callback mark '79.2'
1,unknown_enum,mark,Unknown callback mark '79.2896'
3,unknown_enum,mark,Unknown callback mark '79.3'
2,unknown_enum,mark,Unknown callback mark '79.30'
2,unknown_enum,mark,Unknown callback mark '79.40'
3,unknown_enum,mark,Unknown callback mark '79.5'
6,unknown_enum,mark,Unknown callback mark '79.50'
2,unknown_enum,mark,Unknown callback mark '79.5698'
3,unknown_enum,mark,Unknown callback mark '79.8'
4,unknown_enum,mark,Unknown callback mark '79.80'
52,unknown_enum,mark,Unknown callback mark '8'
1,unknown_enum,mark,Unknown callback mark '8.1'
1,unknown_enum,mark,Unknown callback mark '8.11'
1,unknown_enum,mark,Unknown callback mark '8.17'
1,unknown_enum,mark,Unknown callback mark '8.18'
2,unknown_enum,mark,Unknown callback mark '8.2'
1,unknown_enum,mark,Unknown callback mark '8.21'
1,unknown_enum,mark,Unknown callback mark '8.22'
1,unknown_enum,mark,Unknown callback mark '8.24'
1,unknown_enum,mark,Unknown callback mark '8.27'
1,unknown_enum,mark,Unknown callback mark '8.3'
1,unknown_enum,mark,Unknown callback mark '8.31'
1,unknown_enum,mark,Unknown callback mark '8.35'
1,unknown_enum,mark,Unknown callback mark '8.38'
1,unknown_enum,mark,Unknown callback mark '8.41'
2,unknown_enum,mark,Unknown callback mark '8.42'
2,unknown_enum,mark,Unknown callback mark '8.45'
2,unknown_enum,mark,Unknown callback mark '8.48'
3,unknown_enum,mark,Unknown callback mark '8.5'
1,unknown_enum,mark,Unknown callback mark '8.51'
1,unknown_enum,mark,Unknown callback mark '8.55'
1,unknown_enum,mark,Unknown callback mark '8.58'
1,unknown_enum,mark,Unknown callback mark '8.62'
1,unknown_enum,mark,Unknown callback mark '8.65'
2,unknown_enum,mark,Unknown callback mark '8.68'
2,unknown_enum,mark,Unknown callback mark '8.69'
3,unknown_enum,mark,Unknown callback mark '8.7'
1,unknown_enum,mark,Unknown callback mark '8.79'
6,unknown_enum,mark,Unknown callback mark '8.8'
3,unknown_enum,mark,Unknown callback mark '8.84'
2,unknown_enum,mark,Unknown callback mark '8.88'
1,unknown_enum,mark,Unknown callback mark '8.9'
1,unknown_enum,mark,Unknown callback mark '8.91'
1,unknown_enum,mark,Unknown callback mark '8.92'
3,unknown_enum,mark,Unknown callback mark '8.93'
2,unknown_enum,mark,Unknown callback mark '8.95'
1,unknown_enum,mark,Unknown callback mark '8.98'
2,unknown_enum,mark,Unknown callback mark '80'
2,unknown_enum,mark,Unknown callback mark '80.00'
2,unknown_enum,mark,Unknown callback mark '80.1'
2,unknown_enum,mark,Unknown callback mark '80.10'
4,unknown_enum,mark,Unknown callback mark '80.30'
1,unknown_enum,mark,Unknown callback mark '80.3981'
2,unknown_enum,mark,Unknown callback mark '80.4'
2,unknown_enum,mark,Unknown callback mark '80.40'
2,unknown_enum,mark,Unknown callback mark '80.60'
1,unknown_enum,mark,Unknown callback mark '80.671'
4,unknown_enum,mark,Unknown callback mark '80.70'
1,unknown_enum,mark,Unknown callback mark '80.8'
2,unknown_enum,mark,Unknown callback mark '81'
2,unknown_enum,mark,Unknown callback mark '81.00'
1,unknown_enum,mark,Unknown callback mark '81.5'
1,unknown_enum,mark,Unknown callback mark '81.5024'
4,unknown_enum,mark,Unknown callback mark '81.60'
2,unknown_enum,mark,Unknown callback mark '81.70'
1,unknown_enum,mark,Unknown callback mark '81.7789'
4,unknown_enum,mark,Unknown callback mark '82.00'
2,unknown_enum,mark,Unknown callback mark '82.055'
1,unknown_enum,mark,Unknown callback mark '82.1'
2,unknown_enum,mark,Unknown callback mark '82.10'
1,unknown_enum,mark,Unknown callback mark '82.2'
2,unknown_enum,mark,Unknown callback mark '82.6'
2,unknown_enum,mark,Unknown callback mark '82.8'
2,unknown_enum,mark,Unknown callback mark '82.9'
2,unknown_enum,mark,Unknown callback mark '82.90'
4,unknown_enum,mark,Unknown callback mark '83.00'
1,unknown_enum,mark,Unknown callback mark '83.1'
2,unknown_enum,mark,Unknown callback mark '83.10'
2,unknown_enum,mark,Unknown callback mark '83.1589'
2,unknown_enum,mark,Unknown callback mark '83.30'
1,unknown_enum,mark,Unknown callback mark '83.435'
2,unknown_enum,mark,Unknown callback mark '83.60'
2,unknown_enum,mark,Unknown callback mark '83.70'
1,unknown_enum,mark,Unknown callback mark '83.8'
1,unknown_enum,mark,Unknown callback mark '84'
2,unknown_enum,mark,Unknown callback mark '84.00'
2,unknown_enum,mark,Unknown callback mark '84.10'
2,unknown_enum,mark,Unknown callback mark '84.40'
1,unknown_enum,mark,Unknown callback mark '84.5'
1,unknown_enum,mark,Unknown callback mark '84.7'
2,unknown_enum,mark,Unknown callback mark '84.70'
2,unknown_enum,mark,Unknown callback mark '84.8'
2,unknown_enum,mark,Unknown callback mark '84.80'
1,unknown_enum,mark,Unknown callback mark '85.0915'
4,unknown_enum,mark,Unknown callback mark '85.10'
1,unknown_enum,mark,Unknown callback mark '85.6'
2,unknown_enum,mark,Unknown callback mark '85.60'
4,unknown_enum,mark,Unknown callback mark '85.70'
2,unknown_enum,mark,Unknown callback mark '85.80'
1,unknown_enum,mark,Unknown callback mark '85.9'
2,unknown_enum,mark,Unknown callback mark '86.00'
1,unknown_enum,mark,Unknown callback mark '86.073'
4,unknown_enum,mark,Unknown callback mark '86.10'
1,unknown_enum,mark,Unknown callback mark '86.1961'
2,unknown_enum,mark,Unknown callback mark '86.2'
1,unknown_enum,mark,Unknown callback mark '86.4'
4,unknown_enum,mark,Unknown callback mark '86.50'
1,unknown_enum,mark,Unknown callback mark '86.6'
2,unknown_enum,mark,Unknown callback mark '86.7'
2,unknown_enum,mark,Unknown callback mark '86.70'
2,unknown_enum,mark,Unknown callback mark '86.90'
2,unknown_enum,mark,Unknown callback mark '87.00'
1,unknown_enum,mark,Unknown callback mark '87.1'
1,unknown_enum,mark,Unknown callback mark '87.2'
4,unknown_enum,mark,Unknown callback mark '87.20'
2,unknown_enum,mark,Unknown callback mark '87.30'
2,unknown_enum,mark,Unknown callback mark '87.50'
1,unknown_enum,mark,Unknown callback mark '87.6'
6,unknown_enum,mark,Unknown callback mark '87.60'
2,unknown_enum,mark,Unknown callback mark '87.7'
2,unknown_enum,mark,Unknown callback mark '87.80'
1,unknown_enum,mark,Unknown callback mark '87.9'
2,unknown_enum,mark,Unknown callback mark '88.00'
2,unknown_enum,mark,Unknown callback mark '88.20'
2,unknown_enum,mark,Unknown callback mark '88.4'
1,unknown_enum,mark,Unknown callback mark '88.4047'
2,unknown_enum,mark,Unknown callback mark '88.60'
1,unknown_enum,mark,Unknown callback mark '88.7'
2,unknown_enum,mark,Unknown callback mark '88.713'
1,unknown_enum,mark,Unknown callback mark '88.9'
1,unknown_enum,mark,Unknown callback mark '89'
6,unknown_enum,mark,Unknown callback mark '89.00'
2,unknown_enum,mark,Unknown callback mark '89.10'
1,unknown_enum,mark,Unknown callback mark '89.1948'
6,unknown_enum,mark,Unknown callback mark '89.20'
1,unknown_enum,mark,Unknown callback mark '89.4'
4,unknown_enum,mark,Unknown callback mark '89.40'
1,unknown_enum,mark,Unknown callback mark '89.473'
4,unknown_enum,mark,Unknown callback mark '89.50'
1,unknown_enum,mark,Unknown callback mark '89.6'
2,unknown_enum,mark,Unknown callback mark '89.60'
2,unknown_enum,mark,Unknown callback mark '89.90'
52,unknown_enum,mark,Unknown callback mark '9'
2,unknown_enum,mark,Unknown callback mark '9.05'
2,unknown_enum,mark,Unknown callback mark '9.1'
1,unknown_enum,mark,Unknown callback mark '9.12'
1,unknown_enum,mark,Unknown callback mark '9.15'
1,unknown_enum,mark,Unknown callback mark '9.16'
2,unknown_enum,mark,Unknown callback mark '9.2'
2,unknown_enum,mark,Unknown callback mark '9.22'
1,unknown_enum,mark,Unknown callback mark '9.24'
1,unknown_enum,mark,Unknown callback mark '9.27'
1,unknown_enum,mark,Unknown callback mark '9.28'
1,unknown_enum,mark,Unknown callback mark '9.3'
1,unknown_enum,mark,Unknown callback mark '9.35'
2,unknown_enum,mark,Unknown callback mark '9.39'
1,unknown_enum,mark,Unknown callback mark '9.4'
2,unknown_enum,mark,Unknown callback mark '9.6'
1,unknown_enum,mark,Unknown callback mark '9.65'
1,unknown_enum,mark,Unknown callback mark '9.72'
1,unknown_enum,mark,Unknown callback mark '9.946'
1,unknown_enum,mark,Unknown callback mark '90'
2,unknown_enum,mark,Unknown callback mark '90.00'
1,unknown_enum,mark,Unknown callback mark '90.1'
2,unknown_enum,mark,Unknown callback mark '90.20'
1,unknown_enum,mark,Unknown callback mark '90.3'
1,unknown_enum,mark,Unknown callback mark '90.6'
2,unknown_enum,mark,Unknown callback mark '90.60'
1,unknown_enum,mark,Unknown callback mark '90.6133'
2,unknown_enum,mark,Unknown callback mark '90.70'
1,unknown_enum,mark,Unknown callback mark '90.9211'
2,unknown_enum,mark,Unknown callback mark '91.00'
1,unknown_enum,mark,Unknown callback mark '91.1'
2,unknown_enum,mark,Unknown callback mark '91.30'
1,unknown_enum,mark,Unknown callback mark '91.4'
2,unknown_enum,mark,Unknown callback mark '91.50'
1,unknown_enum,mark,Unknown callback mark '91.6'
2,unknown_enum,mark,Unknown callback mark '91.80'
2,unknown_enum,mark,Unknown callback mark '92.00'
6,unknown_enum,mark,Unknown callback mark '92.10'
2,unknown_enum,mark,Unknown callback mark '92.50'
1,unknown_enum,mark,Unknown callback mark '93'
4,unknown_enum,mark,Unknown callback mark '93.00'
1,unknown_enum,mark,Unknown callback mark '93.4479'
1,unknown_enum,mark,Unknown callback mark '93.6501'
4,unknown_enum,mark,Unknown callback mark '93.70'
1,unknown_enum,mark,Unknown callback mark '93.9263'
2,unknown_enum,mark,Unknown callback mark '94.00'
2,unknown_enum,mark,Unknown callback mark '94.10'
1,unknown_enum,mark,Unknown callback mark '94.2'
2,unknown_enum,mark,Unknown callback mark '94.40'
1,unknown_enum,mark,Unknown callback mark '94.4178'
2,unknown_enum,mark,Unknown callback mark '94.50'
1,unknown_enum,mark,Unknown callback mark '94.8'
2,unknown_enum,mark,Unknown callback mark '94.80'
1,unknown_enum,mark,Unknown callback mark '95'
2,unknown_enum,mark,Unknown callback mark '95.00'
1,unknown_enum,mark,Unknown callback mark '95.4'
4,unknown_enum,mark,Unknown callback mark '95.40'
2,unknown_enum,mark,Unknown callback mark '95.70'
2,unknown_enum,mark,Unknown callback mark '95.80'
1,unknown_enum,mark,Unknown callback mark '96.1'
2,unknown_enum,mark,Unknown callback mark '96.30'
1,unknown_enum,mark,Unknown callback mark '96.6'
2,unknown_enum,mark,Unknown callback mark '96.70'
4,unknown_enum,mark,Unknown callback mark '96.90'
1,unknown_enum,mark,Unknown callback mark '97'
2,unknown_enum,mark,Unknown callback mark '98.10'
2,unknown_enum,mark,Unknown callback mark '98.30'
1,unknown_enum,mark,Unknown callback mark '99.2'
2,unknown_enum,mark,Unknown callback mark '99.40'
23,unknown_enum,mark,Unknown callback mark 'scratched'
15,unknown_enum,round,WDR Am/Pro roles omitted pending explicit role labels
167,unknown_enum,round,WDR S<n> callback outcome omitted pending verified semantics
