fetched_round_urls,listed_round_urls,mapped_event_id,never_checked_round_urls,period,published_contests,published_rounds,source,source_end_date,source_name,source_ref,source_start_date,unfetched_examples,unfetched_round_urls
10,10,2026-03-boston-tea-party,,past,22,37,eepro,2026-03-29,Boston Tea Party,eepro:btp2026,2026-03-26,,
7,7,2025-01-austin-swing-dance-championships,,past,17,27,eepro,2025-01-19,Austin Swing Dance Championships,eepro:asdc2025,2025-01-16,,
3,3,2026-08-arizona-dance-classic,,past,4,5,eepro,2026-08-02,Arizona Dance Classic,eepro:adc2026,2026-07-30,,
7,7,2026-01-austin-swing-dance-championships,,past,17,28,eepro,2026-01-18,Austin Swing Dance Championships,eepro:asdc2026,2026-01-15,,
6,6,2026-06-orange-blossom,,past,32,21,eepro,2026-06-07,Orange Blossom,eepro:orangeblossom2026,2026-06-04,,
10,10,2025-05-gndc,,past,35,46,eepro,2025-05-25,GNDC,eepro:grandnationals2025,2025-05-22,,
5,5,2025-07-dance-mardi-gras,,past,16,21,eepro,2025-07-27,Dance Mardi Gras,eepro:dmg2025,2025-07-24,,
5,5,2025-07-wild-wild-westie,,past,16,36,eepro,2025-07-06,Wild Wild Westie,eepro:www2025,2025-07-03,,
2,2,2026-05-swingin-into-spring,,past,5,11,eepro,2026-05-03,Swingin' Into Spring,eepro:sis2026,2026-05-01,,
5,5,2025-03-novice-invitational,,past,22,26,eepro,2025-03-23,Novice Invitational,eepro:ni2025,2025-03-20,,
5,5,2026-07-wild-wild-westie,,past,16,35,eepro,2026-07-05,Wild Wild Westie,eepro:www2026,2026-07-02,,
9,9,2026-01-nj-hustle-congress,,past,34,34,eepro,2026-01-18,NJ Hustle Congress,eepro:njhustle2026,2026-01-15,,
6,6,2026-01-ucwdc-country-dance-world-championships,,past,13,26,eepro,2026-01-04,UCWDC Country Dance World Championships,eepro:worlds2025,2025-12-28,,
6,6,2025-07-midwest-westie-fest,,past,24,29,eepro,2025-07-20,Midwest Westie Fest,eepro:mwf2025,2025-07-17,,
6,6,2026-05-michigan-classic,,past,18,25,eepro,2026-05-31,Michigan Classic,eepro:michiganclassic2026,2026-05-28,,
6,6,2026-01-paris-swing-classic,,past,26,38,eepro,2026-01-25,Paris Swing Classic,eepro:parisswingclassic2026,2026-01-22,,
7,7,2025-10-atlanta-swing-classic,,past,23,42,eepro,2025-10-05,Atlanta Swing Classic,eepro:asc2025,2025-10-02,,
5,5,2026-03-h-town-throw-down,,past,22,27,eepro,2026-03-29,H-Town Throw Down,eepro:htown2026,2026-03-26,,
8,8,2025-08-swing-fling,,past,29,39,eepro,2025-08-10,Swing Fling,eepro:swingfling2025,2025-08-07,,
4,4,2026-08-swingtacular,,past,8,19,eepro,2026-08-09,Swingtacular,eepro:swingtacular2026,2026-08-06,,
2,2,2026-07-big-apple-dance-festival,,past,5,9,eepro,2026-07-12,Big Apple Dance Festival,eepro:bigapple2026,2026-07-09,,
6,6,2026-08-swing-fling,,past,28,38,eepro,2026-08-09,Swing Fling,eepro:swingfling2026,2026-08-06,,
6,6,2026-07-midwest-westie-fest,,past,24,28,eepro,2026-07-19,Midwest Westie Fest,eepro:mwf2026,2026-07-16,,
,,2026-08-summer-hummer,,past,21,35,eepro,2026-08-23,Summer Hummer,eepro:summerhummer2026,2026-08-20,,
2,2,2025-05-swingin-into-spring,,past,5,9,eepro,2025-05-04,Swingin' Into Spring,eepro:sis2025,2025-05-01,,
9,9,2025-01-nj-hustle-congress,,past,45,45,eepro,2025-01-20,NJ Hustle Congress,eepro:njhustle2025,2025-01-16,,
8,8,2026-06-liberty-swing,,past,29,40,eepro,2026-06-30,Liberty Swing,eepro:libertyswing2026,2026-06-25,,
7,7,2025-04-tulsa-spring-swing,,past,23,29,eepro,2025-04-20,Tulsa Spring Swing,eepro:tulsa2025,2025-04-18,,
7,7,2025-11-northeast-swing-clasic,,past,24,34,eepro,2025-11-23,Northeast Swing Clasic,eepro:nsc2025,2025-11-20,,
6,6,2025-11-dc-swing-experience,,past,29,40,eepro,2025-11-16,DC Swing eXperience,eepro:dcsx2025,2025-11-13,,
5,5,2025-09-philly-swing-classic,,past,13,20,eepro,2025-09-21,Philly Swing Classic,eepro:phillyswing2025,2025-09-19,,
7,7,2025-08-arizona-dance-classic,,past,25,30,eepro,2025-08-03,Arizona Dance Classic,eepro:adc2025,2025-07-31,,
5,5,2025-01-derby-city-swing,,past,25,37,eepro,2025-01-26,Derby City Swing,eepro:derby2025,2025-01-23,,
7,7,2026-01-spotlight-new-year-s-celebration,,past,31,45,eepro,2026-01-03,Spotlight New Year's Celebration,eepro:spotlight2025,2025-12-30,,
6,6,2025-06-orange-blossom,,past,26,18,eepro,2025-06-08,Orange Blossom,eepro:orangeblossom2025,2025-06-05,,
3,3,2025-08-ne-dance-festival,,past,10,16,eepro,2025-08-03,NE Dance Festival,eepro:ne2025,2025-07-31,,
7,7,2025-07-phoenix-of-july,,past,17,35,eepro,2025-07-06,Phoenix 4th Of July,eepro:phoenix2025,2025-07-03,,
6,6,2026-06-jack-jill-o-rama,,past,20,45,eepro,2026-06-07,Jack & Jill O'Rama,eepro:jjorama2026,2026-06-04,,
5,5,2025-12-swingle-bell-rock,,past,13,17,eepro,2025-12-07,Swingle Bell Rock,eepro:swinglebell2025,2025-12-04,,
13,13,2025-11-the-open,,past,28,48,eepro,2025-11-30,The Open,eepro:theopen2025,2025-11-26,,
6,6,2026-01-freedom-swing-dance-challenge,,past,14,24,eepro,2026-01-25,Freedom Swing Dance Challenge,eepro:freedom2026,2026-01-23,,
6,6,2026-06-disco-america,,past,83,83,eepro,2026-06-14,Disco America,eepro:discoamerica2026,2026-06-11,,
3,3,2026-05-westie-weekend,,past,5,12,eepro,2026-05-10,Westie Weekend,eepro:westieweekend2026,2026-05-08,,
5,5,2026-02-swing-crush,,past,19,32,eepro,2026-02-22,Swing Crush,eepro:swingcrush2026,2026-02-19,,
5,5,2026-03-new-york-flow-festival,,past,10,16,eepro,2026-03-01,New York Flow Festival,eepro:flowfest2026,2026-02-27,,
8,8,2026-05-gateway-swing-classic,,past,27,28,eepro,2026-05-17,Gateway Swing Classic,eepro:gateway2026,2026-05-14,,
6,6,2025-04-swingover,,past,27,33,eepro,2025-04-27,Swingover,eepro:swingover2025,2025-04-24,,
6,6,2026-02-capital-swing,,past,20,37,eepro,2026-02-15,Capital Swing,eepro:capital2026,2026-02-12,,
6,6,2025-10-sass,,past,20,26,eepro,2025-10-26,SASS,eepro:sass2025,2025-10-23,,
2,2,2025-07-big-apple-cdf,,past,4,7,eepro,2025-07-13,Big Apple CDF,eepro:bigapple2025,2025-07-10,,
7,7,2025-06-michigan-classic,,past,19,25,eepro,2025-06-01,Michigan Classic,eepro:michiganclassic2025,2025-05-29,,
14,14,2025-11-midnight-madness,,past,28,44,eepro,2025-11-16,Midnight Madness,eepro:mm2025,2025-11-13,,
5,5,2025-08-summer-hummer,,past,22,36,eepro,2025-08-24,Summer Hummer,eepro:summerhummer2025,2025-08-21,,
6,6,2026-01-countdown-swing-boston,,past,31,36,eepro,2026-01-04,Countdown Swing Boston,eepro:countdown2025,2025-12-31,,
7,7,2025-01-freedom-swing-dance-challenge,,past,13,26,eepro,2025-01-26,Freedom Swing Dance Challenge,eepro:freedom2025,2025-01-24,,
4,4,2025-08-swingtacular,,past,8,19,eepro,2025-08-10,Swingtacular,eepro:swingtacular2025,2025-08-07,,
6,6,2026-04-swingover,,past,30,35,eepro,2026-04-26,Swingover,eepro:swingover2026,2026-04-23,,
3,3,2025-05-westie-weekend,,past,5,11,eepro,2025-05-18,Westie Weekend,eepro:westieweekend2025,2025-05-16,,
8,8,2026-03-madjam,,past,23,49,eepro,2026-03-05,MADjam,eepro:madjam2026,2026-03-03,,
12,12,2025-06-liberty-swing,,past,30,42,eepro,2025-06-29,Liberty Swing,eepro:libertyswing2025,2025-06-26,,
6,6,2024-06-disco-america,,past,68,68,eepro,2024-06-08,Disco America,eepro:discoamerica2025,2024-06-05,,
5,5,2025-02-swing-crush,,past,17,26,eepro,2025-02-23,Swing Crush,eepro:swingcrush2025,2025-02-20,,
4,4,2025-02-capital-swing,,past,15,28,eepro,2025-02-16,Capital Swing,eepro:capital2025,2025-02-13,,
5,5,2025-08-swingtime,,past,16,33,eepro,2025-08-17,SwingTime,eepro:swingtime2025,2025-08-14,,
10,10,2026-05-gndc,,past,34,49,eepro,2026-05-25,GNDC,eepro:grandnationals2026,2026-05-21,,
5,5,2026-01-derby-city-swing,,past,24,33,eepro,2026-01-25,Derby City Swing,eepro:derby2026,2026-01-22,,
10,10,2025-03-boston-tea-party,,past,26,43,eepro,2025-03-23,Boston Tea Party,eepro:btp2025,2025-03-20,,
5,5,2025-10-halloween-swingthing,,past,15,31,eepro,2025-10-26,Halloween Swingthing,eepro:hst2025,2025-10-23,,
5,5,2026-01-swingcouver,,past,20,31,eepro,2026-01-04,Swingcouver,eepro:swingcouver2025,2025-12-31,,
6,6,2025-06-jack-jill-o-rama,,past,20,45,eepro,2025-06-08,Jack & Jill O'Rama,eepro:jjorama2025,2025-06-05,,
10,10,2026-07-phoenix-of-july,,past,18,38,eepro,2026-07-05,Phoenix 4th Of July,eepro:phoenix2026,2026-07-02,,
7,7,2026-04-tulsa-spring-swing,,past,25,32,eepro,2026-04-05,Tulsa Spring Swing,eepro:tulsa2026,2026-04-03,,
,,2026-08-bristol-swing-fiesta,,past,6,12,scoringdance,2026-08-28,Bristol Swing Fiesta 2026,scoringdance:418,2026-08-28,,
,6,2023-10-augsburg-westie-station,6,past,0,0,scoringdance,2023-10-20,Augsburg Westie Station 2023,scoringdance:101,2023-10-20,https://scoring.dance/enUS/events/101/results/1263.html|https://scoring.dance/enUS/events/101/results/1264.html|https://scoring.dance/enUS/events/101/results/1265.html,6
,25,2026-04-spring-time-swing,25,past,0,0,scoringdance,2026-04-30,Spring Time Swing 2026,scoringdance:383,2026-04-30,https://scoring.dance/enUS/events/383/results/5764.html|https://scoring.dance/enUS/events/383/results/5766.html|https://scoring.dance/enUS/events/383/results/5767.html,25
,1,2026-06-bachata-beach-festival,1,past,0,0,scoringdance,2026-06-18,Bachata Beach Festival,scoringdance:413,2026-06-18,https://scoring.dance/enUS/events/413/results/6170.html,1
,11,2025-02-trinity-swing,11,past,0,0,scoringdance,2025-02-07,Trinity Swing 2025,scoringdance:205,2025-02-07,https://scoring.dance/enUS/events/205/results/3054.html|https://scoring.dance/enUS/events/205/results/3055.html|https://scoring.dance/enUS/events/205/results/3056.html,11
24,24,2024-10-scandinavian-open-wcs-snow,,past,10,24,scoringdance,2024-10-31,Scandinavian Open WCS 2024 [SNOW 2024],scoringdance:173,2024-10-31,,
6,6,2025-01-terra-livre-dance-festival-winter-edition,,past,2,6,scoringdance,2025-01-17,Terra Livre Dance Festival 2025 (Winter Edition),scoringdance:203,2025-01-17,,
,13,2025-08-lisbon-westie-fest,13,past,0,0,scoringdance,2025-08-01,Lisbon Westie Fest 2025,scoringdance:267,2025-08-01,https://scoring.dance/enUS/events/267/results/4118.html|https://scoring.dance/enUS/events/267/results/4119.html|https://scoring.dance/enUS/events/267/results/4120.html,13
,16,2024-10-swingside-invitational,16,past,0,0,scoringdance,2024-10-25,Swingside Invitational 2024,scoringdance:165,2024-10-25,https://scoring.dance/enUS/events/165/results/2595.html|https://scoring.dance/enUS/events/165/results/2596.html|https://scoring.dance/enUS/events/165/results/2600.html,16
,10,2025-05-bachata-sphere-weekend-paris,10,past,0,0,scoringdance,2025-05-08,Bachata Sphere Weekend Paris 2025,scoringdance:214,2025-05-08,https://scoring.dance/enUS/events/214/results/3754.html|https://scoring.dance/enUS/events/214/results/3755.html|https://scoring.dance/enUS/events/214/results/3756.html,10
,6,2022-04-swingin-festival,6,past,0,0,scoringdance,2022-04-22,SwingIn - Festival 2022,scoringdance:63,2022-04-22,https://scoring.dance/enUS/events/63/results/476.html|https://scoring.dance/enUS/events/63/results/504.html|https://scoring.dance/enUS/events/63/results/502.html,6
14,14,2025-02-valentine-swing,,past,7,14,scoringdance,2025-02-14,Valentine Swing 2025,scoringdance:223,2025-02-14,,
6,6,2024-11-flowstate,,past,4,6,scoringdance,2024-11-08,Flowstate,scoringdance:180,2024-11-08,,
,7,2023-04-swingin-festival,7,past,0,0,scoringdance,2023-04-21,SwingIn - Festival 2023,scoringdance:81,2023-04-21,https://scoring.dance/enUS/events/81/results/935.html|https://scoring.dance/enUS/events/81/results/966.html|https://scoring.dance/enUS/events/81/results/936.html,7
,,,,unknown,0,0,scoringdance,,All-Star Swing Jam 2024,scoringdance:123,,,
,4,2022-03-normandie-on-west,4,past,0,0,scoringdance,2022-03-26,Normandie On West,scoringdance:59,2022-03-26,https://scoring.dance/enUS/events/59/results/468.html|https://scoring.dance/enUS/events/59/results/469.html|https://scoring.dance/enUS/events/59/results/470.html,4
,3,2025-04-bachata-festival-germany,3,past,0,0,scoringdance,2025-04-09,Bachata Festival Germany 2025,scoringdance:184,2025-04-09,https://scoring.dance/enUS/events/184/results/3543.html|https://scoring.dance/enUS/events/184/results/3544.html|https://scoring.dance/enUS/events/184/results/3545.html,3
16,16,2025-08-grand-party-sofia,,past,9,16,scoringdance,2025-08-15,Grand Party Sofia 2025,scoringdance:276,2025-08-15,,
,16,2026-04-swingin-festival,16,past,0,0,scoringdance,2026-04-23,SwingIn Festival 2026,scoringdance:356,2026-04-23,https://scoring.dance/enUS/events/356/results/5713.html|https://scoring.dance/enUS/events/356/results/5714.html|https://scoring.dance/enUS/events/356/results/5715.html,16
,,,,unknown,0,0,scoringdance,,Seattle Ticket Kickoff,scoringdance:38,,,
,12,2025-09-mooseland-swing,12,past,0,0,scoringdance,2025-09-26,Mooseland Swing 2025,scoringdance:296,2025-09-26,https://scoring.dance/enUS/events/296/results/4524.html|https://scoring.dance/enUS/events/296/results/4525.html|https://scoring.dance/enUS/events/296/results/4521.html,12
,26,2022-09-bavarian-open,26,past,0,0,scoringdance,2022-09-08,Bavarian Open 2022,scoringdance:46,2022-09-08,https://scoring.dance/enUS/events/46/results/622.html|https://scoring.dance/enUS/events/46/results/623.html|https://scoring.dance/enUS/events/46/results/624.html,26
,,,,unknown,0,0,scoringdance,,Workshop Weekend Heidelberg Januar 2020,scoringdance:35,,,
,,,,unknown,0,0,scoringdance,,INTAKO 2019,scoringdance:13,,,
,14,2025-06-barock-swing-ludwigsburg,14,past,0,0,scoringdance,2025-06-19,Barock Swing Ludwigsburg 2025,scoringdance:247,2025-06-19,https://scoring.dance/enUS/events/247/results/3985.html|https://scoring.dance/enUS/events/247/results/3986.html|https://scoring.dance/enUS/events/247/results/3987.html,14
,24,2025-10-scandinavian-open-snow,24,past,0,0,scoringdance,2025-10-29,Scandinavian Open 2025 [SNOW],scoringdance:312,2025-10-29,https://scoring.dance/enUS/events/312/results/4445.html|https://scoring.dance/enUS/events/312/results/4446.html|https://scoring.dance/enUS/events/312/results/4640.html,24
,10,2025-10-aloha-open,10,past,0,0,scoringdance,2025-10-10,Aloha Open 2025,scoringdance:238,2025-10-10,https://scoring.dance/enUS/events/238/results/4401.html|https://scoring.dance/enUS/events/238/results/4402.html|https://scoring.dance/enUS/events/238/results/4404.html,10
,31,2025-08-german-open,31,past,0,0,scoringdance,2025-08-07,German Open 2025,scoringdance:280,2025-08-07,https://scoring.dance/enUS/events/280/results/4195.html|https://scoring.dance/enUS/events/280/results/4196.html|https://scoring.dance/enUS/events/280/results/4197.html,31
,,2019-05-3-taf-schleswig-cup-west-coast-swing,,past,0,0,scoringdance,2019-05-11,3.TAF Schleswig Cup West Coast Swing 2019,scoringdance:15,2019-05-11,,
,27,2024-09-bavarian-open,27,past,0,0,scoringdance,2024-09-12,Bavarian Open 2024,scoringdance:149,2024-09-12,https://scoring.dance/enUS/events/149/results/2308.html|https://scoring.dance/enUS/events/149/results/2309.html|https://scoring.dance/enUS/events/149/results/2310.html,27
22,22,2026-04-swing-in-capital,,past,10,22,scoringdance,2026-04-09,Swing In Capital 2026,scoringdance:291,2026-04-09,,
,53,2025-11-ceroc-champs,53,past,0,0,scoringdance,2025-11-22,Ceroc Champs 2025,scoringdance:319,2025-11-22,https://scoring.dance/enUS/events/319/results/4724.html|https://scoring.dance/enUS/events/319/results/4676.html|https://scoring.dance/enUS/events/319/results/4754.html,53
,14,2024-02-valentine-swing,14,past,0,0,scoringdance,2024-02-15,Valentine Swing 2024,scoringdance:114,2024-02-15,https://scoring.dance/enUS/events/114/results/1607.html|https://scoring.dance/enUS/events/114/results/1608.html|https://scoring.dance/enUS/events/114/results/1609.html,14
,29,2026-02-rose-city-swing,29,past,0,0,scoringdance,2026-02-26,Rose City Swing 2026,scoringdance:297,2026-02-26,https://scoring.dance/enUS/events/297/results/5296.html|https://scoring.dance/enUS/events/297/results/5297.html|https://scoring.dance/enUS/events/297/results/5293.html,29
,,2019-01-workshopweekend-heidelberg-jan2019,,past,0,0,scoringdance,2019-01-19,Workshopweekend Heidelberg Jan2019,scoringdance:8,2019-01-19,,
,16,2026-07-my-swing,16,past,0,0,scoringdance,2026-07-09,My Swing 2026,scoringdance:410,2026-07-09,https://scoring.dance/enUS/events/410/results/6235.html|https://scoring.dance/enUS/events/410/results/6236.html|https://scoring.dance/enUS/events/410/results/6267.html,16
,21,2023-09-midland-swing-open,21,past,0,0,scoringdance,2023-09-21,Midland Swing Open 2023,scoringdance:92,2023-09-21,https://scoring.dance/enUS/events/92/results/1199.html|https://scoring.dance/enUS/events/92/results/1200.html|https://scoring.dance/enUS/events/92/results/1201.html,21
,17,2025-03-5280-westival,17,past,0,0,scoringdance,2025-03-20,5280 Westival 2025,scoringdance:236,2025-03-20,https://scoring.dance/enUS/events/236/results/3309.html|https://scoring.dance/enUS/events/236/results/3310.html|https://scoring.dance/enUS/events/236/results/3311.html,17
,,,,unknown,0,0,scoringdance,,SwingVester 2022/23,scoringdance:72,,,
,26,2025-03-west-in-lyon,26,past,0,0,scoringdance,2025-03-13,West in Lyon 2025,scoringdance:211,2025-03-13,https://scoring.dance/enUS/events/211/results/3226.html|https://scoring.dance/enUS/events/211/results/3227.html|https://scoring.dance/enUS/events/211/results/3292.html,26
,23,2025-06-hembsy-chill-silc-competition,23,past,0,0,scoringdance,2025-06-06,Hembsy Chill SILC Competition 2025,scoringdance:255,2025-06-06,https://scoring.dance/enUS/events/255/results/3762.html|https://scoring.dance/enUS/events/255/results/3764.html|https://scoring.dance/enUS/events/255/results/3763.html,23
,13,2019-12-berlin-swing-revolution,13,past,0,0,scoringdance,2019-12-12,Berlin Swing Revolution 2019,scoringdance:27,2019-12-12,https://scoring.dance/enUS/events/27/results/268.html|https://scoring.dance/enUS/events/27/results/269.html|https://scoring.dance/enUS/events/27/results/270.html,13
,21,2024-10-warsaw-halloween-swing,21,past,0,0,scoringdance,2024-10-24,Warsaw Halloween Swing 2024,scoringdance:177,2024-10-24,https://scoring.dance/enUS/events/177/results/2578.html|https://scoring.dance/enUS/events/177/results/2579.html|https://scoring.dance/enUS/events/177/results/2580.html,21
,16,2023-11-winter-white,16,past,0,0,scoringdance,2023-11-30,Winter White 2023,scoringdance:105,2023-11-30,https://scoring.dance/enUS/events/105/results/1348.html|https://scoring.dance/enUS/events/105/results/1349.html|https://scoring.dance/enUS/events/105/results/1350.html,16
,18,2025-09-retaliation-swing,18,past,0,0,scoringdance,2025-09-18,Retaliation Swing 2025,scoringdance:285,2025-09-18,https://scoring.dance/enUS/events/285/results/4319.html|https://scoring.dance/enUS/events/285/results/4320.html|https://scoring.dance/enUS/events/285/results/4313.html,18
,14,2026-07-rock-the-barn,14,past,0,0,scoringdance,2026-07-16,Rock The Barn 2026,scoringdance:424,2026-07-16,https://scoring.dance/enUS/events/424/results/6271.html|https://scoring.dance/enUS/events/424/results/6272.html|https://scoring.dance/enUS/events/424/results/6273.html,14
,12,2025-08-bristol-swing-fiesta,12,past,0,0,scoringdance,2025-08-01,Bristol Swing Fiesta 2025,scoringdance:262,2025-08-01,https://scoring.dance/enUS/events/262/results/4130.html|https://scoring.dance/enUS/events/262/results/4131.html|https://scoring.dance/enUS/events/262/results/4132.html,12
,27,2026-05-soswing-convention,27,past,0,0,scoringdance,2026-05-14,SOswing Convention 2026,scoringdance:332,2026-05-14,https://scoring.dance/enUS/events/332/results/5850.html|https://scoring.dance/enUS/events/332/results/5851.html|https://scoring.dance/enUS/events/332/results/5852.html,27
3,3,2024-11-pure-bachata-winter-festival,,past,1,3,scoringdance,2024-11-15,Pure Bachata Winter Festival 2024,scoringdance:170,2024-11-15,,
,10,2021-09-midland-swing-open,10,past,0,0,scoringdance,2021-09-23,Midland Swing Open 2021,scoringdance:45,2021-09-23,https://scoring.dance/enUS/events/45/results/365.html|https://scoring.dance/enUS/events/45/results/366.html|https://scoring.dance/enUS/events/45/results/367.html,10
14,14,2026-02-trinity-swing,,past,7,14,scoringdance,2026-02-06,Trinity Swing 2026,scoringdance:362,2026-02-06,,
3,3,2025-09-extravadanza-bachata-congress,,past,1,3,scoringdance,2025-09-19,Extravadanza Bachata Congress 2025,scoringdance:282,2025-09-19,,
,6,2025-12-bachata-beyond-the-enchanted-realm-of-rhythm,6,past,0,0,scoringdance,2025-12-05,Bachata Beyond 2025 | The Enchanted Realm of Rhythm,scoringdance:302,2025-12-05,https://scoring.dance/enUS/events/302/results/4867.html|https://scoring.dance/enUS/events/302/results/4868.html|https://scoring.dance/enUS/events/302/results/4871.html,6
,22,2023-10-milan-modern-swing,22,past,0,0,scoringdance,2023-10-20,Milan Modern Swing 2023,scoringdance:95,2023-10-20,https://scoring.dance/enUS/events/95/results/1280.html|https://scoring.dance/enUS/events/95/results/1281.html|https://scoring.dance/enUS/events/95/results/1282.html,22
12,12,2026-05-beemad,,past,6,12,scoringdance,2026-05-01,BeeMAD 2026,scoringdance:372,2026-05-01,,
,21,2026-03-5280-westival,21,past,0,0,scoringdance,2026-03-26,5280 Westival 2026,scoringdance:380,2026-03-26,https://scoring.dance/enUS/events/380/results/5573.html|https://scoring.dance/enUS/events/380/results/5574.html|https://scoring.dance/enUS/events/380/results/5575.html,21
,,,,unknown,0,0,scoringdance,,WCS Magyar Kupa 2026,scoringdance:303,,,
,,,,unknown,0,0,scoringdance,,SwingVester 2023/24,scoringdance:109,,,
,3,2025-06-terra-livre-dance-festival-summer-edition,3,past,0,0,scoringdance,2025-06-12,Terra Livre Dance Festival 2025 (Summer Edition),scoringdance:219,2025-06-12,https://scoring.dance/enUS/events/219/results/3975.html|https://scoring.dance/enUS/events/219/results/3976.html|https://scoring.dance/enUS/events/219/results/3977.html,3
,29,2026-01-budafest,29,past,0,0,scoringdance,2026-01-06,Budafest 2026,scoringdance:354,2026-01-06,https://scoring.dance/enUS/events/354/results/4991.html|https://scoring.dance/enUS/events/354/results/4992.html|https://scoring.dance/enUS/events/354/results/4993.html,29
,13,2025-05-n-xt-level-swing,13,past,0,0,scoringdance,2025-05-29,N:XT LEVEL SWING 2025,scoringdance:261,2025-05-29,https://scoring.dance/enUS/events/261/results/3850.html|https://scoring.dance/enUS/events/261/results/3851.html|https://scoring.dance/enUS/events/261/results/3852.html,13
,16,2023-12-westie-gala,16,past,0,0,scoringdance,2023-12-28,Westie Gala 2023/2024,scoringdance:110,2023-12-28,https://scoring.dance/enUS/events/110/results/1455.html|https://scoring.dance/enUS/events/110/results/1456.html|https://scoring.dance/enUS/events/110/results/1452.html,16
,20,2021-10-warsaw-halloween-swing,20,past,0,0,scoringdance,2021-10-28,Warsaw Halloween Swing 2021,scoringdance:50,2021-10-28,https://scoring.dance/enUS/events/50/results/391.html|https://scoring.dance/enUS/events/50/results/392.html|https://scoring.dance/enUS/events/50/results/393.html,20
,38,2026-08-german-open,38,past,0,0,scoringdance,2026-08-05,German Open 2026,scoringdance:425,2026-08-05,https://scoring.dance/enUS/events/425/results/6327.html|https://scoring.dance/enUS/events/425/results/6328.html|https://scoring.dance/enUS/events/425/results/6329.html,38
,23,2024-08-rolling-swing,23,past,0,0,scoringdance,2024-08-29,Rolling Swing 2024,scoringdance:146,2024-08-29,https://scoring.dance/enUS/events/146/results/2276.html|https://scoring.dance/enUS/events/146/results/2277.html|https://scoring.dance/enUS/events/146/results/2278.html,23
,20,2026-06-hembsy-chill-silc-competition,20,past,0,0,scoringdance,2026-06-05,Hembsy Chill SILC Competition 2026,scoringdance:416,2026-06-05,https://scoring.dance/enUS/events/416/results/6005.html|https://scoring.dance/enUS/events/416/results/6006.html|https://scoring.dance/enUS/events/416/results/6007.html,20
,3,2026-01-big-3-festival-hamburg-salsa-jack-jill,3,past,0,0,scoringdance,2026-01-23,Big 3 Festival Hamburg 2026 (Salsa Jack & Jill),scoringdance:355,2026-01-23,https://scoring.dance/enUS/events/355/results/5115.html|https://scoring.dance/enUS/events/355/results/5116.html|https://scoring.dance/enUS/events/355/results/5117.html,3
,13,2023-03-dutch-open,13,past,0,0,scoringdance,2023-03-23,Dutch Open 2023,scoringdance:78,2023-03-23,https://scoring.dance/enUS/events/78/results/892.html|https://scoring.dance/enUS/events/78/results/893.html|https://scoring.dance/enUS/events/78/results/894.html,13
,43,2025-12-swingvester-26-wsdc,43,past,0,0,scoringdance,2025-12-31,SwingVester 2025/26 WSDC,scoringdance:349,2025-12-31,https://scoring.dance/enUS/events/349/results/4955.html|https://scoring.dance/enUS/events/349/results/4956.html|https://scoring.dance/enUS/events/349/results/5041.html,43
15,15,2023-06-hungarian-open,,past,7,15,scoringdance,2023-06-02,Hungarian Open 2023,scoringdance:86,2023-06-02,,
,,,,unknown,0,0,scoringdance,,Arctic Westie Fest 2026,scoringdance:388,,,
,20,2025-05-med-in-swing,20,past,0,0,scoringdance,2025-05-08,Med In Swing 2025,scoringdance:229,2025-05-08,https://scoring.dance/enUS/events/229/results/3737.html|https://scoring.dance/enUS/events/229/results/3738.html|https://scoring.dance/enUS/events/229/results/3726.html,20
,4,2026-02-munich-bachata-fest,4,past,0,0,scoringdance,2026-02-26,Munich Bachata Fest 2026,scoringdance:345,2026-02-26,https://scoring.dance/enUS/events/345/results/5318.html|https://scoring.dance/enUS/events/345/results/5319.html|https://scoring.dance/enUS/events/345/results/5320.html,4
,15,2025-12-new-year-s-swing-fling,15,past,0,0,scoringdance,2025-12-31,New Year's Swing Fling,scoringdance:339,2025-12-31,https://scoring.dance/enUS/events/339/results/5023.html|https://scoring.dance/enUS/events/339/results/5024.html|https://scoring.dance/enUS/events/339/results/5025.html,15
,22,2026-05-swing-of-music,22,past,0,0,scoringdance,2026-05-07,Swing of Music 2026,scoringdance:409,2026-05-07,https://scoring.dance/enUS/events/409/results/5873.html|https://scoring.dance/enUS/events/409/results/5874.html|https://scoring.dance/enUS/events/409/results/5875.html,22
,6,2024-09-wcsparty,6,past,0,0,scoringdance,2024-09-26,WCSParty 2024,scoringdance:151,2024-09-26,https://scoring.dance/enUS/events/151/results/2433.html|https://scoring.dance/enUS/events/151/results/2434.html|https://scoring.dance/enUS/events/151/results/2435.html,6
,3,2024-12-pure-bachata-role-rotation-weekend-cologne,3,past,0,0,scoringdance,2024-12-27,Pure Bachata - Role Rotation Weekend Cologne 2024,scoringdance:197,2024-12-27,https://scoring.dance/enUS/events/197/results/2886.html|https://scoring.dance/enUS/events/197/results/2887.html|https://scoring.dance/enUS/events/197/results/2888.html,3
,22,2024-01-swing-resolution,22,past,0,0,scoringdance,2024-01-26,Swing Resolution 2024,scoringdance:112,2024-01-26,https://scoring.dance/enUS/events/112/results/1552.html|https://scoring.dance/enUS/events/112/results/1553.html|https://scoring.dance/enUS/events/112/results/1554.html,22
,26,2025-01-paris-swing-classic,26,past,0,0,scoringdance,2025-01-30,Paris Swing Classic 2025,scoringdance:206,2025-01-30,https://scoring.dance/enUS/events/206/results/3096.html|https://scoring.dance/enUS/events/206/results/3097.html|https://scoring.dance/enUS/events/206/results/3098.html,26
,12,2025-07-rock-the-barn,12,past,0,0,scoringdance,2025-07-17,Rock The Barn 2025,scoringdance:287,2025-07-17,https://scoring.dance/enUS/events/287/results/4098.html|https://scoring.dance/enUS/events/287/results/4100.html|https://scoring.dance/enUS/events/287/results/4096.html,12
,4,2025-09-bachata-sensual-chicago,4,past,0,0,scoringdance,2025-09-04,Bachata Sensual Chicago 2025,scoringdance:290,2025-09-04,https://scoring.dance/enUS/events/290/results/4327.html|https://scoring.dance/enUS/events/290/results/4328.html|https://scoring.dance/enUS/events/290/results/4329.html,4
,23,2023-10-warsaw-halloween-swing,23,past,0,0,scoringdance,2023-10-26,Warsaw Halloween Swing 2023,scoringdance:96,2023-10-26,https://scoring.dance/enUS/events/96/results/1298.html|https://scoring.dance/enUS/events/96/results/1299.html|https://scoring.dance/enUS/events/96/results/1300.html,23
,16,2026-05-hungarian-open,16,past,0,0,scoringdance,2026-05-22,Hungarian Open 2026,scoringdance:415,2026-05-22,https://scoring.dance/enUS/events/415/results/5952.html|https://scoring.dance/enUS/events/415/results/5953.html|https://scoring.dance/enUS/events/415/results/5954.html,16
,17,2026-04-slovenian-open,17,past,0,0,scoringdance,2026-04-23,Slovenian Open 2026,scoringdance:404,2026-04-23,https://scoring.dance/enUS/events/404/results/5802.html|https://scoring.dance/enUS/events/404/results/5803.html|https://scoring.dance/enUS/events/404/results/5804.html,17
,21,2024-05-soswing-convention,21,past,0,0,scoringdance,2024-05-16,SOswing Convention 2024,scoringdance:130,2024-05-16,https://scoring.dance/enUS/events/130/results/1937.html|https://scoring.dance/enUS/events/130/results/1938.html|https://scoring.dance/enUS/events/130/results/1939.html,21
,20,2026-07-french-connection,20,past,0,0,scoringdance,2026-07-03,French Connection 2026,scoringdance:387,2026-07-03,https://scoring.dance/enUS/events/387/results/5448.html|https://scoring.dance/enUS/events/387/results/5449.html|https://scoring.dance/enUS/events/387/results/5450.html,20
,21,2025-11-autumn-swing-challenge,21,past,0,0,scoringdance,2025-11-06,Autumn Swing Challenge 2025,scoringdance:325,2025-11-06,https://scoring.dance/enUS/events/325/results/4759.html|https://scoring.dance/enUS/events/325/results/4760.html|https://scoring.dance/enUS/events/325/results/4761.html,21
,30,2026-04-nordic-wcs-championships,30,past,0,0,scoringdance,2026-04-30,Nordic WCS Championships 2026,scoringdance:407,2026-04-30,https://scoring.dance/enUS/events/407/results/5823.html|https://scoring.dance/enUS/events/407/results/5824.html|https://scoring.dance/enUS/events/407/results/5825.html,30
24,24,2024-10-wcs-festival-dusseldorf,,past,13,24,scoringdance,2024-10-10,WCS Festival Düsseldorf 2024,scoringdance:160,2024-10-10,,
,30,2025-12-global-grand-prix-wcs,30,past,0,0,scoringdance,2025-12-12,Global Grand Prix WCS 2025,scoringdance:323,2025-12-12,https://scoring.dance/enUS/events/323/results/4781.html|https://scoring.dance/enUS/events/323/results/4782.html|https://scoring.dance/enUS/events/323/results/4783.html,30
,3,2025-02-nrw-united-bachata-festival,3,past,0,0,scoringdance,2025-02-27,NRW United Bachata Festival 2025,scoringdance:209,2025-02-27,https://scoring.dance/enUS/events/209/results/3223.html|https://scoring.dance/enUS/events/209/results/3224.html|https://scoring.dance/enUS/events/209/results/3225.html,3
,21,2025-09-wcsparty,21,past,0,0,scoringdance,2025-09-18,WCSParty 2025,scoringdance:306,2025-09-18,https://scoring.dance/enUS/events/306/results/4334.html|https://scoring.dance/enUS/events/306/results/4335.html|https://scoring.dance/enUS/events/306/results/4331.html,21
13,13,2024-09-retaliation-swing,,past,7,13,scoringdance,2024-09-19,Retaliation Swing 2024,scoringdance:154,2024-09-19,,
,28,2025-04-easter-swing,28,past,0,0,scoringdance,2025-04-17,Easter Swing 2025,scoringdance:239,2025-04-17,https://scoring.dance/enUS/events/239/results/3529.html|https://scoring.dance/enUS/events/239/results/3530.html|https://scoring.dance/enUS/events/239/results/3514.html,28
,8,2019-11-taf-deutsche-meisterschaft-west-coast-swing,8,past,0,0,scoringdance,2019-11-16,TAF Deutsche Meisterschaft West Coast Swing 2019,scoringdance:18,2019-11-16,https://scoring.dance/enUS/events/18/results/255.html|https://scoring.dance/enUS/events/18/results/256.html|https://scoring.dance/enUS/events/18/results/257.html,8
,23,2024-02-paris-swing-classic,23,past,0,0,scoringdance,2024-02-01,Paris Swing Classic 2024,scoringdance:113,2024-02-01,https://scoring.dance/enUS/events/113/results/1569.html|https://scoring.dance/enUS/events/113/results/1570.html|https://scoring.dance/enUS/events/113/results/1571.html,23
,23,2024-10-milan-modern-swing,23,past,0,0,scoringdance,2024-10-17,Milan Modern Swing 2024,scoringdance:172,2024-10-17,https://scoring.dance/enUS/events/172/results/2511.html|https://scoring.dance/enUS/events/172/results/2512.html|https://scoring.dance/enUS/events/172/results/2513.html,23
,15,2026-02-winter-coast-swing,15,past,0,0,scoringdance,2026-02-19,Winter Coast Swing 2026,scoringdance:366,2026-02-19,https://scoring.dance/enUS/events/366/results/5255.html|https://scoring.dance/enUS/events/366/results/5256.html|https://scoring.dance/enUS/events/366/results/5257.html,15
,,,,unknown,0,0,scoringdance,,CozySwing 2019,scoringdance:21,,,
,24,2024-04-nordic-wcs-championships,24,past,0,0,scoringdance,2024-04-25,Nordic WCS Championships 2024,scoringdance:131,2024-04-25,https://scoring.dance/enUS/events/131/results/1889.html|https://scoring.dance/enUS/events/131/results/1890.html|https://scoring.dance/enUS/events/131/results/1891.html,24
,20,2025-12-winter-white,20,past,0,0,scoringdance,2025-12-04,Winter White 2025,scoringdance:342,2025-12-04,https://scoring.dance/enUS/events/342/results/4839.html|https://scoring.dance/enUS/events/342/results/4841.html|https://scoring.dance/enUS/events/342/results/4842.html,20
,,,,unknown,0,0,scoringdance,,SwingTime 2022,scoringdance:64,,,
,4,2025-05-pure-bachata-summer-festival-bachata-world-cup-geneva-qualifiers-event-germany,4,past,0,0,scoringdance,2025-05-02,Pure Bachata Summer Festival (Bachata World Cup Geneva 2026 Qualifiers Event – Germany),scoringdance:169,2025-05-02,https://scoring.dance/enUS/events/169/results/3691.html|https://scoring.dance/enUS/events/169/results/3692.html|https://scoring.dance/enUS/events/169/results/3693.html,4
,19,2023-04-nordic-wcs-championships,19,past,0,0,scoringdance,2023-04-28,Nordic WCS Championships 2023,scoringdance:80,2023-04-28,https://scoring.dance/enUS/events/80/results/975.html|https://scoring.dance/enUS/events/80/results/976.html|https://scoring.dance/enUS/events/80/results/977.html,19
,,2018-12-swingvester,,past,0,0,scoringdance,2018-12-28,SwingVester 2018,scoringdance:6,2018-12-28,,
,31,2024-04-city-of-angels-swing,31,past,0,0,scoringdance,2024-04-11,City of Angels Swing 2024,scoringdance:126,2024-04-11,https://scoring.dance/enUS/events/126/results/1748.html|https://scoring.dance/enUS/events/126/results/1749.html|https://scoring.dance/enUS/events/126/results/1750.html,31
36,36,2026-05-french-open,,past,21,36,scoringdance,2026-05-13,French Open 2026,scoringdance:391,2026-05-13,,
,17,2022-11-scandinavian-open-wcs-snow,17,past,0,0,scoringdance,2022-11-03,Scandinavian Open WCS 2022 [SNOW 2022],scoringdance:55,2022-11-03,https://scoring.dance/enUS/events/55/results/731.html|https://scoring.dance/enUS/events/55/results/732.html|https://scoring.dance/enUS/events/55/results/733.html,17
23,23,2022-01-budafest,,past,9,23,scoringdance,2022-01-05,Budafest 2022,scoringdance:44,2022-01-05,,
,4,2023-12-munich-bachata-fest,4,past,0,0,scoringdance,2023-12-08,Munich Bachata Fest 2023,scoringdance:107,2023-12-08,https://scoring.dance/enUS/events/107/results/1386.html|https://scoring.dance/enUS/events/107/results/1387.html|https://scoring.dance/enUS/events/107/results/1388.html,4
,10,2023-02-valentine-swing,10,past,0,0,scoringdance,2023-02-17,Valentine Swing 2023,scoringdance:75,2023-02-17,https://scoring.dance/enUS/events/75/results/861.html|https://scoring.dance/enUS/events/75/results/862.html|https://scoring.dance/enUS/events/75/results/863.html,10
6,6,2020-02-carnival-swing-cologne,,past,3,6,scoringdance,2020-02-14,Carnival Swing Cologne 2020,scoringdance:31,2020-02-14,,
,20,2024-04-detonation-dance,20,past,0,0,scoringdance,2024-04-18,Detonation Dance 2024,scoringdance:129,2024-04-18,https://scoring.dance/enUS/events/129/results/1820.html|https://scoring.dance/enUS/events/129/results/1821.html|https://scoring.dance/enUS/events/129/results/1817.html,20
28,28,2024-01-budafest,,past,11,28,scoringdance,2024-01-03,Budafest 2024,scoringdance:108,2024-01-03,,
,30,2024-10-halloween-swingthing,30,past,0,0,scoringdance,2024-10-25,Halloween SwingThing 2024,scoringdance:175,2024-10-25,https://scoring.dance/enUS/events/175/results/2536.html|https://scoring.dance/enUS/events/175/results/2537.html|https://scoring.dance/enUS/events/175/results/2538.html,30
,14,2023-01-westie-gala,14,past,0,0,scoringdance,2023-01-06,Westie Gala 2023,scoringdance:57,2023-01-06,https://scoring.dance/enUS/events/57/results/820.html|https://scoring.dance/enUS/events/57/results/821.html|https://scoring.dance/enUS/events/57/results/822.html,14
28,28,2024-10-westie-s-angels,,past,16,28,scoringdance,2024-10-31,Westie's Angels 2024,scoringdance:157,2024-10-31,,
,,,,unknown,0,0,scoringdance,,NeverlandSwing 2020,scoringdance:36,,,
,25,2025-09-midland-swing-open,25,past,0,0,scoringdance,2025-09-24,Midland Swing Open 2025,scoringdance:295,2025-09-24,https://scoring.dance/enUS/events/295/results/4429.html|https://scoring.dance/enUS/events/295/results/4430.html|https://scoring.dance/enUS/events/295/results/4421.html,25
,25,2025-10-warsaw-halloween-swing,25,past,0,0,scoringdance,2025-10-30,Warsaw Halloween Swing 2025,scoringdance:324,2025-10-30,https://scoring.dance/enUS/events/324/results/4727.html|https://scoring.dance/enUS/events/324/results/4728.html|https://scoring.dance/enUS/events/324/results/4758.html,25
,18,2025-06-french-connection,18,past,0,0,scoringdance,2025-06-26,French Connection 2025,scoringdance:251,2025-06-26,https://scoring.dance/enUS/events/251/results/3893.html|https://scoring.dance/enUS/events/251/results/3894.html|https://scoring.dance/enUS/events/251/results/3895.html,18
,18,2023-10-wcs-festival-dusseldorf,18,past,0,0,scoringdance,2023-10-12,WCS Festival Düsseldorf 2023,scoringdance:94,2023-10-12,https://scoring.dance/enUS/events/94/results/1246.html|https://scoring.dance/enUS/events/94/results/1247.html|https://scoring.dance/enUS/events/94/results/1271.html,18
,16,2023-05-tlv-swingfest,16,past,0,0,scoringdance,2023-05-12,TLV Swingfest 2023,scoringdance:82,2023-05-12,https://scoring.dance/enUS/events/82/results/988.html|https://scoring.dance/enUS/events/82/results/989.html|https://scoring.dance/enUS/events/82/results/990.html,16
,22,2026-01-swing-resolution,22,past,0,0,scoringdance,2026-01-23,Swing Resolution 2026,scoringdance:336,2026-01-23,https://scoring.dance/enUS/events/336/results/5085.html|https://scoring.dance/enUS/events/336/results/5087.html|https://scoring.dance/enUS/events/336/results/5088.html,22
,28,2025-01-budafest,28,past,0,0,scoringdance,2025-01-07,Budafest 2025,scoringdance:189,2025-01-07,https://scoring.dance/enUS/events/189/results/2889.html|https://scoring.dance/enUS/events/189/results/2890.html|https://scoring.dance/enUS/events/189/results/2891.html,28
,14,2026-06-baroqueswing-ludwigsburg,14,past,0,0,scoringdance,2026-06-25,BaroqueSwing Ludwigsburg 2026,scoringdance:419,2026-06-25,https://scoring.dance/enUS/events/419/results/6028.html|https://scoring.dance/enUS/events/419/results/6029.html|https://scoring.dance/enUS/events/419/results/6167.html,14
,16,2025-04-swingin-festival,16,past,0,0,scoringdance,2025-04-24,SwingIn-Festival 2025,scoringdance:241,2025-04-24,https://scoring.dance/enUS/events/241/results/3547.html|https://scoring.dance/enUS/events/241/results/3548.html|https://scoring.dance/enUS/events/241/results/3549.html,16
,20,2026-06-neverland-swing,20,past,0,0,scoringdance,2026-06-25,Neverland Swing 2026,scoringdance:364,2026-06-25,https://scoring.dance/enUS/events/364/results/6181.html|https://scoring.dance/enUS/events/364/results/6182.html|https://scoring.dance/enUS/events/364/results/6183.html,20
,6,2019-05-taf-german-masters-west,6,past,0,0,scoringdance,2019-05-25,TAF German Masters West 2019,scoringdance:16,2019-05-25,https://scoring.dance/enUS/events/16/results/116.html|https://scoring.dance/enUS/events/16/results/117.html|https://scoring.dance/enUS/events/16/results/118.html,6
,4,2019-04-zouk-german-open-championship,4,past,0,0,scoringdance,2019-04-19,Zouk 1st German Open Championship 2019,scoringdance:14,2019-04-19,https://scoring.dance/enUS/events/14/results/105.html|https://scoring.dance/enUS/events/14/results/107.html|https://scoring.dance/enUS/events/14/results/109.html,4
20,20,2025-04-detonation-dance,,past,11,20,scoringdance,2025-04-24,Detonation Dance 2025,scoringdance:244,2025-04-24,,
,,,,unknown,0,0,scoringdance,,Baltic Swing 2020,scoringdance:37,,,
,26,2025-05-soswing-convention,26,past,0,0,scoringdance,2025-05-15,SOswing Convention 2025,scoringdance:192,2025-05-15,https://scoring.dance/enUS/events/192/results/3704.html|https://scoring.dance/enUS/events/192/results/3705.html|https://scoring.dance/enUS/events/192/results/3701.html,26
28,28,2022-06-d-town-swing,,past,14,28,scoringdance,2022-06-16,D-Town Swing 2022,scoringdance:51,2022-06-16,,
50,50,2024-08-swingtime-denver,,past,27,50,scoringdance,2024-08-15,SwingTime Denver 2024,scoringdance:141,2024-08-15,,
,38,2025-10-boogie-by-the-bay,38,past,0,0,scoringdance,2025-10-16,Boogie By the Bay,scoringdance:274,2025-10-16,https://scoring.dance/enUS/events/274/results/4597.html|https://scoring.dance/enUS/events/274/results/4599.html|https://scoring.dance/enUS/events/274/results/4600.html,38
,18,2022-08-german-open,18,past,0,0,scoringdance,2022-08-04,German Open 2022,scoringdance:53,2022-08-04,https://scoring.dance/enUS/events/53/results/592.html|https://scoring.dance/enUS/events/53/results/594.html|https://scoring.dance/enUS/events/53/results/595.html,18
5,5,2025-03-bachata-geneva-festival-bachata-social-world-cup,,past,2,4,scoringdance,2025-03-28,Bachata Geneva Festival - Bachata Social World Cup 2025,scoringdance:198,2025-03-28,,
,,,,unknown,0,0,scoringdance,,Euro Sensual Festival 2025,scoringdance:284,,,
,,,,unknown,0,0,scoringdance,,Cologne Zouk Festival 2020,scoringdance:32,,,
,21,2025-01-avignon-city-swing,21,past,0,0,scoringdance,2025-01-17,Avignon City Swing 2025,scoringdance:199,2025-01-17,https://scoring.dance/enUS/events/199/results/2990.html|https://scoring.dance/enUS/events/199/results/2991.html|https://scoring.dance/enUS/events/199/results/2992.html,21
,21,2026-06-milan-swing-vibes,21,past,0,0,scoringdance,2026-06-18,Milan Swing Vibes 2026,scoringdance:365,2026-06-18,https://scoring.dance/enUS/events/365/results/6151.html|https://scoring.dance/enUS/events/365/results/6152.html|https://scoring.dance/enUS/events/365/results/6153.html,21
,21,2026-05-med-in-swing,21,past,0,0,scoringdance,2026-05-07,Med In Swing 2026,scoringdance:395,2026-05-07,https://scoring.dance/enUS/events/395/results/5547.html|https://scoring.dance/enUS/events/395/results/5548.html|https://scoring.dance/enUS/events/395/results/5549.html,21
18,18,2026-03-all-star-swingjam,,past,9,18,scoringdance,2026-03-12,All Star SwingJam 2026,scoringdance:321,2026-03-12,,
,20,2025-11-westie-pink-city,20,past,0,0,scoringdance,2025-11-13,Westie Pink City 2025,scoringdance:316,2025-11-13,https://scoring.dance/enUS/events/316/results/4528.html|https://scoring.dance/enUS/events/316/results/4529.html|https://scoring.dance/enUS/events/316/results/4530.html,20
,27,2025-11-westie-s-angels,27,past,0,0,scoringdance,2025-11-06,Westie's Angels 2025,scoringdance:314,2025-11-06,https://scoring.dance/enUS/events/314/results/4467.html|https://scoring.dance/enUS/events/314/results/4468.html|https://scoring.dance/enUS/events/314/results/4469.html,27
,20,2024-03-westie-spring-thing,20,past,0,0,scoringdance,2024-03-14,Westie Spring Thing 2024,scoringdance:115,2024-03-14,https://scoring.dance/enUS/events/115/results/1631.html|https://scoring.dance/enUS/events/115/results/1632.html|https://scoring.dance/enUS/events/115/results/1633.html,20
,3,2024-10-german-open-championship,3,past,0,0,scoringdance,2024-10-03,German Open Championship 2024,scoringdance:118,2024-10-03,https://scoring.dance/enUS/events/118/results/2441.html|https://scoring.dance/enUS/events/118/results/2442.html|https://scoring.dance/enUS/events/118/results/2443.html,3
,2,2025-01-pure-bachata-urban-fusion-festival,2,past,0,0,scoringdance,2025-01-31,Pure Bachata - Urban Fusion Festival 2025,scoringdance:202,2025-01-31,https://scoring.dance/enUS/events/202/results/3120.html|https://scoring.dance/enUS/events/202/results/3121.html,2
,,2018-05-cologne-zouk-festival,,past,0,0,scoringdance,2018-05-12,Cologne Zouk Festival,scoringdance:3,2018-05-12,,
,15,2026-02-prague-alchemy-swing,15,past,0,0,scoringdance,2026-02-13,Prague Alchemy Swing,scoringdance:357,2026-02-13,https://scoring.dance/enUS/events/357/results/5071.html|https://scoring.dance/enUS/events/357/results/5073.html|https://scoring.dance/enUS/events/357/results/5074.html,15
20,20,2026-07-mediterranean-open,,past,9,19,scoringdance,2026-07-09,Mediterranean Open 2026,scoringdance:376,2026-07-09,,
,,2019-09-taf-german-masters-west-coast-swing-nord,,past,0,0,scoringdance,2019-09-07,TAF German Masters West Coast Swing Nord 2019,scoringdance:17,2019-09-07,,
,25,2023-01-budafest,25,past,0,0,scoringdance,2023-01-11,Budafest 2023,scoringdance:58,2023-01-11,https://scoring.dance/enUS/events/58/results/838.html|https://scoring.dance/enUS/events/58/results/839.html|https://scoring.dance/enUS/events/58/results/858.html,25
,14,2024-04-slovenian-open,14,past,0,0,scoringdance,2024-04-19,Slovenian Open 2024,scoringdance:125,2024-04-19,https://scoring.dance/enUS/events/125/results/1801.html|https://scoring.dance/enUS/events/125/results/1802.html|https://scoring.dance/enUS/events/125/results/1803.html,14
31,31,2026-06-d-town-swing,,past,17,31,scoringdance,2026-06-18,D-Town Swing 2026,scoringdance:378,2026-06-18,,
,25,2024-07-sea-sun-swing-camp,25,past,0,0,scoringdance,2024-07-27,Sea Sun & Swing Camp 2024,scoringdance:144,2024-07-27,https://scoring.dance/enUS/events/144/results/2126.html|https://scoring.dance/enUS/events/144/results/2127.html|https://scoring.dance/enUS/events/144/results/2128.html,25
,17,2025-08-the-bend-connection,17,past,0,0,scoringdance,2025-08-21,The Bend Connection 2025,scoringdance:200,2025-08-21,https://scoring.dance/enUS/events/200/results/4142.html|https://scoring.dance/enUS/events/200/results/4143.html|https://scoring.dance/enUS/events/200/results/4144.html,17
,11,2024-08-bristol-swing-fiesta,11,past,0,0,scoringdance,2024-08-09,Bristol Swing Fiesta,scoringdance:147,2024-08-09,https://scoring.dance/enUS/events/147/results/2194.html|https://scoring.dance/enUS/events/147/results/2195.html|https://scoring.dance/enUS/events/147/results/2196.html,11
,9,2024-04-swingin-festival,9,past,0,0,scoringdance,2024-04-05,SwingIn - Festival 2024,scoringdance:124,2024-04-05,https://scoring.dance/enUS/events/124/results/1720.html|https://scoring.dance/enUS/events/124/results/1721.html|https://scoring.dance/enUS/events/124/results/1722.html,9
,19,2023-06-baltic-swing,19,past,0,0,scoringdance,2023-06-15,Baltic Swing 2023,scoringdance:83,2023-06-15,https://scoring.dance/enUS/events/83/results/1035.html|https://scoring.dance/enUS/events/83/results/1036.html|https://scoring.dance/enUS/events/83/results/1037.html,19
,11,2020-01-municorn-swing,11,past,0,0,scoringdance,2020-01-23,Municorn Swing 2020,scoringdance:29,2020-01-23,https://scoring.dance/enUS/events/29/results/331.html|https://scoring.dance/enUS/events/29/results/332.html|https://scoring.dance/enUS/events/29/results/333.html,11
,,,,unknown,0,0,scoringdance,,Swing Generations 2020,scoringdance:41,,,
,,,,unknown,0,0,scoringdance,,SwingTime Denver 2025,scoringdance:293,,,
,37,2024-05-french-open,37,past,0,0,scoringdance,2024-05-08,French Open 2024,scoringdance:121,2024-05-08,https://scoring.dance/enUS/events/121/results/1839.html|https://scoring.dance/enUS/events/121/results/1840.html|https://scoring.dance/enUS/events/121/results/1841.html,37
,29,2025-03-uk-west-coast-swing-championships,29,past,0,0,scoringdance,2025-03-27,UK West Coast Swing Championships 2025,scoringdance:201,2025-03-27,https://scoring.dance/enUS/events/201/results/3340.html|https://scoring.dance/enUS/events/201/results/3342.html|https://scoring.dance/enUS/events/201/results/3343.html,29
,17,2025-04-slovenian-open,17,past,0,0,scoringdance,2025-04-10,Slovenian Open 2025,scoringdance:233,2025-04-10,https://scoring.dance/enUS/events/233/results/3454.html|https://scoring.dance/enUS/events/233/results/3455.html|https://scoring.dance/enUS/events/233/results/3456.html,17
,28,2024-12-global-grand-prix-swing-dance-championships,28,past,0,0,scoringdance,2024-12-13,Global Grand Prix Swing Dance Championships 2024,scoringdance:186,2024-12-13,https://scoring.dance/enUS/events/186/results/2792.html|https://scoring.dance/enUS/events/186/results/2793.html|https://scoring.dance/enUS/events/186/results/2794.html,28
,4,2025-01-munich-bachata-fest,4,past,0,0,scoringdance,2025-01-09,Munich Bachata Fest 2025,scoringdance:167,2025-01-09,https://scoring.dance/enUS/events/167/results/2987.html|https://scoring.dance/enUS/events/167/results/2988.html|https://scoring.dance/enUS/events/167/results/2989.html,4
,,2023-06-jack-jill-o-rama,,past,0,0,scoringdance,2023-06-08,Jack&Jill O'Rama,scoringdance:87,2023-06-08,,
,6,2022-09-cologne-swing-weekend,6,past,0,0,scoringdance,2022-09-23,Cologne Swing Weekend 2022,scoringdance:69,2022-09-23,https://scoring.dance/enUS/events/69/results/647.html|https://scoring.dance/enUS/events/69/results/648.html|https://scoring.dance/enUS/events/69/results/649.html,6
,18,2022-06-baltic-swing,18,past,0,0,scoringdance,2022-06-24,Baltic Swing 2022,scoringdance:65,2022-06-24,https://scoring.dance/enUS/events/65/results/554.html|https://scoring.dance/enUS/events/65/results/555.html|https://scoring.dance/enUS/events/65/results/556.html,18
25,25,2024-09-midland-swing-open,,past,12,25,scoringdance,2024-09-26,Midland Swing Open 2024,scoringdance:150,2024-09-26,,
,17,2024-06-dance-n-play,17,past,0,0,scoringdance,2024-06-13,Dance N Play 2024,scoringdance:142,2024-06-13,https://scoring.dance/enUS/events/142/results/2046.html|https://scoring.dance/enUS/events/142/results/2047.html|https://scoring.dance/enUS/events/142/results/2048.html,17
,13,2026-07-warsaw-summer-nights-westival,13,past,0,0,scoringdance,2026-07-30,Warsaw Summer Nights Westival 2026,scoringdance:399,2026-07-30,https://scoring.dance/enUS/events/399/results/6286.html|https://scoring.dance/enUS/events/399/results/6287.html|https://scoring.dance/enUS/events/399/results/6288.html,13
,14,2026-05-nanaimo-dance-fusion,14,past,0,0,scoringdance,2026-05-28,Nanaimo Dance Fusion 2026,scoringdance:405,2026-05-28,https://scoring.dance/enUS/events/405/results/5931.html|https://scoring.dance/enUS/events/405/results/5932.html|https://scoring.dance/enUS/events/405/results/5933.html,14
,,,,unknown,0,0,scoringdance,,Monterey Swing Fest 2024,scoringdance:111,,,
,5,2026-01-bachazouk-bachata-festival,5,past,0,0,scoringdance,2026-01-29,BachaZouk Bachata Festival 2026,scoringdance:346,2026-01-29,https://scoring.dance/enUS/events/346/results/5147.html|https://scoring.dance/enUS/events/346/results/5148.html|https://scoring.dance/enUS/events/346/results/5149.html,5
,4,2024-06-bachata-sensual-congress-germany,4,past,0,0,scoringdance,2024-06-21,Bachata Sensual Congress Germany 2024,scoringdance:117,2024-06-21,https://scoring.dance/enUS/events/117/results/2059.html|https://scoring.dance/enUS/events/117/results/2060.html|https://scoring.dance/enUS/events/117/results/2061.html,4
16,16,2025-02-winter-coast-swing,,past,8,16,scoringdance,2025-02-20,Winter Coast Swing 2025,scoringdance:224,2025-02-20,,
,25,2023-08-bavarian-open,25,past,0,0,scoringdance,2023-08-31,Bavarian Open 2023,scoringdance:91,2023-08-31,https://scoring.dance/enUS/events/91/results/1161.html|https://scoring.dance/enUS/events/91/results/1162.html|https://scoring.dance/enUS/events/91/results/1163.html,25
10,10,2023-07-rock-the-barn,,past,5,10,scoringdance,2023-07-21,Rock The Barn 2023,scoringdance:89,2023-07-21,,
,15,2022-09-midland-swing-open,15,past,0,0,scoringdance,2022-09-30,Midland Swing Open 2022,scoringdance:70,2022-09-30,https://scoring.dance/enUS/events/70/results/671.html|https://scoring.dance/enUS/events/70/results/672.html|https://scoring.dance/enUS/events/70/results/673.html,15
,17,2026-08-uptown-swing,17,past,0,0,scoringdance,2026-08-14,UpTown Swing 2026,scoringdance:437,2026-08-14,https://scoring.dance/enUS/events/437/results/6387.html|https://scoring.dance/enUS/events/437/results/6388.html|https://scoring.dance/enUS/events/437/results/6384.html,17
,19,2026-07-sea-sun-swing-camp,19,past,0,0,scoringdance,2026-07-25,Sea Sun & Swing Camp 2026,scoringdance:394,2026-07-25,https://scoring.dance/enUS/events/394/results/6299.html|https://scoring.dance/enUS/events/394/results/6300.html|https://scoring.dance/enUS/events/394/results/6301.html,19
,3,2026-01-latin-dreams,3,past,0,0,scoringdance,2026-01-30,Latin Dreams 2026,scoringdance:351,2026-01-30,https://scoring.dance/enUS/events/351/results/5144.html|https://scoring.dance/enUS/events/351/results/5145.html|https://scoring.dance/enUS/events/351/results/5146.html,3
,8,2024-09-aloha-open,8,past,0,0,scoringdance,2024-09-25,Aloha Open 2024,scoringdance:155,2024-09-25,https://scoring.dance/enUS/events/155/results/2396.html|https://scoring.dance/enUS/events/155/results/2397.html|https://scoring.dance/enUS/events/155/results/2398.html,8
,13,2022-06-neverlandswing,13,past,0,0,scoringdance,2022-06-30,NeverlandSwing 2022,scoringdance:66,2022-06-30,https://scoring.dance/enUS/events/66/results/576.html|https://scoring.dance/enUS/events/66/results/577.html|https://scoring.dance/enUS/events/66/results/578.html,13
,18,2019-10-warsaw-halloween-swing,18,past,0,0,scoringdance,2019-10-31,Warsaw Halloween Swing 2019,scoringdance:22,2019-10-31,https://scoring.dance/enUS/events/22/results/214.html|https://scoring.dance/enUS/events/22/results/216.html|https://scoring.dance/enUS/events/22/results/217.html,18
,,,,unknown,0,0,scoringdance,,Stockholm Sensual 2025,scoringdance:217,,,
,,,,unknown,0,0,scoringdance,,Detonation Dance 2020,scoringdance:39,,,
,,,,unknown,0,0,scoringdance,,SwingVester 2019/20,scoringdance:20,,,
,20,2023-03-westie-spring-thing,20,past,0,0,scoringdance,2023-03-09,Westie Spring Thing 2023,scoringdance:76,2023-03-09,https://scoring.dance/enUS/events/76/results/878.html|https://scoring.dance/enUS/events/76/results/879.html|https://scoring.dance/enUS/events/76/results/880.html,20
,21,2026-04-westy-nantes,21,past,0,0,scoringdance,2026-04-10,Westy Nantes 2026,scoringdance:338,2026-04-10,https://scoring.dance/enUS/events/338/results/5411.html|https://scoring.dance/enUS/events/338/results/5412.html|https://scoring.dance/enUS/events/338/results/5413.html,21
,17,2023-03-5280-westival,17,past,0,0,scoringdance,2023-03-23,5280 Westival 2023,scoringdance:74,2023-03-23,https://scoring.dance/enUS/events/74/results/910.html|https://scoring.dance/enUS/events/74/results/911.html|https://scoring.dance/enUS/events/74/results/913.html,17
30,30,2026-03-west-in-lyon,,past,16,30,scoringdance,2026-03-12,West in Lyon 2026,scoringdance:337,2026-03-12,,
,26,2025-09-finnfest,26,past,0,0,scoringdance,2025-09-18,Finnfest 2025,scoringdance:309,2025-09-18,https://scoring.dance/enUS/events/309/results/4384.html|https://scoring.dance/enUS/events/309/results/4385.html|https://scoring.dance/enUS/events/309/results/4440.html,26
,3,2025-02-luxembourg-bachata-family-festival,3,past,0,0,scoringdance,2025-02-07,Luxembourg Bachata Family Festival 2025,scoringdance:153,2025-02-07,https://scoring.dance/enUS/events/153/results/3137.html|https://scoring.dance/enUS/events/153/results/3138.html|https://scoring.dance/enUS/events/153/results/3139.html,3
,30,2023-06-d-town-swing,30,past,0,0,scoringdance,2023-06-22,D-Town Swing 2023,scoringdance:84,2023-06-22,https://scoring.dance/enUS/events/84/results/1065.html|https://scoring.dance/enUS/events/84/results/1066.html|https://scoring.dance/enUS/events/84/results/1083.html,30
14,14,2026-03-king-swing,,past,5,14,scoringdance,2026-03-19,King Swing 2026,scoringdance:373,2026-03-19,,
,16,2022-09-finnfest,16,past,0,0,scoringdance,2022-09-23,Finnfest 2022,scoringdance:68,2022-09-23,https://scoring.dance/enUS/events/68/results/653.html|https://scoring.dance/enUS/events/68/results/654.html|https://scoring.dance/enUS/events/68/results/655.html,16
,27,2025-10-milan-modern-swing,27,past,0,0,scoringdance,2025-10-09,Milan Modern Swing 2025,scoringdance:318,2025-10-09,https://scoring.dance/enUS/events/318/results/4572.html|https://scoring.dance/enUS/events/318/results/4573.html|https://scoring.dance/enUS/events/318/results/4642.html,27
,21,2024-09-finnfest,21,past,0,0,scoringdance,2024-09-19,Finnfest 2024,scoringdance:159,2024-09-19,https://scoring.dance/enUS/events/159/results/2335.html|https://scoring.dance/enUS/events/159/results/2337.html|https://scoring.dance/enUS/events/159/results/2338.html,21
,20,2026-03-westie-spring-thing,20,past,0,0,scoringdance,2026-03-12,Westie Spring Thing 2026,scoringdance:381,2026-03-12,https://scoring.dance/enUS/events/381/results/5356.html|https://scoring.dance/enUS/events/381/results/5357.html|https://scoring.dance/enUS/events/381/results/5358.html,20
,2,2024-10-bachata-explosion,2,past,0,0,scoringdance,2024-10-18,Bachata Explosion 2024,scoringdance:132,2024-10-18,https://scoring.dance/enUS/events/132/results/2568.html|https://scoring.dance/enUS/events/132/results/2569.html,2
,11,2024-07-rock-the-barn,11,past,0,0,scoringdance,2024-07-18,Rock The Barn 2024,scoringdance:138,2024-07-18,https://scoring.dance/enUS/events/138/results/2093.html|https://scoring.dance/enUS/events/138/results/2094.html|https://scoring.dance/enUS/events/138/results/2095.html,11
,13,2024-07-bend-connection,13,past,0,0,scoringdance,2024-07-25,Bend Connection 2024,scoringdance:145,2024-07-25,https://scoring.dance/enUS/events/145/results/2110.html|https://scoring.dance/enUS/events/145/results/2111.html|https://scoring.dance/enUS/events/145/results/2112.html,13
,35,2024-10-boogie-by-the-bay,35,past,0,0,scoringdance,2024-10-10,Boogie by the Bay 2024,scoringdance:156,2024-10-10,https://scoring.dance/enUS/events/156/results/2474.html|https://scoring.dance/enUS/events/156/results/2475.html|https://scoring.dance/enUS/events/156/results/2476.html,35
,3,2025-06-bachata-beach-festival,3,past,0,0,scoringdance,2025-06-19,Bachata Beach Festival 2025,scoringdance:265,2025-06-19,https://scoring.dance/enUS/events/265/results/3999.html|https://scoring.dance/enUS/events/265/results/4000.html|https://scoring.dance/enUS/events/265/results/4001.html,3
29,29,2025-02-rose-city-swing,,past,14,29,scoringdance,2025-02-20,Rose City Swing 2025,scoringdance:182,2025-02-20,,
,19,2026-01-avignon-city-swing,19,past,0,0,scoringdance,2026-01-16,Avignon City Swing 2026,scoringdance:334,2026-01-16,https://scoring.dance/enUS/events/334/results/5050.html|https://scoring.dance/enUS/events/334/results/5051.html|https://scoring.dance/enUS/events/334/results/5052.html,19
27,27,2023-12-global-grand-prix-swing-dance-championships,,past,16,27,scoringdance,2023-12-14,Global Grand Prix Swing Dance Championships 2023,scoringdance:100,2023-12-14,,
,,,,unknown,0,0,scoringdance,,Paris Sensual Festival 2026,scoringdance:417,,,
1,1,2018-11-cozyswing,,past,1,1,scoringdance,2018-11-30,CozySwing 2018,scoringdance:5,2018-11-30,,
,3,2024-09-bindaas-bachata-festival,3,past,0,0,scoringdance,2024-09-06,BINDAAS Bachata Festival 2024,scoringdance:143,2024-09-06,https://scoring.dance/enUS/events/143/results/2300.html|https://scoring.dance/enUS/events/143/results/2301.html|https://scoring.dance/enUS/events/143/results/2302.html,3
,13,2025-03-king-swing,13,past,0,0,scoringdance,2025-03-20,King Swing 2025,scoringdance:231,2025-03-20,https://scoring.dance/enUS/events/231/results/3302.html|https://scoring.dance/enUS/events/231/results/3303.html|https://scoring.dance/enUS/events/231/results/3304.html,13
,,,,unknown,0,0,scoringdance,,SwingCouver 2020,scoringdance:28,,,
,5,2025-10-bachata-zouk-royals,5,past,0,0,scoringdance,2025-10-24,Bachata Zouk Royals 2025,scoringdance:283,2025-10-24,https://scoring.dance/enUS/events/283/results/4673.html|https://scoring.dance/enUS/events/283/results/4674.html|https://scoring.dance/enUS/events/283/results/4675.html,5
,15,2022-12-berlin-swing-revolution,15,past,0,0,scoringdance,2022-12-08,Berlin Swing Revolution 2022,scoringdance:56,2022-12-08,https://scoring.dance/enUS/events/56/results/748.html|https://scoring.dance/enUS/events/56/results/749.html|https://scoring.dance/enUS/events/56/results/750.html,15
,,,,unknown,0,0,scoringdance,,Scandinavian Open WCS 2021 [SNOW 2021],scoringdance:47,,,
15,15,2025-05-festival-city-swing-edinburgh,,past,9,15,scoringdance,2025-05-30,Festival City Swing Edinburgh 2025,scoringdance:263,2025-05-30,,
,23,2019-09-bavarian-open,23,past,0,0,scoringdance,2019-09-12,Bavarian Open 2019,scoringdance:23,2019-09-12,https://scoring.dance/enUS/events/23/results/175.html|https://scoring.dance/enUS/events/23/results/176.html|https://scoring.dance/enUS/events/23/results/177.html,23
,25,2025-04-westy-nantes,25,past,0,0,scoringdance,2025-04-04,Westy Nantes 2025,scoringdance:207,2025-04-04,https://scoring.dance/enUS/events/207/results/3395.html|https://scoring.dance/enUS/events/207/results/3396.html|https://scoring.dance/enUS/events/207/results/3370.html,25
,21,2024-11-westie-pink-city,21,past,0,0,scoringdance,2024-11-08,Westie Pink City 2024,scoringdance:164,2024-11-08,https://scoring.dance/enUS/events/164/results/2714.html|https://scoring.dance/enUS/events/164/results/2715.html|https://scoring.dance/enUS/events/164/results/2716.html,21
,,,,unknown,0,0,scoringdance,,Hungarian Open 2020,scoringdance:33,,,
23,23,2020-01-budafest,,past,9,23,scoringdance,2020-01-02,Budafest 2020,scoringdance:25,2020-01-02,,
,4,2023-09-german-open-bachata-championship,4,past,0,0,scoringdance,2023-09-29,German Open Bachata Championship 2023,scoringdance:102,2023-09-29,https://scoring.dance/enUS/events/102/results/1242.html|https://scoring.dance/enUS/events/102/results/1243.html|https://scoring.dance/enUS/events/102/results/1244.html,4
,32,2025-01-montereyswingfest,32,past,0,0,scoringdance,2025-01-16,MontereySwingfest 2025,scoringdance:193,2025-01-16,https://scoring.dance/enUS/events/193/results/3033.html|https://scoring.dance/enUS/events/193/results/3034.html|https://scoring.dance/enUS/events/193/results/3035.html,32
9,9,2025-02-swingtzerland,,past,4,9,scoringdance,2025-02-06,Swingtzerland 2025,scoringdance:222,2025-02-06,,
,10,2022-08-uptown-swing,10,past,0,0,scoringdance,2022-08-12,UpTown Swing 2022,scoringdance:67,2022-08-12,https://scoring.dance/enUS/events/67/results/607.html|https://scoring.dance/enUS/events/67/results/608.html|https://scoring.dance/enUS/events/67/results/609.html,10
,29,2025-05-nordic-wcs-championships,29,past,0,0,scoringdance,2025-05-01,Nordic WCS Championships 2025,scoringdance:249,2025-05-01,https://scoring.dance/enUS/events/249/results/3653.html|https://scoring.dance/enUS/events/249/results/3654.html|https://scoring.dance/enUS/events/249/results/3655.html,29
,,,,unknown,0,0,scoringdance,,Westy Nantes 2024,scoringdance:120,,,
,14,2022-03-westie-spring-thing,14,past,0,0,scoringdance,2022-03-10,Westie Spring Thing 2022,scoringdance:52,2022-03-10,https://scoring.dance/enUS/events/52/results/457.html|https://scoring.dance/enUS/events/52/results/458.html|https://scoring.dance/enUS/events/52/results/459.html,14
,14,2023-06-neverlandswing,14,past,0,0,scoringdance,2023-06-29,NeverlandSwing 2023,scoringdance:85,2023-06-29,https://scoring.dance/enUS/events/85/results/1084.html|https://scoring.dance/enUS/events/85/results/1085.html|https://scoring.dance/enUS/events/85/results/1086.html,14
,7,2025-08-wcs-magyar-kupa,7,past,0,0,scoringdance,2025-08-30,WCS Magyar Kupa 2025,scoringdance:260,2025-08-30,https://scoring.dance/enUS/events/260/results/4268.html|https://scoring.dance/enUS/events/260/results/4269.html|https://scoring.dance/enUS/events/260/results/4266.html,7
,15,2025-12-berlin-swing-revolution,15,past,0,0,scoringdance,2025-12-11,Berlin Swing Revolution 2025,scoringdance:347,2025-12-11,https://scoring.dance/enUS/events/347/results/4875.html|https://scoring.dance/enUS/events/347/results/4876.html|https://scoring.dance/enUS/events/347/results/4877.html,15
,9,2025-11-flowstate,9,past,0,0,scoringdance,2025-11-14,Flowstate 2025,scoringdance:330,2025-11-14,https://scoring.dance/enUS/events/330/results/4824.html|https://scoring.dance/enUS/events/330/results/4825.html|https://scoring.dance/enUS/events/330/results/4817.html,9
,18,2024-12-westie-gala,18,past,0,0,scoringdance,2024-12-28,Westie Gala 2024/2025,scoringdance:196,2024-12-28,https://scoring.dance/enUS/events/196/results/2867.html|https://scoring.dance/enUS/events/196/results/2868.html|https://scoring.dance/enUS/events/196/results/2869.html,18
8,8,2024-07-saunaswing,,past,4,8,scoringdance,2024-07-12,SaunaSwing 2024,scoringdance:137,2024-07-12,,
,,,,unknown,0,0,scoringdance,,The After Party 2021 [TAP2021],scoringdance:49,,,
,29,2026-04-korean-open,29,past,0,0,scoringdance,2026-04-09,Korean Open 2026,scoringdance:340,2026-04-09,https://scoring.dance/enUS/events/340/results/5471.html|https://scoring.dance/enUS/events/340/results/5472.html|https://scoring.dance/enUS/events/340/results/5473.html,29
9,9,2024-09-mooseland-swing,,past,5,9,scoringdance,2024-09-27,Mooseland Swing 2024,scoringdance:152,2024-09-27,,
,,,,unknown,0,0,scoringdance,,BOTP - Balboa On The Promenade 2020,scoringdance:34,,,
,22,2026-04-detonation-dance,22,past,0,0,scoringdance,2026-04-23,Detonation Dance 2026,scoringdance:389,2026-04-23,https://scoring.dance/enUS/events/389/results/5746.html|https://scoring.dance/enUS/events/389/results/5747.html|https://scoring.dance/enUS/events/389/results/5733.html,22
,,,,unknown,0,0,scoringdance,,Carnival Swing Cologne 2023,scoringdance:77,,,
,5,2025-06-nordic-bachata-congress,5,past,0,0,scoringdance,2025-06-13,Nordic Bachata Congress 2025,scoringdance:216,2025-06-13,https://scoring.dance/enUS/events/216/results/3979.html|https://scoring.dance/enUS/events/216/results/3980.html|https://scoring.dance/enUS/events/216/results/3981.html,5
,19,2019-08-german-open,19,past,0,0,scoringdance,2019-08-08,German Open 2019,scoringdance:19,2019-08-08,https://scoring.dance/enUS/events/19/results/146.html|https://scoring.dance/enUS/events/19/results/147.html|https://scoring.dance/enUS/events/19/results/148.html,19
,23,2025-08-rolling-swing,23,past,0,0,scoringdance,2025-08-28,Rolling Swing 2025,scoringdance:286,2025-08-28,https://scoring.dance/enUS/events/286/results/4241.html|https://scoring.dance/enUS/events/286/results/4242.html|https://scoring.dance/enUS/events/286/results/4243.html,23
,14,2025-05-nanaimo-dance-fusion,14,past,0,0,scoringdance,2025-05-23,Nanaimo Dance Fusion 2025,scoringdance:248,2025-05-23,https://scoring.dance/enUS/events/248/results/3782.html|https://scoring.dance/enUS/events/248/results/3783.html|https://scoring.dance/enUS/events/248/results/3784.html,14
,29,2024-06-d-town-swing,29,past,0,0,scoringdance,2024-06-13,D-Town Swing 2024,scoringdance:135,2024-06-13,https://scoring.dance/enUS/events/135/results/2003.html|https://scoring.dance/enUS/events/135/results/2004.html|https://scoring.dance/enUS/events/135/results/2036.html,29
,19,2022-12-global-grand-prix-swing-dance-championships,19,past,0,0,scoringdance,2022-12-15,Global Grand Prix Swing Dance Championships 2022,scoringdance:73,2022-12-15,https://scoring.dance/enUS/events/73/results/774.html|https://scoring.dance/enUS/events/73/results/775.html|https://scoring.dance/enUS/events/73/results/776.html,19
,31,2023-12-swingcouver-24,31,past,0,0,scoringdance,2023-12-28,SwingCouver 2023/24,scoringdance:106,2023-12-28,https://scoring.dance/enUS/events/106/results/1466.html|https://scoring.dance/enUS/events/106/results/1467.html|https://scoring.dance/enUS/events/106/results/1468.html,31
,,,,unknown,0,0,scoringdance,,Hippmann Fun-Competition 2024,scoringdance:179,,,
27,27,2024-08-german-open,,past,13,27,scoringdance,2024-08-01,German Open 2024,scoringdance:139,2024-08-01,,
,23,2024-11-sea-to-sky,23,past,0,0,scoringdance,2024-11-07,Sea to Sky 2024,scoringdance:176,2024-11-07,https://scoring.dance/enUS/events/176/results/2688.html|https://scoring.dance/enUS/events/176/results/2689.html|https://scoring.dance/enUS/events/176/results/2690.html,23
,31,2025-09-bavarian-open,31,past,0,0,scoringdance,2025-09-11,Bavarian Open 2025,scoringdance:304,2025-09-11,https://scoring.dance/enUS/events/304/results/4273.html|https://scoring.dance/enUS/events/304/results/4274.html|https://scoring.dance/enUS/events/304/results/4275.html,31
,20,2024-12-winter-white,20,past,0,0,scoringdance,2024-12-05,Winter White 2024,scoringdance:185,2024-12-05,https://scoring.dance/enUS/events/185/results/2744.html|https://scoring.dance/enUS/events/185/results/2745.html|https://scoring.dance/enUS/events/185/results/2767.html,20
,16,2025-10-norwegian-open,16,past,0,0,scoringdance,2025-10-02,Norwegian Open 2025,scoringdance:317,2025-10-02,https://scoring.dance/enUS/events/317/results/4551.html|https://scoring.dance/enUS/events/317/results/4552.html|https://scoring.dance/enUS/events/317/results/4553.html,16
,12,2024-04-dutch-open,12,past,0,0,scoringdance,2024-04-04,Dutch Open 2024,scoringdance:119,2024-04-04,https://scoring.dance/enUS/events/119/results/1734.html|https://scoring.dance/enUS/events/119/results/1735.html|https://scoring.dance/enUS/events/119/results/1736.html,12
,21,2025-01-swing-resolution,21,past,0,0,scoringdance,2025-01-23,Swing Resolution 2025,scoringdance:195,2025-01-23,https://scoring.dance/enUS/events/195/results/3066.html|https://scoring.dance/enUS/events/195/results/3067.html|https://scoring.dance/enUS/events/195/results/3068.html,21
,24,2026-08-swing-creation-hamburg,24,past,0,0,scoringdance,2026-08-20,Swing Creation Hamburg,scoringdance:436,2026-08-20,https://scoring.dance/enUS/events/436/results/6378.html|https://scoring.dance/enUS/events/436/results/6379.html|https://scoring.dance/enUS/events/436/results/6380.html,24
,15,2025-03-euro-dance-festival,15,past,0,0,scoringdance,2025-03-04,Euro Dance Festival 2025,scoringdance:158,2025-03-04,https://scoring.dance/enUS/events/158/results/3205.html|https://scoring.dance/enUS/events/158/results/3207.html|https://scoring.dance/enUS/events/158/results/3220.html,15
,19,2025-05-swing-of-music,19,past,0,0,scoringdance,2025-05-08,Swing of Music 2025,scoringdance:245,2025-05-08,https://scoring.dance/enUS/events/245/results/3676.html|https://scoring.dance/enUS/events/245/results/3678.html|https://scoring.dance/enUS/events/245/results/3671.html,19
,28,2026-04-easter-swing,28,past,0,0,scoringdance,2026-04-02,Easter Swing 2026,scoringdance:327,2026-04-02,https://scoring.dance/enUS/events/327/results/5614.html|https://scoring.dance/enUS/events/327/results/5616.html|https://scoring.dance/enUS/events/327/results/5607.html,28
,12,2021-12-berlin-swing-revolution,12,past,0,0,scoringdance,2021-12-09,Berlin Swing Revolution 2021,scoringdance:48,2021-12-09,https://scoring.dance/enUS/events/48/results/411.html|https://scoring.dance/enUS/events/48/results/413.html|https://scoring.dance/enUS/events/48/results/414.html,12
,16,2026-02-euro-dance-festival,16,past,0,0,scoringdance,2026-02-17,Euro Dance Festival 2026,scoringdance:335,2026-02-17,https://scoring.dance/enUS/events/335/results/5205.html|https://scoring.dance/enUS/events/335/results/5206.html|https://scoring.dance/enUS/events/335/results/5207.html,16
,19,2023-04-detonation-dance,19,past,0,0,scoringdance,2023-04-20,Detonation Dance 2023,scoringdance:79,2023-04-20,https://scoring.dance/enUS/events/79/results/946.html|https://scoring.dance/enUS/events/79/results/947.html|https://scoring.dance/enUS/events/79/results/948.html,19
,20,2026-08-westie-joy,20,past,0,0,scoringdance,2026-08-21,Westie Joy 2026,scoringdance:396,2026-08-21,https://scoring.dance/enUS/events/396/results/6475.html|https://scoring.dance/enUS/events/396/results/6476.html|https://scoring.dance/enUS/events/396/results/6477.html,20
,22,2025-06-neverland-swing,22,past,0,0,scoringdance,2025-06-26,Neverland Swing 2025,scoringdance:270,2025-06-26,https://scoring.dance/enUS/events/270/results/4037.html|https://scoring.dance/enUS/events/270/results/4038.html|https://scoring.dance/enUS/events/270/results/4039.html,22
,21,2026-04-asia-wcs-open,21,past,0,0,scoringdance,2026-04-16,Asia WCS Open  2026,scoringdance:333,2026-04-16,https://scoring.dance/enUS/events/333/results/5651.html|https://scoring.dance/enUS/events/333/results/5653.html|https://scoring.dance/enUS/events/333/results/5654.html,21
,37,2025-04-city-of-angels,37,past,0,0,scoringdance,2025-04-10,City of Angels 2025,scoringdance:240,2025-04-10,https://scoring.dance/enUS/events/240/results/3480.html|https://scoring.dance/enUS/events/240/results/3481.html|https://scoring.dance/enUS/events/240/results/3482.html,37
3,3,2024-12-copenhagen-bachata-congress,,past,1,3,scoringdance,2024-12-06,Copenhagen Bachata Congress 2024,scoringdance:168,2024-12-06,,
,2,2024-11-stockholm-sensusal-festival,2,past,0,0,scoringdance,2024-11-01,Stockholm Sensusal Festival 2024,scoringdance:161,2024-11-01,https://scoring.dance/enUS/events/161/results/2677.html|https://scoring.dance/enUS/events/161/results/2678.html,2
,14,2026-07-infinite-swing-munich,14,past,0,0,scoringdance,2026-07-23,Infinite Swing Munich 2026,scoringdance:420,2026-07-23,https://scoring.dance/enUS/events/420/results/6128.html|https://scoring.dance/enUS/events/420/results/6129.html|https://scoring.dance/enUS/events/420/results/6130.html,14
,12,2026-05-festival-city-swing-edinburgh,12,past,0,0,scoringdance,2026-05-29,Festival City Swing Edinburgh 2026,scoringdance:398,2026-05-29,https://scoring.dance/enUS/events/398/results/5763.html|https://scoring.dance/enUS/events/398/results/5907.html|https://scoring.dance/enUS/events/398/results/5908.html,12
,11,2019-06-neverlandswing,11,past,0,0,scoringdance,2019-06-27,NeverlandSwing 2019,scoringdance:10,2019-06-27,https://scoring.dance/enUS/events/10/results/136.html|https://scoring.dance/enUS/events/10/results/127.html|https://scoring.dance/enUS/events/10/results/128.html,11
,13,2026-03-dutch-open,13,past,0,0,scoringdance,2026-03-12,Dutch Open 2026,scoringdance:369,2026-03-12,https://scoring.dance/enUS/events/369/results/5185.html|https://scoring.dance/enUS/events/369/results/5187.html|https://scoring.dance/enUS/events/369/results/5188.html,13
31,31,2026-03-uk-west-coast-swing-championships,,past,13,31,scoringdance,2026-03-26,UK West Coast Swing Championships 2026,scoringdance:382,2026-03-26,,
,3,2025-05-beemad,3,past,0,0,scoringdance,2025-05-02,BeeMAD 2025,scoringdance:253,2025-05-02,https://scoring.dance/enUS/events/253/results/3723.html|https://scoring.dance/enUS/events/253/results/3724.html|https://scoring.dance/enUS/events/253/results/3725.html,3
,16,2025-08-uptown-swing,16,past,0,0,scoringdance,2025-08-14,UpTown Swing 2025,scoringdance:292,2025-08-14,https://scoring.dance/enUS/events/292/results/4221.html|https://scoring.dance/enUS/events/292/results/4222.html|https://scoring.dance/enUS/events/292/results/4223.html,16
,5,2019-02-carnival-swing-cologne,5,past,0,0,scoringdance,2019-02-23,Carnival Swing Cologne 2019,scoringdance:9,2019-02-23,https://scoring.dance/enUS/events/9/results/69.html|https://scoring.dance/enUS/events/9/results/72.html|https://scoring.dance/enUS/events/9/results/70.html,5
,16,2025-01-country-couver,16,past,0,0,scoringdance,2025-01-02,Country Couver 2025,scoringdance:191,2025-01-02,https://scoring.dance/enUS/events/191/results/2919.html|https://scoring.dance/enUS/events/191/results/2920.html|https://scoring.dance/enUS/events/191/results/2921.html,16
,23,2025-04-spring-time-swing,23,past,0,0,scoringdance,2025-04-30,Spring Time Swing 2025,scoringdance:250,2025-04-30,https://scoring.dance/enUS/events/250/results/3612.html|https://scoring.dance/enUS/events/250/results/3614.html|https://scoring.dance/enUS/events/250/results/3615.html,23
,11,2024-10-augsburg-westie-station,11,past,0,0,scoringdance,2024-10-17,Augsburg Westie Station 2024,scoringdance:163,2024-10-17,https://scoring.dance/enUS/events/163/results/2374.html|https://scoring.dance/enUS/events/163/results/2385.html|https://scoring.dance/enUS/events/163/results/2375.html,11
,13,2026-07-saunaswing,13,past,0,0,scoringdance,2026-07-02,SaunaSwing 2026,scoringdance:422,2026-07-02,https://scoring.dance/enUS/events/422/results/6220.html|https://scoring.dance/enUS/events/422/results/6221.html|https://scoring.dance/enUS/events/422/results/6222.html,13
,6,2023-09-cologne-swing-weekend,6,past,0,0,scoringdance,2023-09-22,Cologne Swing Weekend 2023,scoringdance:97,2023-09-22,https://scoring.dance/enUS/events/97/results/1193.html|https://scoring.dance/enUS/events/97/results/1194.html|https://scoring.dance/enUS/events/97/results/1195.html,6
,15,2024-08-uptown-swing,15,past,0,0,scoringdance,2024-08-09,UpTown Swing 2024,scoringdance:140,2024-08-09,https://scoring.dance/enUS/events/140/results/2179.html|https://scoring.dance/enUS/events/140/results/2180.html|https://scoring.dance/enUS/events/140/results/2181.html,15
,3,2026-01-pure-bachata-role-rotation-weekend-cologne,3,past,0,0,scoringdance,2026-01-02,Pure Bachata - Role Rotation Weekend Cologne 2026,scoringdance:220,2026-01-02,https://scoring.dance/enUS/events/220/results/5046.html|https://scoring.dance/enUS/events/220/results/5047.html|https://scoring.dance/enUS/events/220/results/5048.html,3
,,,,unknown,0,0,scoringdance,,Workshop Weekend Heidelberg April 2019,scoringdance:11,,,
,26,2026-06-baltic-swing,26,past,0,0,scoringdance,2026-06-11,Baltic Swing 2026,scoringdance:412,2026-06-11,https://scoring.dance/enUS/events/412/results/6042.html|https://scoring.dance/enUS/events/412/results/6043.html|https://scoring.dance/enUS/events/412/results/6105.html,26
,33,2026-01-monterey-swinfest,33,past,0,0,scoringdance,2026-01-15,Monterey Swinfest  2026,scoringdance:272,2026-01-15,https://scoring.dance/enUS/events/272/results/4894.html|https://scoring.dance/enUS/events/272/results/4896.html|https://scoring.dance/enUS/events/272/results/4897.html,33
,15,2023-08-uptown-swing,15,past,0,0,scoringdance,2023-08-11,UpTown Swing 2023,scoringdance:90,2023-08-11,https://scoring.dance/enUS/events/90/results/1142.html|https://scoring.dance/enUS/events/90/results/1143.html|https://scoring.dance/enUS/events/90/results/1144.html,15
3,3,2025-03-bindaas-bachata-festival,,past,1,3,scoringdance,2025-03-14,BINDAAS Bachata Festival 2025,scoringdance:166,2025-03-14,,
,22,2022-10-warsaw-halloween-swing,22,past,0,0,scoringdance,2022-10-27,Warsaw Halloween Swing 2022,scoringdance:71,2022-10-27,https://scoring.dance/enUS/events/71/results/714.html|https://scoring.dance/enUS/events/71/results/715.html|https://scoring.dance/enUS/events/71/results/716.html,22
,15,2022-04-detonation-dance,15,past,0,0,scoringdance,2022-04-21,Detonation Dance 2022,scoringdance:61,2022-04-21,https://scoring.dance/enUS/events/61/results/479.html|https://scoring.dance/enUS/events/61/results/481.html|https://scoring.dance/enUS/events/61/results/482.html,15
,12,2025-12-santa-swing,12,past,0,0,scoringdance,2025-12-11,Santa Swing 2025,scoringdance:328,2025-12-11,https://scoring.dance/enUS/events/328/results/4864.html|https://scoring.dance/enUS/events/328/results/4865.html|https://scoring.dance/enUS/events/328/results/4866.html,12
,21,2019-03-west-in-lyon,21,past,0,0,scoringdance,2019-03-15,West in Lyon 2019,scoringdance:7,2019-03-15,https://scoring.dance/enUS/events/7/results/84.html|https://scoring.dance/enUS/events/7/results/85.html|https://scoring.dance/enUS/events/7/results/86.html,21
9,9,2026-02-swingtzerland,,past,4,9,scoringdance,2026-02-05,Swingtzerland 2026,scoringdance:363,2026-02-05,,
,3,2025-01-latin-dream-bachata-festival,3,past,0,0,scoringdance,2025-01-31,Latin Dream Bachata Festival 2025,scoringdance:183,2025-01-31,https://scoring.dance/enUS/events/183/results/3122.html|https://scoring.dance/enUS/events/183/results/3123.html|https://scoring.dance/enUS/events/183/results/3126.html,3
,17,2026-02-arousa-westie-fest,17,past,0,0,scoringdance,2026-02-19,Arousa Westie Fest 2026,scoringdance:361,2026-02-19,https://scoring.dance/enUS/events/361/results/5271.html|https://scoring.dance/enUS/events/361/results/5272.html|https://scoring.dance/enUS/events/361/results/5273.html,17
,,2018-07-pure-bachata-summer-festival-cologne,,past,0,0,scoringdance,2018-07-28,Pure Bachata Summer Festival Cologne,scoringdance:4,2018-07-28,,
,15,2022-10-wcs-festival-dusseldorf,15,past,0,0,scoringdance,2022-10-14,WCS Festival Düsseldorf 2022,scoringdance:54,2022-10-14,https://scoring.dance/enUS/events/54/results/689.html|https://scoring.dance/enUS/events/54/results/690.html|https://scoring.dance/enUS/events/54/results/691.html,15
,28,2025-03-bto-open,28,past,0,0,scoringdance,2025-03-27,BTO Open 2025,scoringdance:181,2025-03-27,https://scoring.dance/enUS/events/181/results/3424.html|https://scoring.dance/enUS/events/181/results/3425.html|https://scoring.dance/enUS/events/181/results/3426.html,28
,19,2025-03-westie-spring-thing,19,past,0,0,scoringdance,2025-03-13,Westie Spring Thing 2025,scoringdance:230,2025-03-13,https://scoring.dance/enUS/events/230/results/3271.html|https://scoring.dance/enUS/events/230/results/3272.html|https://scoring.dance/enUS/events/230/results/3273.html,19
3,3,2025-02-bachatation-festival,,past,1,3,scoringdance,2025-02-20,Bachatation Festival 2025,scoringdance:215,2025-02-20,,
,4,2025-06-bachata-sensual-congress-germany,4,past,0,0,scoringdance,2025-06-20,Bachata Sensual Congress Germany 2025,scoringdance:171,2025-06-20,https://scoring.dance/enUS/events/171/results/4029.html|https://scoring.dance/enUS/events/171/results/4030.html|https://scoring.dance/enUS/events/171/results/4031.html,4
,16,2025-05-hungarian-open,16,past,0,0,scoringdance,2025-05-30,Hungarian Open 2025,scoringdance:268,2025-05-30,https://scoring.dance/enUS/events/268/results/3860.html|https://scoring.dance/enUS/events/268/results/3861.html|https://scoring.dance/enUS/events/268/results/3857.html,16
,42,2025-01-swingcouver,42,past,0,0,scoringdance,2025-01-02,SwingCouver 2025,scoringdance:190,2025-01-02,https://scoring.dance/enUS/events/190/results/2937.html|https://scoring.dance/enUS/events/190/results/2938.html|https://scoring.dance/enUS/events/190/results/2939.html,42
,16,2025-07-mediterranean-open,16,past,0,0,scoringdance,2025-07-11,Mediterranean Open 2025,scoringdance:254,2025-07-11,https://scoring.dance/enUS/events/254/results/4078.html|https://scoring.dance/enUS/events/254/results/4079.html|https://scoring.dance/enUS/events/254/results/4073.html,16
,23,2024-06-baltic-swing,23,past,0,0,scoringdance,2024-06-06,Baltic Swing 2024,scoringdance:134,2024-06-06,https://scoring.dance/enUS/events/134/results/1985.html|https://scoring.dance/enUS/events/134/results/1986.html|https://scoring.dance/enUS/events/134/results/1987.html,23
,20,2026-08-the-bend-connection,20,past,0,0,scoringdance,2026-08-21,The Bend Connection 2026,scoringdance:384,2026-08-21,https://scoring.dance/enUS/events/384/results/6106.html|https://scoring.dance/enUS/events/384/results/6107.html|https://scoring.dance/enUS/events/384/results/6108.html,20
,7,2024-08-wcs-magyar-kupa,7,past,0,0,scoringdance,2024-08-24,WCS Magyar Kupa,scoringdance:148,2024-08-24,https://scoring.dance/enUS/events/148/results/2207.html|https://scoring.dance/enUS/events/148/results/2208.html|https://scoring.dance/enUS/events/148/results/2209.html,7
,15,2024-05-hungarian-open,15,past,0,0,scoringdance,2024-05-31,Hungarian Open 2024,scoringdance:133,2024-05-31,https://scoring.dance/enUS/events/133/results/1964.html|https://scoring.dance/enUS/events/133/results/1965.html|https://scoring.dance/enUS/events/133/results/1966.html,15
,3,2026-01-big-3-festival-hamburg-bachata-jack-jill,3,past,0,0,scoringdance,2026-01-23,Big 3 Festival Hamburg 2026 (Bachata Jack & Jill),scoringdance:227,2026-01-23,https://scoring.dance/enUS/events/227/results/5112.html|https://scoring.dance/enUS/events/227/results/5113.html|https://scoring.dance/enUS/events/227/results/5114.html,3
,17,2024-06-neverlandswing,17,past,0,0,scoringdance,2024-06-27,NeverlandSwing 2024,scoringdance:136,2024-06-27,https://scoring.dance/enUS/events/136/results/2064.html|https://scoring.dance/enUS/events/136/results/2065.html|https://scoring.dance/enUS/events/136/results/2066.html,17
,2,2022-04-south-westie-swing,2,past,0,0,scoringdance,2022-04-15,South Westie Swing 2022,scoringdance:60,2022-04-15,https://scoring.dance/enUS/events/60/results/472.html|https://scoring.dance/enUS/events/60/results/473.html,2
,,,,unknown,0,0,scoringdance,,German Open 2021,scoringdance:42,,,
,8,2024-04-som-swing-of-music,8,past,0,0,scoringdance,2024-04-26,SOM - Swing Of Music 2024,scoringdance:128,2024-04-26,https://scoring.dance/enUS/events/128/results/1928.html|https://scoring.dance/enUS/events/128/results/1929.html|https://scoring.dance/enUS/events/128/results/1930.html,8
,30,2025-06-d-town-swing,30,past,0,0,scoringdance,2025-06-12,D-Town Swing 2025,scoringdance:252,2025-06-12,https://scoring.dance/enUS/events/252/results/3942.html|https://scoring.dance/enUS/events/252/results/3943.html|https://scoring.dance/enUS/events/252/results/3944.html,30
,,,,unknown,0,0,scoringdance,,BMJ Sensual Festival 25 (Bachata World Cup Geneva 2026 Qualifiers Event – Japan),scoringdance:226,,,
,19,2025-10-augsburg-westie-station,19,past,0,0,scoringdance,2025-10-23,Augsburg Westie Station 2025,scoringdance:310,2025-10-23,https://scoring.dance/enUS/events/310/results/4357.html|https://scoring.dance/enUS/events/310/results/4670.html|https://scoring.dance/enUS/events/310/results/4358.html,19
,14,2024-12-berlin-swing-revolution,14,past,0,0,scoringdance,2024-12-12,Berlin Swing Revolution 2024,scoringdance:187,2024-12-12,https://scoring.dance/enUS/events/187/results/2768.html|https://scoring.dance/enUS/events/187/results/2771.html|https://scoring.dance/enUS/events/187/results/2772.html,14
,,,,unknown,0,0,scoringdance,,German Open 2020,scoringdance:40,,,
,25,2023-11-scandinavian-open-wcs-snow,25,past,0,0,scoringdance,2023-11-02,Scandinavian Open WCS 2023 [SNOW 2023],scoringdance:103,2023-11-02,https://scoring.dance/enUS/events/103/results/1331.html|https://scoring.dance/enUS/events/103/results/1332.html|https://scoring.dance/enUS/events/103/results/1333.html,25
,20,2026-08-grand-party-sofia,20,past,0,0,scoringdance,2026-08-13,Grand Party Sofia 2026,scoringdance:370,2026-08-13,https://scoring.dance/enUS/events/370/results/5152.html|https://scoring.dance/enUS/events/370/results/5154.html|https://scoring.dance/enUS/events/370/results/5155.html,20
,,,,unknown,0,0,scoringdance,,Workshop Weekend Weinstadt Mai 2019,scoringdance:12,,,
,,2018-02-carnival-swing,,past,0,0,scoringdance,2018-02-03,Carnival Swing 2018,scoringdance:2,2018-02-03,,
,21,2025-10-wcs-festival-dusseldorf,21,past,0,0,scoringdance,2025-10-23,WCS Festival Düsseldorf 2025,scoringdance:320,2025-10-23,https://scoring.dance/enUS/events/320/results/4643.html|https://scoring.dance/enUS/events/320/results/4644.html|https://scoring.dance/enUS/events/320/results/4672.html,21
21,21,2026-07-swinglab-berlin,,past,9,21,scoringdance,2026-07-09,SwingLab Berlin,scoringdance:403,2026-07-09,,
,14,2025-03-dutch-open,14,past,0,0,scoringdance,2025-03-13,Dutch Open 2025,scoringdance:225,2025-03-13,https://scoring.dance/enUS/events/225/results/3255.html|https://scoring.dance/enUS/events/225/results/3256.html|https://scoring.dance/enUS/events/225/results/3257.html,14
,11,2025-07-warsaw-summer-nights-westival,11,past,0,0,scoringdance,2025-07-31,Warsaw Summer Nights Westival 2025,scoringdance:246,2025-07-31,https://scoring.dance/enUS/events/246/results/4106.html|https://scoring.dance/enUS/events/246/results/4108.html|https://scoring.dance/enUS/events/246/results/4109.html,11
,32,2024-12-swingvester-25,32,past,0,0,scoringdance,2024-12-27,SwingVester 2024/25,scoringdance:188,2024-12-27,https://scoring.dance/enUS/events/188/results/2828.html|https://scoring.dance/enUS/events/188/results/2829.html|https://scoring.dance/enUS/events/188/results/2830.html,32
,,2026-04-lyon-bachata-festival,,past,0,0,scoringdance,2026-04-05,Lyon Bachata Festival 2026,scoringdance:400,2026-04-05,,
,20,2025-06-dance-n-play,20,past,0,0,scoringdance,2025-06-26,Dance N Play 2025,scoringdance:228,2025-06-26,https://scoring.dance/enUS/events/228/results/4008.html|https://scoring.dance/enUS/events/228/results/4009.html|https://scoring.dance/enUS/events/228/results/4010.html,20
,19,2025-12-westie-gala,19,past,0,0,scoringdance,2025-12-28,Westie Gala 2025/2026,scoringdance:352,2025-12-28,https://scoring.dance/enUS/events/352/results/4934.html|https://scoring.dance/enUS/events/352/results/4935.html|https://scoring.dance/enUS/events/352/results/4936.html,19
,28,2026-08-rolling-swing,28,past,0,0,scoringdance,2026-08-27,Rolling Swing 2026,scoringdance:392,2026-08-27,https://scoring.dance/enUS/events/392/results/6503.html|https://scoring.dance/enUS/events/392/results/6504.html|https://scoring.dance/enUS/events/392/results/6509.html,28
14,15,2023-12-berlin-swing-revolution,1,past,8,14,scoringdance,2023-12-07,Berlin Swing Revolution 2023,scoringdance:98,2023-12-07,https://scoring.dance/enUS/events/98/results/1379.html,1
22,22,2025-06-baltic-swing,,past,9,22,scoringdance,2025-06-05,Baltic Swing 2025,scoringdance:277,2025-06-05,,
,15,2024-02-euro-dance-festival,15,past,0,0,scoringdance,2024-02-13,Euro Dance Festival 2024,scoringdance:104,2024-02-13,https://scoring.dance/enUS/events/104/results/1592.html|https://scoring.dance/enUS/events/104/results/1593.html|https://scoring.dance/enUS/events/104/results/1625.html,15
,29,2024-03-west-in-lyon,29,past,0,0,scoringdance,2024-03-07,West in Lyon 2024,scoringdance:116,2024-03-07,https://scoring.dance/enUS/events/116/results/1661.html|https://scoring.dance/enUS/events/116/results/1662.html|https://scoring.dance/enUS/events/116/results/1663.html,29
,4,2025-11-pure-bachata-winter-festival,4,past,0,0,scoringdance,2025-11-14,Pure Bachata Winter Festival 2025,scoringdance:218,2025-11-14,https://scoring.dance/enUS/events/218/results/4826.html|https://scoring.dance/enUS/events/218/results/4827.html|https://scoring.dance/enUS/events/218/results/4828.html,4
16,16,2023-09-finnfest,,past,8,16,scoringdance,2023-09-22,Finnfest 2023,scoringdance:93,2023-09-22,,
16,16,2025-10-swingside-invitational,,past,9,16,scoringdance,2025-10-24,Swingside Invitational 2025,scoringdance:313,2025-10-24,,
,39,2025-05-french-open,39,past,0,0,scoringdance,2025-05-28,French Open 2025,scoringdance:242,2025-05-28,https://scoring.dance/enUS/events/242/results/3800.html|https://scoring.dance/enUS/events/242/results/3802.html|https://scoring.dance/enUS/events/242/results/3803.html,39
17,17,2024-03-5280-westival,,past,9,17,scoringdance,2024-03-21,5280 Westival 2024,scoringdance:122,2024-03-21,,
,26,2023-08-german-open,26,past,0,0,scoringdance,2023-08-03,German Open 2023,scoringdance:88,2023-08-03,https://scoring.dance/enUS/events/88/results/1114.html|https://scoring.dance/enUS/events/88/results/1115.html|https://scoring.dance/enUS/events/88/results/1140.html,26
,17,2026-08-lisbon-westie-fest,17,past,0,0,scoringdance,2026-08-01,Lisbon Westie Fest 2026,scoringdance:360,2026-08-01,https://scoring.dance/enUS/events/360/results/6250.html|https://scoring.dance/enUS/events/360/results/6251.html|https://scoring.dance/enUS/events/360/results/6252.html,17
,,,,unknown,0,0,scoringdance,,Copenhagen Bachata Congress 2025,scoringdance:266,,,
,,,,unknown,0,0,scoringdance,,Westie Spring Thing 2020,scoringdance:30,,,
,17,2024-05-spring-time-swing,17,past,0,0,scoringdance,2024-05-02,Spring Time Swing 2024,scoringdance:127,2024-05-02,https://scoring.dance/enUS/events/127/results/1783.html|https://scoring.dance/enUS/events/127/results/1785.html|https://scoring.dance/enUS/events/127/results/1786.html,17
,12,2026-02-valentine-swing,12,past,0,0,scoringdance,2026-02-13,Valentine Swing 2026,scoringdance:368,2026-02-13,https://scoring.dance/enUS/events/368/results/5221.html|https://scoring.dance/enUS/events/368/results/5222.html|https://scoring.dance/enUS/events/368/results/5223.html,12
,16,2022-05-nordic-wcs-championships,16,past,0,0,scoringdance,2022-05-06,Nordic WCS Championships 2022,scoringdance:62,2022-05-06,https://scoring.dance/enUS/events/62/results/511.html|https://scoring.dance/enUS/events/62/results/512.html|https://scoring.dance/enUS/events/62/results/513.html,16
,,,,unknown,0,0,scoringdance,,Bull swinging Bear Festival 2019,scoringdance:24,,,
,13,2025-07-saunaswing,13,past,0,0,scoringdance,2025-07-03,SaunaSwing 2025,scoringdance:278,2025-07-03,https://scoring.dance/enUS/events/278/results/4060.html|https://scoring.dance/enUS/events/278/results/4061.html|https://scoring.dance/enUS/events/278/results/4062.html,13
,17,2026-08-manneken-swing,17,past,0,0,scoringdance,2026-08-21,Manneken Swing 2026,scoringdance:393,2026-08-21,https://scoring.dance/enUS/events/393/results/6457.html|https://scoring.dance/enUS/events/393/results/6458.html|https://scoring.dance/enUS/events/393/results/6471.html,17
,,,,unknown,0,0,scoringdance,,Festival City Swing,scoringdance:210,,,
,,,,unknown,0,0,scoringdance,,Swingside Invitational 2026,scoringdance:440,,,
,,,,unknown,0,0,scoringdance,,Nanaimo Dance Fusion 2027,scoringdance:431,,,
,,,,unknown,0,0,scoringdance,,Revitalise WCS 2027,scoringdance:432,,,
,,,,unknown,0,0,scoringdance,,Westie Harbor 2026,scoringdance:423,,,
,,,,unknown,0,0,scoringdance,,Glow City Swing 2026,scoringdance:402,,,
,,,,unknown,0,0,scoringdance,,Festival City Swing,scoringdance:212,,,
,,,,unknown,0,0,scoringdance,,Monterey Swingfest  2027,scoringdance:421,,,
,,,,unknown,0,0,scoringdance,,Santa Swing 2026,scoringdance:439,,,
,,,,unknown,0,0,scoringdance,,WCS Festival Düsseldorf 2026,scoringdance:379,,,
,,,,unknown,0,0,scoringdance,,Warsaw Halloween Swing 2026,scoringdance:435,,,
,,,,unknown,0,0,scoringdance,,Bavarian Open 2026,scoringdance:438,,,
,,,,unknown,0,0,scoringdance,,Aloha Open 2026,scoringdance:375,,,
,,,,unknown,0,0,scoringdance,,Global Grand Prix WCS 2026,scoringdance:428,,,
,,,,unknown,0,0,scoringdance,,Midland Swing Open 2026,scoringdance:444,,,
,,,,unknown,0,0,scoringdance,,Swiss Open 2026,scoringdance:426,,,
,,,,unknown,0,0,scoringdance,,Sea to Sky 2026,scoringdance:406,,,
,,,,unknown,0,0,scoringdance,,Calgary Town Open 2026,scoringdance:414,,,
,,,,unknown,0,0,scoringdance,,Boogie By the Bay 2026,scoringdance:408,,,
,,,,unknown,0,0,scoringdance,,SwingVester 2026/27 WSDC,scoringdance:350,,,
,,,,unknown,0,0,scoringdance,,WCSParty 2026,scoringdance:441,,,
33,33,2026-04-city-of-angels-wcs,,past,19,33,scoringdance,2027-04-29,City Of Angels 2026,scoringdance:315,2027-04-29,,
,,,,unknown,0,0,scoringdance,,Asia WCS Open  2027,scoringdance:430,,,
,,,,unknown,0,0,scoringdance,,Rose City Swing 2027,scoringdance:442,,,
,,,,unknown,0,0,scoringdance,,Scandinavian Open 2026 [SNOW],scoringdance:433,,,
,,,,unknown,0,0,scoringdance,,Norwegian Open 2026,scoringdance:443,,,
,,,,unknown,0,0,scoringdance,,City Of Angels 2027,scoringdance:434,,,
,,,,unknown,0,0,scoringdance,,Spooky Westie Weekend 2026,scoringdance:429,,,
