watch_id,source_ref,url,notes,last_checked_at,next_check_at
28c59219e2519aad,wsdc:10175,https://points.worldsdc.com/lookup2020/find,confirmation:2027-04-city-of-angels,2026-09-10T11:09:03.508395+00:00,2026-09-10T14:53:17.738805+00:00
146c7972d4615098,wsdc:1047,https://points.worldsdc.com/lookup2020/find,confirmation:2026-08-desert-city-swing,2026-09-10T11:38:49.147223+00:00,2026-09-11T11:38:49.147223+00:00
04ed4a9419e98c4f,wsdc:10532,https://points.worldsdc.com/lookup2020/find,confirmation:2027-04-city-of-angels,2026-09-10T11:07:23.352813+00:00,2026-09-10T14:53:17.738805+00:00
2bd1bddb5d1940c8,wsdc:10632,https://points.worldsdc.com/lookup2020/find,confirmation:2026-08-bristol-swing-fiesta,2026-09-10T11:02:17.903018+00:00,2026-09-11T11:02:17.903018+00:00
5feed1b8ffcc5347,wsdc:10929,https://points.worldsdc.com/lookup2020/find,confirmation:2026-08-bristol-swing-fiesta,2026-09-10T11:03:03.025961+00:00,2026-09-11T11:03:03.025961+00:00
0f1629cf30f960ad,wsdc:11163,https://points.worldsdc.com/lookup2020/find,confirmation:2027-04-city-of-angels,2026-09-10T11:08:03.546983+00:00,2026-09-10T14:53:17.738805+00:00
130b788b89795afe,wsdc:11956,https://points.worldsdc.com/lookup2020/find,confirmation:2027-04-city-of-angels,2026-09-10T11:08:28.426845+00:00,2026-09-10T14:53:17.738805+00:00
72743baa38fb06e1,wsdc:12038,https://points.worldsdc.com/lookup2020/find,confirmation:2026-08-bristol-swing-fiesta,2026-09-10T11:03:38.023283+00:00,2026-09-11T04:19:58.467025+00:00
c7381e62badac84f,wsdc:12184,https://points.worldsdc.com/lookup2020/find,confirmation:2026-08-bristol-swing-fiesta,2026-09-10T11:05:53.228832+00:00,2026-09-11T04:19:58.467025+00:00
725f133236cf4640,wsdc:12366,https://points.worldsdc.com/lookup2020/find,confirmation:2026-08-bristol-swing-fiesta,2026-09-10T11:03:33.014679+00:00,2026-09-11T04:19:58.467025+00:00
2c66344058839ed7,wsdc:12794,https://points.worldsdc.com/lookup2020/find,confirmation:2027-04-city-of-angels,2026-09-10T11:09:13.484856+00:00,2026-09-10T14:53:17.738805+00:00
5c6959ac9c3bd033,wsdc:12842,https://points.worldsdc.com/lookup2020/find,confirmation:2026-08-summer-hummer,2026-09-10T11:11:48.717045+00:00,2026-09-11T04:20:04.279933+00:00
732ad0f053d36627,wsdc:13262,https://points.worldsdc.com/lookup2020/find,confirmation:2026-08-desert-city-swing,2026-09-10T10:14:00.243223+00:00,2026-09-11T04:20:01.817709+00:00
ba332c82f4d13ab4,wsdc:1333,https://points.worldsdc.com/lookup2020/find,confirmation:2027-04-city-of-angels,2026-09-10T12:02:08.176380+00:00,2026-09-10T14:53:17.738805+00:00
22a3a71b66cb2981,wsdc:14027,https://points.worldsdc.com/lookup2020/find,confirmation:2026-08-desert-city-swing,2026-09-10T11:08:58.460105+00:00,2026-09-11T04:20:01.817709+00:00
0f5583ac0bb5075f,wsdc:14098,https://points.worldsdc.com/lookup2020/find,confirmation:2026-08-desert-city-swing,2026-09-10T11:08:08.918902+00:00,2026-09-11T04:20:01.817709+00:00
66247d94a97c28e5,wsdc:14466,https://points.worldsdc.com/lookup2020/find,confirmation:2026-08-bristol-swing-fiesta,2026-09-10T11:03:18.116256+00:00,2026-09-11T04:19:58.467025+00:00
02e1b527e3383a03,wsdc:14563,https://points.worldsdc.com/lookup2020/find,confirmation:2026-08-bristol-swing-fiesta,2026-09-10T11:01:12.812301+00:00,2026-09-11T04:19:58.467025+00:00
6c3cd0755e012e9d,wsdc:14583,https://points.worldsdc.com/lookup2020/find,confirmation:2027-04-city-of-angels,2026-09-10T11:12:33.753047+00:00,2026-09-10T14:53:17.738805+00:00
3ca3f817b05124ff,wsdc:147,https://points.worldsdc.com/lookup2020/find,confirmation:2027-04-city-of-angels,2026-09-10T11:10:08.595731+00:00,2026-09-10T14:53:17.738805+00:00
57fb4aa82a7cf5f4,wsdc:14731,https://points.worldsdc.com/lookup2020/find,confirmation:2027-04-city-of-angels,2026-09-10T11:11:43.734540+00:00,2026-09-10T14:53:17.738805+00:00
b6a9efe53dc9e47f,wsdc:15155,https://points.worldsdc.com/lookup2020/find,confirmation:2026-08-bristol-swing-fiesta,2026-09-10T11:05:18.166774+00:00,2026-09-11T11:05:18.166774+00:00
8d1d6d5fde75b1f0,wsdc:15280,https://points.worldsdc.com/lookup2020/find,confirmation:2026-08-bristol-swing-fiesta,2026-09-10T11:04:08.125897+00:00,2026-09-11T11:04:08.125897+00:00
b6252898f603546f,wsdc:15282,https://points.worldsdc.com/lookup2020/find,confirmation:2026-08-bristol-swing-fiesta,2026-09-10T11:05:13.183946+00:00,2026-09-11T04:19:58.467025+00:00
08329d5eccba72bf,wsdc:15492,https://points.worldsdc.com/lookup2020/find,confirmation:2027-04-city-of-angels,2026-09-10T11:07:38.371236+00:00,2026-09-10T14:53:17.738805+00:00
73b35b499974ac3b,wsdc:15512,https://points.worldsdc.com/lookup2020/find,confirmation:2027-04-city-of-angels,2026-09-10T10:14:05.042253+00:00,2026-09-10T14:53:17.738805+00:00
c93f747c7f6297f8,wsdc:15846,https://points.worldsdc.com/lookup2020/find,confirmation:2026-08-bristol-swing-fiesta,2026-09-10T11:06:13.299954+00:00,2026-09-11T04:19:58.467025+00:00
2d68fc88d53eee16,wsdc:15865,https://points.worldsdc.com/lookup2020/find,confirmation:2026-08-bristol-swing-fiesta,2026-09-10T11:02:22.945217+00:00,2026-09-11T04:19:58.467025+00:00
045d75c90f2770a5,wsdc:15985,https://points.worldsdc.com/lookup2020/find,confirmation:2026-08-bristol-swing-fiesta,2026-09-10T11:01:17.856142+00:00,2026-09-11T04:19:58.467025+00:00
66ecf5fc32f5bfab,wsdc:16071,https://points.worldsdc.com/lookup2020/find,confirmation:2026-08-summer-hummer,2026-09-10T11:12:18.745839+00:00,2026-09-11T11:12:18.745839+00:00
3a4273a7fb612043,wsdc:16327,https://points.worldsdc.com/lookup2020/find,confirmation:2027-04-city-of-angels,2026-09-10T11:09:58.549928+00:00,2026-09-10T14:53:17.738805+00:00
6897c3d5b3796e3e,wsdc:16785,https://points.worldsdc.com/lookup2020/find,confirmation:2027-04-city-of-angels,2026-09-10T11:12:23.751383+00:00,2026-09-10T14:53:17.738805+00:00
b991a9292fa69742,wsdc:16867,https://points.worldsdc.com/lookup2020/find,confirmation:2026-08-bristol-swing-fiesta,2026-09-10T11:05:28.169167+00:00,2026-09-11T04:19:58.467025+00:00
bf3c4bbb4d1708e9,wsdc:16870,https://points.worldsdc.com/lookup2020/find,confirmation:2026-08-bristol-swing-fiesta,2026-09-10T11:05:33.192512+00:00,2026-09-11T04:19:58.467025+00:00
5268b616461da235,wsdc:17340,https://points.worldsdc.com/lookup2020/find,confirmation:2026-08-bristol-swing-fiesta,2026-09-10T11:11:23.683605+00:00,2026-09-11T04:19:58.467025+00:00
37e5754e083e6034,wsdc:17415,https://points.worldsdc.com/lookup2020/find,confirmation:2026-08-summer-hummer,2026-09-10T11:09:53.891986+00:00,2026-09-11T04:20:04.279933+00:00
4bd75ee52cfcbe5d,wsdc:17509,https://points.worldsdc.com/lookup2020/find,confirmation:2027-04-city-of-angels,2026-09-10T11:10:58.634198+00:00,2026-09-10T14:53:17.738805+00:00
c735c298f62fb9b7,wsdc:17566,https://points.worldsdc.com/lookup2020/find,confirmation:2026-08-bristol-swing-fiesta,2026-09-10T11:05:48.224281+00:00,2026-09-11T11:05:48.224281+00:00
35d44cc56708e93d,wsdc:17707,https://points.worldsdc.com/lookup2020/find,confirmation:2027-04-city-of-angels,2026-09-10T11:09:43.543432+00:00,2026-09-10T14:53:17.738805+00:00
2f4c246a4bed3d0b,wsdc:17737,https://points.worldsdc.com/lookup2020/find,confirmation:2026-08-desert-city-swing,2026-09-10T11:09:28.525622+00:00,2026-09-11T04:20:01.817709+00:00
3468f2a8ade9522a,wsdc:17901,https://points.worldsdc.com/lookup2020/find,confirmation:2026-08-bristol-swing-fiesta,2026-09-10T11:02:32.909522+00:00,2026-09-11T11:02:32.909522+00:00
2d84d1f8895e20b8,wsdc:18146,https://points.worldsdc.com/lookup2020/find,confirmation:2026-08-bristol-swing-fiesta,2026-09-10T11:02:27.924964+00:00,2026-09-11T04:19:58.467025+00:00
f58df5b630815406,wsdc:18149,https://points.worldsdc.com/lookup2020/find,confirmation:2026-08-bristol-swing-fiesta,2026-09-10T11:06:58.315196+00:00,2026-09-11T04:19:58.467025+00:00
82143bde14f10ef1,wsdc:18215,https://points.worldsdc.com/lookup2020/find,confirmation:2026-08-bristol-swing-fiesta,2026-09-10T11:03:58.154206+00:00,2026-09-11T11:03:58.154206+00:00
2b568db28a7186b6,wsdc:18348,https://points.worldsdc.com/lookup2020/find,confirmation:2027-04-city-of-angels,2026-09-10T11:09:08.474450+00:00,2026-09-10T14:53:17.738805+00:00
2f2460826442b2bf,wsdc:18531,https://points.worldsdc.com/lookup2020/find,confirmation:2027-04-city-of-angels,2026-09-10T11:09:23.568573+00:00,2026-09-10T14:53:17.738805+00:00
91b1b93f63d4e3bd,wsdc:18720,https://points.worldsdc.com/lookup2020/find,confirmation:2026-08-bristol-swing-fiesta,2026-09-10T11:04:13.065869+00:00,2026-09-11T04:19:58.467025+00:00
74bd0407ffbf7f03,wsdc:18761,https://points.worldsdc.com/lookup2020/find,confirmation:2026-08-bristol-swing-fiesta,2026-09-10T11:03:43.016755+00:00,2026-09-11T04:19:58.467025+00:00
07a1663191416b54,wsdc:18768,https://points.worldsdc.com/lookup2020/find,confirmation:2026-08-bristol-swing-fiesta,2026-09-10T11:01:27.813654+00:00,2026-09-11T04:19:58.467025+00:00
21e0a8f2952468d9,wsdc:18932,https://points.worldsdc.com/lookup2020/find,confirmation:2026-08-bristol-swing-fiesta,2026-09-10T11:02:02.886868+00:00,2026-09-11T11:02:02.886868+00:00
016cf84ea3425e44,wsdc:18957,https://points.worldsdc.com/lookup2020/find,confirmation:2026-08-bristol-swing-fiesta,2026-09-10T11:01:08.157213+00:00,2026-09-11T11:01:08.157213+00:00
385f60246846e968,wsdc:18987,https://points.worldsdc.com/lookup2020/find,confirmation:2026-08-bristol-swing-fiesta,2026-09-10T11:02:42.938156+00:00,2026-09-11T04:19:58.467025+00:00
9897fd2c0063450e,wsdc:19183,https://points.worldsdc.com/lookup2020/find,confirmation:2026-08-bristol-swing-fiesta,2026-09-10T11:04:23.073326+00:00,2026-09-11T04:19:58.467025+00:00
b5bc098a15acfcb2,wsdc:19438,https://points.worldsdc.com/lookup2020/find,confirmation:2026-08-bristol-swing-fiesta,2026-09-10T11:05:08.159096+00:00,2026-09-11T04:19:58.467025+00:00
f28cf47a845d62f3,wsdc:19773,https://points.worldsdc.com/lookup2020/find,confirmation:2026-08-bristol-swing-fiesta,2026-09-10T11:06:53.328059+00:00,2026-09-11T04:19:58.467025+00:00
729abd6229579596,wsdc:19803,https://points.worldsdc.com/lookup2020/find,confirmation:2027-04-city-of-angels,2026-09-10T11:13:03.804592+00:00,2026-09-10T14:53:17.738805+00:00
7477250198febb82,wsdc:20129,https://points.worldsdc.com/lookup2020/find,confirmation:2027-04-city-of-angels,2026-09-10T09:43:02.883751+00:00,2026-09-10T14:53:17.738805+00:00
571fb283314c1e50,wsdc:20275,https://points.worldsdc.com/lookup2020/find,confirmation:2027-04-city-of-angels,2026-09-10T11:11:33.684621+00:00,2026-09-10T14:53:17.738805+00:00
af4f184e2421a662,wsdc:20565,https://points.worldsdc.com/lookup2020/find,confirmation:2026-08-bristol-swing-fiesta,2026-09-10T11:04:53.130686+00:00,2026-09-11T04:19:58.467025+00:00
d072677ac87d7021,wsdc:20758,https://points.worldsdc.com/lookup2020/find,confirmation:2026-08-bristol-swing-fiesta,2026-09-10T11:06:33.392973+00:00,2026-09-11T04:19:58.467025+00:00
018d94d91408679d,wsdc:20813,https://points.worldsdc.com/lookup2020/find,confirmation:2026-08-desert-city-swing,2026-09-10T11:07:18.355700+00:00,2026-09-11T04:20:01.817709+00:00
1d1e64eb5eba3e38,wsdc:20941,https://points.worldsdc.com/lookup2020/find,confirmation:2026-08-bristol-swing-fiesta,2026-09-10T11:01:52.852442+00:00,2026-09-11T04:19:58.467025+00:00
139fb34dd8e7a64b,wsdc:20943,https://points.worldsdc.com/lookup2020/find,confirmation:2026-08-bristol-swing-fiesta,2026-09-10T11:01:47.842706+00:00,2026-09-11T04:19:58.467025+00:00
811c098091438803,wsdc:20980,https://points.worldsdc.com/lookup2020/find,confirmation:2026-08-bristol-swing-fiesta,2026-09-10T11:03:53.031721+00:00,2026-09-11T04:19:58.467025+00:00
dcecd1ae38d204c5,wsdc:21242,https://points.worldsdc.com/lookup2020/find,confirmation:2026-08-bristol-swing-fiesta,2026-09-10T11:06:43.316570+00:00,2026-09-11T04:19:58.467025+00:00
96cc8feffb4f38cc,wsdc:21309,https://points.worldsdc.com/lookup2020/find,confirmation:2026-08-bristol-swing-fiesta,2026-09-10T11:04:18.065645+00:00,2026-09-11T11:04:18.065645+00:00
8a80dad8cec7f472,wsdc:21512,https://points.worldsdc.com/lookup2020/find,confirmation:2026-08-bristol-swing-fiesta,2026-09-10T11:04:03.096122+00:00,2026-09-11T11:04:03.096122+00:00
10e229a8e982423a,wsdc:21607,https://points.worldsdc.com/lookup2020/find,confirmation:2027-04-city-of-angels,2026-09-10T11:08:13.415785+00:00,2026-09-10T14:53:17.738805+00:00
5219efa1b87d509b,wsdc:21609,https://points.worldsdc.com/lookup2020/find,confirmation:2027-04-city-of-angels,2026-09-10T11:11:18.656961+00:00,2026-09-10T14:53:17.738805+00:00
7c33589d043d5f9a,wsdc:21679,https://points.worldsdc.com/lookup2020/find,confirmation:2026-08-bristol-swing-fiesta,2026-09-10T11:03:48.034261+00:00,2026-09-11T04:19:58.467025+00:00
c75bc7cb4447eef5,wsdc:21680,https://points.worldsdc.com/lookup2020/find,confirmation:2026-08-bristol-swing-fiesta,2026-09-10T11:05:58.264059+00:00,2026-09-11T04:19:58.467025+00:00
07b76dea5b2f7fb9,wsdc:21687,https://points.worldsdc.com/lookup2020/find,confirmation:2026-08-bristol-swing-fiesta,2026-09-10T11:01:32.824239+00:00,2026-09-11T11:01:32.824239+00:00
70bdfb5fb04371aa,wsdc:22080,https://points.worldsdc.com/lookup2020/find,confirmation:2027-04-city-of-angels,2026-09-10T11:12:53.790316+00:00,2026-09-10T14:53:17.738805+00:00
999c10cb632437e7,wsdc:22225,https://points.worldsdc.com/lookup2020/find,confirmation:2026-08-bristol-swing-fiesta,2026-09-10T11:04:28.069766+00:00,2026-09-11T04:19:58.467025+00:00
a858373f616f4618,wsdc:22348,https://points.worldsdc.com/lookup2020/find,confirmation:2026-08-bristol-swing-fiesta,2026-09-10T11:04:43.094893+00:00,2026-09-11T04:19:58.467025+00:00
11108ed56506a2f9,wsdc:22350,https://points.worldsdc.com/lookup2020/find,confirmation:2026-08-bristol-swing-fiesta,2026-09-10T11:01:42.836180+00:00,2026-09-11T04:19:58.467025+00:00
4702adc23f497d4c,wsdc:22363,https://points.worldsdc.com/lookup2020/find,confirmation:2026-08-bristol-swing-fiesta,2026-09-10T11:02:52.942933+00:00,2026-09-11T04:19:58.467025+00:00
62de3c690b57fa19,wsdc:22397,https://points.worldsdc.com/lookup2020/find,confirmation:2027-04-city-of-angels,2026-09-10T11:12:03.782351+00:00,2026-09-10T14:53:17.738805+00:00
5202da75a77125b1,wsdc:22522,https://points.worldsdc.com/lookup2020/find,confirmation:2027-04-city-of-angels,2026-09-10T11:11:13.660306+00:00,2026-09-10T14:53:17.738805+00:00
46f6aadf9f8c317a,wsdc:22526,https://points.worldsdc.com/lookup2020/find,confirmation:2027-04-city-of-angels,2026-09-10T11:10:28.702902+00:00,2026-09-10T14:53:17.738805+00:00
3814a0f4bff3c171,wsdc:22710,https://points.worldsdc.com/lookup2020/find,confirmation:2026-08-bristol-swing-fiesta,2026-09-10T11:02:37.916933+00:00,2026-09-11T04:19:58.467025+00:00
e4b21d295cd21c94,wsdc:22837,https://points.worldsdc.com/lookup2020/find,confirmation:2026-08-bristol-swing-fiesta,2026-09-10T11:06:48.314600+00:00,2026-09-11T04:19:58.467025+00:00
57c37b7cffdd32d2,wsdc:22906,https://points.worldsdc.com/lookup2020/find,confirmation:2027-04-city-of-angels,2026-09-10T11:11:38.700678+00:00,2026-09-10T14:53:17.738805+00:00
31288b3424799cd8,wsdc:22924,https://points.worldsdc.com/lookup2020/find,confirmation:2027-04-city-of-angels,2026-09-10T11:09:38.524943+00:00,2026-09-10T14:53:17.738805+00:00
6a2a3142f46e4c3b,wsdc:23320,https://points.worldsdc.com/lookup2020/find,confirmation:2027-04-city-of-angels,2026-09-10T11:12:28.754836+00:00,2026-09-10T14:53:17.738805+00:00
06d6b55ac2bee72d,wsdc:23415,https://points.worldsdc.com/lookup2020/find,confirmation:2026-08-bristol-swing-fiesta,2026-09-10T11:01:22.807064+00:00,2026-09-11T04:19:58.467025+00:00
ce0067bcd9e235f7,wsdc:23589,https://points.worldsdc.com/lookup2020/find,confirmation:2026-08-bristol-swing-fiesta,2026-09-10T11:06:23.268141+00:00,2026-09-11T04:19:58.467025+00:00
d6c96bbfca19360f,wsdc:23992,https://points.worldsdc.com/lookup2020/find,confirmation:2026-08-bristol-swing-fiesta,2026-09-10T11:06:38.303279+00:00,2026-09-11T11:06:38.303279+00:00
4117c52b05cc0efe,wsdc:24000,https://points.worldsdc.com/lookup2020/find,confirmation:2026-08-bristol-swing-fiesta,2026-09-10T11:02:47.935107+00:00,2026-09-11T04:19:58.467025+00:00
0d1ada3ea7c400f6,wsdc:24012,https://points.worldsdc.com/lookup2020/find,confirmation:2026-08-bristol-swing-fiesta,2026-09-10T11:01:37.831471+00:00,2026-09-11T04:19:58.467025+00:00
6136e8198fc6f746,wsdc:24235,https://points.worldsdc.com/lookup2020/find,confirmation:2026-08-bristol-swing-fiesta,2026-09-10T11:03:07.973861+00:00,2026-09-11T04:19:58.467025+00:00
c190708e0e3a2d12,wsdc:24255,https://points.worldsdc.com/lookup2020/find,confirmation:2026-08-bristol-swing-fiesta,2026-09-10T11:05:38.297913+00:00,2026-09-11T04:19:58.467025+00:00
4aa9b7e853665272,wsdc:24402,https://points.worldsdc.com/lookup2020/find,confirmation:2027-04-city-of-angels,2026-09-10T11:10:53.625726+00:00,2026-09-10T14:53:17.738805+00:00
70a7f59383f58941,wsdc:24457,https://points.worldsdc.com/lookup2020/find,confirmation:2027-04-city-of-angels,2026-09-10T11:12:48.797604+00:00,2026-09-10T14:53:17.738805+00:00
6289e512d28dbd17,wsdc:24514,https://points.worldsdc.com/lookup2020/find,confirmation:2027-04-city-of-angels,2026-09-10T11:11:58.714957+00:00,2026-09-10T14:53:17.738805+00:00
30d94d48f1df0e5c,wsdc:24871,https://points.worldsdc.com/lookup2020/find,confirmation:2027-04-city-of-angels,2026-09-10T11:09:33.518776+00:00,2026-09-10T14:53:17.738805+00:00
11af151d879bed0b,wsdc:24913,https://points.worldsdc.com/lookup2020/find,confirmation:2027-04-city-of-angels,2026-09-10T11:08:23.421585+00:00,2026-09-10T14:53:17.738805+00:00
b98c9b9d864268df,wsdc:24944,https://points.worldsdc.com/lookup2020/find,confirmation:2026-08-bristol-swing-fiesta,2026-09-10T11:05:23.204046+00:00,2026-09-11T04:19:58.467025+00:00
710392a2da572718,wsdc:24973,https://points.worldsdc.com/lookup2020/find,confirmation:2027-04-city-of-angels,2026-09-10T11:12:58.803277+00:00,2026-09-10T14:53:17.738805+00:00
1603bf32a13c2928,wsdc:25070,https://points.worldsdc.com/lookup2020/find,confirmation:2027-04-city-of-angels,2026-09-10T11:08:43.445713+00:00,2026-09-10T14:53:17.738805+00:00
2482272c03325cb1,wsdc:25143,https://points.worldsdc.com/lookup2020/find,confirmation:2026-08-bristol-swing-fiesta,2026-09-10T11:02:07.876880+00:00,2026-09-11T04:19:58.467025+00:00
4d4cf989e04139e3,wsdc:25190,https://points.worldsdc.com/lookup2020/find,confirmation:2027-04-city-of-angels,2026-09-10T11:11:08.653846+00:00,2026-09-10T14:53:17.738805+00:00
4d17e01c707ac3da,wsdc:25367,https://points.worldsdc.com/lookup2020/find,confirmation:2026-08-bristol-swing-fiesta,2026-09-10T11:02:57.948779+00:00,2026-09-11T04:19:58.467025+00:00
1da5850dd45d65c9,wsdc:25372,https://points.worldsdc.com/lookup2020/find,confirmation:2026-08-bristol-swing-fiesta,2026-09-10T11:01:57.856433+00:00,2026-09-11T11:01:57.856433+00:00
25f5064bc2ae8315,wsdc:25382,https://points.worldsdc.com/lookup2020/find,confirmation:2026-08-bristol-swing-fiesta,2026-09-10T11:02:12.878818+00:00,2026-09-11T04:19:58.467025+00:00
05dbb7d6cce04c3a,wsdc:25450,https://points.worldsdc.com/lookup2020/find,confirmation:2027-04-city-of-angels,2026-09-10T11:07:28.372158+00:00,2026-09-10T14:53:17.738805+00:00
118b7f75a3bfdcbd,wsdc:25472,https://points.worldsdc.com/lookup2020/find,confirmation:2026-08-desert-city-swing,2026-09-10T11:08:18.399211+00:00,2026-09-11T04:20:01.817709+00:00
3f332f29cf4b53f4,wsdc:25755,https://points.worldsdc.com/lookup2020/find,confirmation:2026-08-desert-city-swing,2026-09-10T11:10:18.577807+00:00,2026-09-11T04:20:01.817709+00:00
0685cb894ffff371,wsdc:25766,https://points.worldsdc.com/lookup2020/find,confirmation:2027-04-city-of-angels,2026-09-10T11:07:33.478626+00:00,2026-09-10T14:53:17.738805+00:00
0bf554711e591049,wsdc:25864,https://points.worldsdc.com/lookup2020/find,confirmation:2027-04-city-of-angels,2026-09-10T11:07:48.382379+00:00,2026-09-10T14:53:17.738805+00:00
49b087f0123318b4,wsdc:25866,https://points.worldsdc.com/lookup2020/find,confirmation:2027-04-city-of-angels,2026-09-10T11:10:43.624029+00:00,2026-09-10T14:53:17.738805+00:00
a1e4c8b4474c36b8,wsdc:26049,https://points.worldsdc.com/lookup2020/find,confirmation:2026-08-bristol-swing-fiesta,2026-09-10T11:04:38.088076+00:00,2026-09-11T04:19:58.467025+00:00
6332e9beafb7a36d,wsdc:26084,https://points.worldsdc.com/lookup2020/find,confirmation:2026-08-desert-city-swing,2026-09-10T11:12:08.747882+00:00,2026-09-11T04:20:01.817709+00:00
43ea92b262316021,wsdc:26244,https://points.worldsdc.com/lookup2020/find,confirmation:2026-08-desert-city-swing,2026-09-10T11:10:23.603660+00:00,2026-09-11T04:20:01.817709+00:00
65982aba31d99b3f,wsdc:26316,https://points.worldsdc.com/lookup2020/find,confirmation:2026-08-bristol-swing-fiesta,2026-09-10T11:03:12.975353+00:00,2026-09-11T04:19:58.467025+00:00
ca26b31037645399,wsdc:26648,https://points.worldsdc.com/lookup2020/find,confirmation:2026-08-bristol-swing-fiesta,2026-09-10T11:06:18.264630+00:00,2026-09-11T04:19:58.467025+00:00
6ec5e58391f9cd05,wsdc:26716,https://points.worldsdc.com/lookup2020/find,confirmation:2027-04-city-of-angels,2026-09-10T11:12:38.763756+00:00,2026-09-10T14:53:17.738805+00:00
c7cc1af9d886fda8,wsdc:26739,https://points.worldsdc.com/lookup2020/find,confirmation:2026-08-bristol-swing-fiesta,2026-09-10T11:06:03.290286+00:00,2026-09-11T04:19:58.467025+00:00
c895462f75c7c805,wsdc:26812,https://points.worldsdc.com/lookup2020/find,confirmation:2026-08-bristol-swing-fiesta,2026-09-10T11:06:08.300736+00:00,2026-09-11T04:19:58.467025+00:00
159f6fc3ac1b8c35,wsdc:26866,https://points.worldsdc.com/lookup2020/find,confirmation:2027-04-city-of-angels,2026-09-10T11:08:38.438274+00:00,2026-09-10T14:53:17.738805+00:00
5f3cc12b9e240adb,wsdc:27087,https://points.worldsdc.com/lookup2020/find,confirmation:2026-08-desert-city-swing,2026-09-10T11:11:53.710944+00:00,2026-09-11T04:20:01.817709+00:00
704a6a135a5e8d24,wsdc:27249,https://points.worldsdc.com/lookup2020/find,confirmation:2027-04-city-of-angels,2026-09-10T11:12:43.904474+00:00,2026-09-10T14:53:17.738805+00:00
3a484cc60fe0f3e9,wsdc:27376,https://points.worldsdc.com/lookup2020/find,confirmation:2027-04-city-of-angels,2026-09-10T11:10:03.858288+00:00,2026-09-10T14:53:17.738805+00:00
e0e6576af1ba853e,wsdc:2761,https://points.worldsdc.com/lookup2020/find,confirmation:2027-04-city-of-angels,2026-09-10T14:01:08.245795+00:00,2026-09-10T14:53:17.738805+00:00
c4c4dbc35deee1e3,wsdc:27872,https://points.worldsdc.com/lookup2020/find,confirmation:2026-08-bristol-swing-fiesta,2026-09-10T11:05:43.225590+00:00,2026-09-11T04:19:58.467025+00:00
cfea31b3cad6c956,wsdc:27876,https://points.worldsdc.com/lookup2020/find,confirmation:2026-08-bristol-swing-fiesta,2026-09-10T11:06:28.270187+00:00,2026-09-11T04:19:58.467025+00:00
eeda4ca24048da6b,wsdc:2832,https://points.worldsdc.com/lookup2020/find,confirmation:2026-08-summer-hummer,2026-09-10T14:09:01.840625+00:00,2026-09-11T04:20:04.279933+00:00
b2eb4c8b70fbbf98,wsdc:28923,https://points.worldsdc.com/lookup2020/find,confirmation:2026-08-bristol-swing-fiesta,2026-09-10T11:04:58.119557+00:00,2026-09-11T04:19:58.467025+00:00
0da13897a295ffae,wsdc:2894,https://points.worldsdc.com/lookup2020/find,confirmation:2027-04-city-of-angels,2026-09-10T14:01:09.883517+00:00,2026-09-10T14:53:17.738805+00:00
688b55eb322f6569,wsdc:29029,https://points.worldsdc.com/lookup2020/find,probe,2026-09-12T13:09:02.463727+00:00,2026-09-12T16:32:07.271241+00:00
7abdcb5cf347d54b,wsdc:29030,https://points.worldsdc.com/lookup2020/find,probe,2026-09-12T13:09:04.378406+00:00,2026-09-12T16:32:07.271241+00:00
4a5b11602b135334,wsdc:29031,https://points.worldsdc.com/lookup2020/find,probe,2026-09-12T13:09:06.354325+00:00,2026-09-12T16:32:07.271241+00:00
9bbb4fb27214c6f4,wsdc:29032,https://points.worldsdc.com/lookup2020/find,probe,2026-09-12T13:09:08.375818+00:00,2026-09-12T16:32:07.271241+00:00
55f6f444d539dfb7,wsdc:29033,https://points.worldsdc.com/lookup2020/find,probe,2026-09-12T13:09:10.331774+00:00,2026-09-12T16:32:07.271241+00:00
ae91fef1695e22f8,wsdc:29034,https://points.worldsdc.com/lookup2020/find,probe,2026-09-12T13:09:12.404376+00:00,2026-09-12T16:32:07.271241+00:00
508a16c3619c8261,wsdc:29035,https://points.worldsdc.com/lookup2020/find,probe,2026-09-12T13:09:14.916644+00:00,2026-09-12T16:32:07.271241+00:00
0589dc712cf7fec7,wsdc:29036,https://points.worldsdc.com/lookup2020/find,probe,2026-09-12T13:09:16.619097+00:00,2026-09-12T16:32:07.271241+00:00
d79c5fde563a113b,wsdc:29037,https://points.worldsdc.com/lookup2020/find,probe,2026-09-12T13:09:18.622495+00:00,2026-09-12T16:32:07.271241+00:00
d6734aaa1b390111,wsdc:29038,https://points.worldsdc.com/lookup2020/find,probe,2026-09-12T13:09:20.630748+00:00,2026-09-12T16:32:07.271241+00:00
5c06b7aececa9fb9,wsdc:29039,https://points.worldsdc.com/lookup2020/find,probe,2026-09-12T13:09:22.698904+00:00,2026-09-12T16:32:07.271241+00:00
7b22088fcfc88651,wsdc:29040,https://points.worldsdc.com/lookup2020/find,probe,2026-09-12T13:09:24.706495+00:00,2026-09-12T16:32:07.271241+00:00
a780b54f5e650812,wsdc:29041,https://points.worldsdc.com/lookup2020/find,probe,2026-09-12T13:09:26.725892+00:00,2026-09-12T16:32:07.271241+00:00
81078654e89d0725,wsdc:29042,https://points.worldsdc.com/lookup2020/find,probe,2026-09-12T13:09:28.660524+00:00,2026-09-12T16:32:07.271241+00:00
4592e77122b56b7e,wsdc:29043,https://points.worldsdc.com/lookup2020/find,probe,2026-09-12T13:09:30.677739+00:00,2026-09-12T16:32:07.271241+00:00
a4eb3c09ed404043,wsdc:29044,https://points.worldsdc.com/lookup2020/find,probe,2026-09-12T13:09:32.706938+00:00,2026-09-12T16:32:07.271241+00:00
d68332e4cdfc6e2c,wsdc:29045,https://points.worldsdc.com/lookup2020/find,probe,2026-09-12T13:09:34.684987+00:00,2026-09-12T16:32:07.271241+00:00
4151b71711524e38,wsdc:29046,https://points.worldsdc.com/lookup2020/find,probe,2026-09-12T13:09:36.706471+00:00,2026-09-12T16:32:07.271241+00:00
6b878a0d37035f96,wsdc:29047,https://points.worldsdc.com/lookup2020/find,probe,2026-09-12T13:09:38.870991+00:00,2026-09-12T16:32:07.271241+00:00
d03a4562776041e1,wsdc:29048,https://points.worldsdc.com/lookup2020/find,probe,2026-09-12T13:09:40.726999+00:00,2026-09-12T16:32:07.271241+00:00
fc06144e22dfe3b5,wsdc:311,https://points.worldsdc.com/lookup2020/find,confirmation:2026-08-desert-city-swing,2026-09-10T11:07:08.381580+00:00,2026-09-11T04:20:01.817709+00:00
654f446efcc346a1,wsdc:3125,https://points.worldsdc.com/lookup2020/find,confirmation:2026-08-desert-city-swing,2026-09-10T14:32:14.360970+00:00,2026-09-11T14:32:14.360970+00:00
f09657e8a93a2abe,wsdc:3138,https://points.worldsdc.com/lookup2020/find,confirmation:2026-08-desert-city-swing,2026-09-10T14:38:38.235330+00:00,2026-09-11T04:20:01.817709+00:00
d9d48bebe63c5d84,wsdc:3150,https://points.worldsdc.com/lookup2020/find,confirmation:2026-08-desert-city-swing,2026-09-10T14:39:02.286081+00:00,2026-09-11T04:20:01.817709+00:00
157f5daad88311d0,wsdc:5005,https://points.worldsdc.com/lookup2020/find,confirmation:2027-04-city-of-angels,2026-09-10T11:08:33.426724+00:00,2026-09-10T14:53:17.738805+00:00
52eb7be3ce4873d3,wsdc:5066,https://points.worldsdc.com/lookup2020/find,confirmation:2027-04-city-of-angels,2026-09-10T11:11:28.724859+00:00,2026-09-10T14:53:17.738805+00:00
97fc8b370c394f0c,wsdc:5103,https://points.worldsdc.com/lookup2020/find,confirmation:2026-08-desert-city-swing,2026-09-11T05:37:43.784683+00:00,2026-09-12T05:37:43.784683+00:00
838965394a8b25ac,wsdc:5372,https://points.worldsdc.com/lookup2020/find,confirmation:2026-08-desert-city-swing,2026-09-11T05:46:49.272872+00:00,2026-09-12T05:46:49.272872+00:00
53a1a6efa873c9c0,wsdc:619,https://points.worldsdc.com/lookup2020/find,confirmation:2026-08-desert-city-swing,2026-09-10T11:07:03.408267+00:00,2026-09-11T04:20:01.817709+00:00
4c0e95a04d7071d8,wsdc:6204,https://points.worldsdc.com/lookup2020/find,confirmation:2026-08-summer-hummer,2026-09-10T11:11:03.667559+00:00,2026-09-11T11:11:03.667559+00:00
12a5770a867d6810,wsdc:6761,https://points.worldsdc.com/lookup2020/find,confirmation:2026-08-desert-city-swing,2026-09-11T16:13:35.047498+00:00,2026-09-12T16:13:35.047498+00:00
b440f4a2f0a8daa7,wsdc:6816,https://points.worldsdc.com/lookup2020/find,confirmation:2026-08-bristol-swing-fiesta,2026-09-10T11:05:03.254632+00:00,2026-09-11T04:19:58.467025+00:00
0d74b8099d6486d4,wsdc:6916,https://points.worldsdc.com/lookup2020/find,confirmation:2026-08-summer-hummer,2026-09-10T11:07:53.461187+00:00,2026-09-11T04:20:04.279933+00:00
abc48ec861ec8fa5,wsdc:7166,https://points.worldsdc.com/lookup2020/find,confirmation:2026-08-bristol-swing-fiesta,2026-09-10T11:04:48.117884+00:00,2026-09-11T04:19:58.467025+00:00
bbe30641a97a69b8,wsdc:7246,https://points.worldsdc.com/lookup2020/find,confirmation:2026-08-bristol-swing-fiesta,2026-09-11T16:29:47.920548+00:00,2026-09-12T16:29:47.920548+00:00
7de017a8d8ce67da,wsdc:7299,https://points.worldsdc.com/lookup2020/find,confirmation:2026-08-desert-city-swing,2026-09-11T16:31:34.660737+00:00,2026-09-12T16:31:34.660737+00:00
6a24d3ce43a50693,wsdc:7562,https://points.worldsdc.com/lookup2020/find,confirmation:2026-08-bristol-swing-fiesta,2026-09-10T11:03:23.003901+00:00,2026-09-11T11:03:23.003901+00:00
6c5cb3e1ed53a820,wsdc:764,https://points.worldsdc.com/lookup2020/find,confirmation:2026-08-summer-hummer,2026-09-10T11:07:13.384222+00:00,2026-09-11T04:20:04.279933+00:00
4a73d18f981aa55d,wsdc:7836,https://points.worldsdc.com/lookup2020/find,confirmation:2027-04-city-of-angels,2026-09-10T11:10:48.640417+00:00,2026-09-10T14:53:17.738805+00:00
493a6dc96a05dcae,wsdc:7856,https://points.worldsdc.com/lookup2020/find,confirmation:2027-04-city-of-angels,2026-09-10T11:10:38.641378+00:00,2026-09-10T14:53:17.738805+00:00
9be5332d65c3dd6e,wsdc:8213,https://points.worldsdc.com/lookup2020/find,confirmation:2026-08-bristol-swing-fiesta,2026-09-10T11:04:33.087981+00:00,2026-09-11T04:19:58.467025+00:00
471007923985be68,wsdc:8774,https://points.worldsdc.com/lookup2020/find,confirmation:2027-04-city-of-angels,2026-09-10T11:10:33.617758+00:00,2026-09-10T14:53:17.738805+00:00
0bcdda6f63f2c638,wsdc:9053,https://points.worldsdc.com/lookup2020/find,confirmation:2026-08-desert-city-swing,2026-09-10T11:07:43.412681+00:00,2026-09-11T04:20:01.817709+00:00
1e90909359a322ca,wsdc:9139,https://points.worldsdc.com/lookup2020/find,confirmation:2026-08-desert-city-swing,2026-09-10T11:08:53.458760+00:00,2026-09-11T04:20:01.817709+00:00
7199aed778fb3eed,wsdc:9552,https://points.worldsdc.com/lookup2020/find,confirmation:2026-08-bristol-swing-fiesta,2026-09-10T11:03:28.035657+00:00,2026-09-11T11:03:28.035657+00:00
377d7b9b881720f3,wsdc:9989,https://points.worldsdc.com/lookup2020/find,confirmation:2027-04-city-of-angels,2026-09-10T11:09:48.585008+00:00,2026-09-10T14:53:17.738805+00:00
