wsdc_id,role,series_id,event_month,division,dance_style,reference_result,reference_points,reason
20,leader,wsdc-25,1997-06,masters,wcs,5,2,conflicting_claim_withheld
32,follower,wsdc-35,1996-11,intermediate,wcs,1,10,conflicting_claim_withheld
61,follower,wsdc-34,1998-09,PRO,wcs,5,2,conflicting_claim_withheld
87,follower,wsdc-39,1999-01,PRO,wcs,5,2,conflicting_claim_withheld
88,follower,wsdc-18,2000-04,PRO,wcs,5,2,conflicting_claim_withheld
88,follower,wsdc-65,1999-10,PRO,wcs,4,0,conflicting_claim_withheld
96,follower,wsdc-68,1992-11,PRO,wcs,1,10,conflicting_claim_withheld
102,follower,wsdc-34,2001-09,PRO,wcs,3,4,conflicting_claim_withheld
102,follower,wsdc-8,1996-10,PRO,wcs,2,6,conflicting_claim_withheld
103,leader,wsdc-34,2001-09,PRO,wcs,5,2,conflicting_claim_withheld
118,leader,wsdc-18,1998-04,advanced,wcs,F,0,conflicting_claim_withheld
136,leader,wsdc-35,1995-11,advanced,wcs,2,6,conflicting_claim_withheld
141,follower,wsdc-20,1998-05,advanced,wcs,F,1,conflicting_claim_withheld
170,leader,wsdc-73,2001-05,PRO,wcs,3,4,conflicting_claim_withheld
170,leader,wsdc-8,1996-10,PRO,wcs,2,6,conflicting_claim_withheld
174,follower,wsdc-7,1998-10,masters,wcs,5,0,conflicting_claim_withheld
180,follower,wsdc-41,2000-10,PRO,wcs,5,0,conflicting_claim_withheld
189,follower,wsdc-47,2001-08,advanced,wcs,F,0,conflicting_claim_withheld
191,leader,wsdc-25,1998-06,masters,wcs,F,0,conflicting_claim_withheld
192,leader,wsdc-63,2001-11,intermediate,wcs,2,0,conflicting_claim_withheld
198,follower,wsdc-11,1998-05,PRO,wcs,F,1,conflicting_claim_withheld
198,follower,wsdc-60,1997-04,advanced,wcs,1,0,conflicting_claim_withheld
207,follower,wsdc-35,1995-11,advanced,wcs,3,0,conflicting_claim_withheld
219,leader,wsdc-1,1997-07,newcomer,wcs,F,0,conflicting_claim_withheld
242,follower,wsdc-65,1999-10,PRO,wcs,5,2,conflicting_claim_withheld
243,leader,wsdc-71,1998-07,masters,wcs,F,0,conflicting_claim_withheld
244,follower,wsdc-25,1997-06,masters,wcs,1,10,conflicting_claim_withheld
266,leader,wsdc-53,2002-08,intermediate,wcs,3,4,conflicting_claim_withheld
279,leader,wsdc-5,1998-08,PRO,wcs,5,2,conflicting_claim_withheld
281,follower,wsdc-20,1998-05,PRO,wcs,F,0,conflicting_claim_withheld
290,leader,wsdc-1,2002-07,PRO,wcs,2,6,conflicting_claim_withheld
295,leader,wsdc-27,1995-09,PRO,wcs,5,2,conflicting_claim_withheld
311,leader,wsdc-34,2001-09,PRO,wcs,4,3,conflicting_claim_withheld
311,leader,wsdc-53,2002-08,champion,wcs,5,0,conflicting_claim_withheld
312,leader,wsdc-11,1998-05,novice,wcs,F,1,conflicting_claim_withheld
340,follower,wsdc-34,2001-09,PRO,wcs,5,0,conflicting_claim_withheld
340,follower,wsdc-62,1998-01,PRO,wcs,F,0,conflicting_claim_withheld
341,leader,wsdc-53,2002-08,advanced,wcs,F,1,conflicting_claim_withheld
341,leader,wsdc-63,2001-11,advanced,wcs,F,1,conflicting_claim_withheld
357,leader,wsdc-35,1995-11,advanced,wcs,3,4,conflicting_claim_withheld
359,leader,wsdc-1,1997-07,PRO,wcs,F,1,conflicting_claim_withheld
360,follower,wsdc-53,2002-08,advanced,wcs,F,1,conflicting_claim_withheld
425,leader,wsdc-65,1997-10,PRO,wcs,4,3,conflicting_claim_withheld
432,leader,wsdc-14,1997-02,PRO,wcs,5,2,conflicting_claim_withheld
432,leader,wsdc-41,2000-10,PRO,wcs,4,3,conflicting_claim_withheld
432,leader,wsdc-7,1998-10,PRO,wcs,3,0,conflicting_claim_withheld
439,leader,wsdc-12,1998-02,PRO,wcs,4,0,conflicting_claim_withheld
439,leader,wsdc-8,1996-10,PRO,wcs,3,4,conflicting_claim_withheld
446,leader,wsdc-49,1998-05,PRO,wcs,4,3,conflicting_claim_withheld
468,follower,wsdc-68,1992-11,PRO,wcs,4,3,conflicting_claim_withheld
468,follower,wsdc-71,1999-07,PRO,wcs,4,0,conflicting_claim_withheld
476,follower,wsdc-35,1995-11,advanced,wcs,1,10,conflicting_claim_withheld
489,follower,wsdc-34,2001-09,PRO,wcs,4,3,conflicting_claim_withheld
502,follower,wsdc-35,1995-11,advanced,wcs,2,0,conflicting_claim_withheld
532,leader,wsdc-49,1995-05,PRO,wcs,5,2,conflicting_claim_withheld
540,follower,wsdc-25,1997-06,masters,wcs,5,2,conflicting_claim_withheld
570,leader,wsdc-35,1996-11,intermediate,wcs,2,0,conflicting_claim_withheld
578,leader,wsdc-37,2001-12,PRO,wcs,5,2,conflicting_claim_withheld
585,follower,wsdc-40,1999-04,PRO,wcs,4,3,conflicting_claim_withheld
596,follower,wsdc-67,1998-05,advanced,wcs,F,1,conflicting_claim_withheld
600,follower,wsdc-35,1996-11,intermediate,wcs,3,4,conflicting_claim_withheld
612,follower,wsdc-60,1997-04,advanced,wcs,F,0,conflicting_claim_withheld
618,follower,wsdc-60,1997-04,advanced,wcs,3,4,conflicting_claim_withheld
619,follower,wsdc-10,2002-09,PRO,wcs,4,3,conflicting_claim_withheld
619,follower,wsdc-18,2000-04,PRO,wcs,2,6,conflicting_claim_withheld
619,follower,wsdc-34,2001-09,PRO,wcs,2,6,conflicting_claim_withheld
635,leader,wsdc-7,1998-10,advanced,wcs,F,0,conflicting_claim_withheld
645,leader,wsdc-25,2002-06,PRO,wcs,F,1,conflicting_claim_withheld
660,follower,wsdc-12,1999-02,PRO,wcs,4,0,conflicting_claim_withheld
660,follower,wsdc-36,1998-12,PRO,wcs,2,6,conflicting_claim_withheld
660,follower,wsdc-8,1996-10,PRO,wcs,2,6,conflicting_claim_withheld
660,follower,wsdc-9,1999-03,PRO,wcs,2,6,conflicting_claim_withheld
677,leader,wsdc-25,2002-06,PRO,wcs,4,3,conflicting_claim_withheld
689,follower,wsdc-14,1996-02,juniors,wcs,2,6,conflicting_claim_withheld
702,follower,wsdc-25,1997-06,masters,wcs,4,0,conflicting_claim_withheld
714,follower,wsdc-6,1994-02,PRO,wcs,1,10,conflicting_claim_withheld
719,leader,wsdc-31,2001-11,PRO,wcs,2,6,conflicting_claim_withheld
719,leader,wsdc-37,2001-12,PRO,wcs,2,6,conflicting_claim_withheld
719,leader,wsdc-51,1998-09,PRO,wcs,4,3,conflicting_claim_withheld
719,leader,wsdc-8,1996-10,PRO,wcs,4,3,conflicting_claim_withheld
737,leader,wsdc-35,1995-11,advanced,wcs,1,10,conflicting_claim_withheld
749,leader,wsdc-35,1996-11,intermediate,wcs,3,4,conflicting_claim_withheld
764,leader,wsdc-20,1996-05,PRO,wcs,2,6,conflicting_claim_withheld
764,leader,wsdc-34,1998-09,PRO,wcs,3,4,conflicting_claim_withheld
785,leader,wsdc-7,1995-10,PRO,wcs,2,6,conflicting_claim_withheld
785,leader,wsdc-8,1996-10,PRO,wcs,F,1,conflicting_claim_withheld
794,leader,wsdc-60,1997-04,advanced,wcs,1,10,conflicting_claim_withheld
804,leader,wsdc-34,2001-09,PRO,wcs,2,0,conflicting_claim_withheld
825,follower,wsdc-51,2006-09,masters,wcs,F,0,conflicting_claim_withheld
851,follower,wsdc-18,1998-04,PRO,wcs,4,0,conflicting_claim_withheld
851,follower,wsdc-34,2001-09,PRO,wcs,1,10,conflicting_claim_withheld
854,leader,wsdc-12,1998-02,advanced,wcs,F,0,conflicting_claim_withheld
865,leader,wsdc-12,1997-02,advanced,wcs,F,1,conflicting_claim_withheld
873,leader,wsdc-53,2002-08,advanced,wcs,F,1,conflicting_claim_withheld
873,leader,wsdc-63,2001-11,advanced,wcs,5,0,conflicting_claim_withheld
875,leader,wsdc-25,1997-06,masters,wcs,1,10,conflicting_claim_withheld
879,follower,wsdc-71,1998-07,advanced,wcs,F,1,conflicting_claim_withheld
882,follower,wsdc-71,1999-07,PRO,wcs,5,0,conflicting_claim_withheld
902,leader,wsdc-47,1998-08,advanced,wcs,F,0,conflicting_claim_withheld
921,leader,wsdc-4,1996-10,PRO,wcs,4,3,conflicting_claim_withheld
968,follower,wsdc-7,1998-10,novice,wcs,F,1,conflicting_claim_withheld
971,leader,wsdc-31,1999-11,PRO,wcs,5,0,conflicting_claim_withheld
994,leader,wsdc-63,2001-11,intermediate,wcs,4,0,conflicting_claim_withheld
996,follower,wsdc-63,2001-11,advanced,wcs,3,0,conflicting_claim_withheld
999,leader,wsdc-53,2002-08,advanced,wcs,5,0,conflicting_claim_withheld
999,leader,wsdc-63,2001-11,advanced,wcs,2,6,conflicting_claim_withheld
1000,follower,wsdc-63,2001-11,advanced,wcs,F,1,conflicting_claim_withheld
1005,follower,wsdc-62,1998-01,intermediate,wcs,F,1,conflicting_claim_withheld
1034,leader,wsdc-25,1997-06,novice,wcs,4,0,conflicting_claim_withheld
1044,leader,wsdc-18,1998-04,masters,wcs,F,1,conflicting_claim_withheld
1047,leader,wsdc-65,1999-10,PRO,wcs,4,0,conflicting_claim_withheld
1054,follower,wsdc-36,2000-12,advanced,wcs,F,1,conflicting_claim_withheld
1054,follower,wsdc-56,2000-04,advanced,wcs,1,0,conflicting_claim_withheld
1103,follower,wsdc-47,2001-08,intermediate,wcs,F,0,conflicting_claim_withheld
1118,follower,wsdc-62,1998-01,advanced,wcs,F,1,conflicting_claim_withheld
1121,leader,wsdc-65,1999-10,PRO,wcs,5,0,conflicting_claim_withheld
1123,follower,wsdc-34,1998-09,PRO,wcs,1,10,conflicting_claim_withheld
1123,follower,wsdc-40,2001-04,PRO,wcs,3,4,conflicting_claim_withheld
1141,leader,wsdc-53,2002-08,intermediate,wcs,4,3,conflicting_claim_withheld
1183,leader,wsdc-53,2002-08,advanced,wcs,3,0,conflicting_claim_withheld
1198,leader,wsdc-47,2001-08,novice,wcs,F,0,conflicting_claim_withheld
1203,leader,wsdc-1,1997-07,newcomer,wcs,F,1,conflicting_claim_withheld
1209,follower,wsdc-71,2000-07,advanced,wcs,F,0,conflicting_claim_withheld
1211,leader,wsdc-20,1998-05,juniors,wcs,F,1,conflicting_claim_withheld
1238,follower,wsdc-16,2001-03,advanced,wcs,F,0,conflicting_claim_withheld
1247,follower,wsdc-1,1997-07,advanced,wcs,F,0,conflicting_claim_withheld
1250,follower,wsdc-1,1997-07,novice,wcs,F,1,conflicting_claim_withheld
1253,leader,wsdc-18,1998-04,novice,wcs,F,0,conflicting_claim_withheld
1317,leader,wsdc-7,2000-10,intermediate,wcs,F,0,conflicting_claim_withheld
1373,follower,wsdc-12,1998-02,novice,wcs,F,0,conflicting_claim_withheld
1383,leader,wsdc-63,2001-11,advanced,wcs,4,3,conflicting_claim_withheld
1391,follower,wsdc-53,2002-08,intermediate,wcs,2,6,conflicting_claim_withheld
1405,leader,wsdc-71,1999-07,novice,wcs,F,1,conflicting_claim_withheld
1426,follower,wsdc-20,1998-05,novice,wcs,F,0,conflicting_claim_withheld
1455,leader,wsdc-63,2001-11,intermediate,wcs,1,10,conflicting_claim_withheld
1457,leader,wsdc-53,2002-08,advanced,wcs,F,1,conflicting_claim_withheld
1457,leader,wsdc-63,2001-11,intermediate,wcs,F,1,conflicting_claim_withheld
1477,leader,wsdc-31,2000-11,PRO,wcs,5,2,conflicting_claim_withheld
1518,follower,wsdc-56,2000-04,intermediate,wcs,F,0,conflicting_claim_withheld
1519,leader,wsdc-65,2001-10,advanced,wcs,F,0,conflicting_claim_withheld
1551,follower,wsdc-11,1998-05,novice,wcs,F,0,conflicting_claim_withheld
1560,leader,wsdc-71,2000-07,novice,wcs,F,0,conflicting_claim_withheld
1602,follower,wsdc-66,1999-08,advanced,wcs,F,0,conflicting_claim_withheld
1629,leader,wsdc-53,2002-08,advanced,wcs,2,6,conflicting_claim_withheld
1641,leader,wsdc-67,1998-05,novice,wcs,3,0,conflicting_claim_withheld
1673,leader,wsdc-25,1998-06,intermediate,wcs,F,0,conflicting_claim_withheld
1675,follower,wsdc-25,1998-06,novice,wcs,F,1,conflicting_claim_withheld
1689,follower,wsdc-71,1998-07,novice,wcs,F,0,conflicting_claim_withheld
1702,leader,wsdc-5,1998-08,newcomer,wcs,F,1,conflicting_claim_withheld
1722,leader,wsdc-67,1998-05,novice,wcs,F,1,conflicting_claim_withheld
1745,leader,wsdc-53,2002-08,novice,wcs,F,1,conflicting_claim_withheld
1755,leader,wsdc-63,2001-11,novice,wcs,F,0,conflicting_claim_withheld
1759,follower,wsdc-53,2002-08,advanced,wcs,5,0,conflicting_claim_withheld
1788,follower,wsdc-63,2001-11,intermediate,wcs,3,0,conflicting_claim_withheld
1795,follower,wsdc-18,2001-04,advanced,wcs,F,1,conflicting_claim_withheld
1822,leader,wsdc-53,2002-08,advanced,wcs,F,0,conflicting_claim_withheld
1822,leader,wsdc-63,2001-11,advanced,wcs,1,10,conflicting_claim_withheld
1869,leader,wsdc-36,1999-12,novice,wcs,1,10,conflicting_claim_withheld
1957,follower,wsdc-53,2002-08,advanced,wcs,F,0,conflicting_claim_withheld
1957,follower,wsdc-63,2001-11,advanced,wcs,F,1,conflicting_claim_withheld
1974,follower,wsdc-63,2001-11,advanced,wcs,1,0,conflicting_claim_withheld
2084,leader,wsdc-47,1998-08,novice,wcs,F,0,conflicting_claim_withheld
2092,leader,wsdc-47,1998-08,intermediate,wcs,F,0,conflicting_claim_withheld
2167,leader,wsdc-66,1999-08,intermediate,wcs,F,0,conflicting_claim_withheld
2182,leader,wsdc-53,2002-08,advanced,wcs,1,10,conflicting_claim_withheld
2182,leader,wsdc-63,2001-11,advanced,wcs,3,0,conflicting_claim_withheld
2191,follower,wsdc-3,2000-10,intermediate,wcs,F,1,conflicting_claim_withheld
2191,follower,wsdc-53,2002-08,advanced,wcs,2,6,conflicting_claim_withheld
2247,leader,wsdc-34,2001-09,advanced,wcs,3,0,conflicting_claim_withheld
2251,follower,wsdc-53,2002-08,intermediate,wcs,4,3,conflicting_claim_withheld
2251,follower,wsdc-62,2003-01,intermediate,wcs,F,0,conflicting_claim_withheld
2288,leader,wsdc-18,2001-04,novice,wcs,F,0,conflicting_claim_withheld
2301,follower,wsdc-53,2002-08,advanced,wcs,4,0,conflicting_claim_withheld
2302,follower,wsdc-53,2002-08,advanced,wcs,F,0,conflicting_claim_withheld
2302,follower,wsdc-63,2001-11,advanced,wcs,4,3,conflicting_claim_withheld
2314,follower,wsdc-53,2002-08,advanced,wcs,1,10,conflicting_claim_withheld
2314,follower,wsdc-63,2001-11,advanced,wcs,5,2,conflicting_claim_withheld
2317,leader,wsdc-53,2002-08,novice,wcs,F,1,conflicting_claim_withheld
2332,leader,wsdc-53,2002-08,novice,wcs,F,0,conflicting_claim_withheld
2341,follower,wsdc-63,2001-11,intermediate,wcs,2,0,conflicting_claim_withheld
2373,follower,wsdc-15,2002-09,advanced,wcs,F,0,conflicting_claim_withheld
2384,leader,wsdc-53,2002-08,novice,wcs,F,1,conflicting_claim_withheld
2422,leader,wsdc-53,2002-08,novice,wcs,F,0,conflicting_claim_withheld
2464,leader,wsdc-16,2001-03,novice,wcs,F,0,conflicting_claim_withheld
2503,leader,wsdc-53,2002-08,novice,wcs,F,1,conflicting_claim_withheld
2515,follower,wsdc-53,2002-08,advanced,wcs,F,1,conflicting_claim_withheld
2518,follower,wsdc-53,2002-08,novice,wcs,F,0,conflicting_claim_withheld
2532,follower,wsdc-53,2002-08,intermediate,wcs,5,2,conflicting_claim_withheld
2543,leader,wsdc-53,2002-08,novice,wcs,F,0,conflicting_claim_withheld
2580,leader,wsdc-53,2002-08,intermediate,wcs,2,6,conflicting_claim_withheld
2628,leader,wsdc-41,2000-10,newcomer,wcs,F,1,conflicting_claim_withheld
2684,leader,wsdc-36,2000-12,novice,wcs,F,0,conflicting_claim_withheld
2706,follower,wsdc-53,2002-08,intermediate,wcs,3,4,conflicting_claim_withheld
2709,leader,wsdc-53,2002-08,novice,wcs,F,1,conflicting_claim_withheld
2713,leader,wsdc-53,2002-08,novice,wcs,F,0,conflicting_claim_withheld
2718,leader,wsdc-53,2002-08,novice,wcs,F,1,conflicting_claim_withheld
2729,follower,wsdc-63,2001-11,intermediate,wcs,1,10,conflicting_claim_withheld
2730,leader,wsdc-53,2002-08,advanced,wcs,F,0,conflicting_claim_withheld
2744,follower,wsdc-16,2001-03,masters,wcs,F,1,conflicting_claim_withheld
2767,follower,wsdc-62,2003-01,advanced,wcs,F,0,conflicting_claim_withheld
2806,follower,wsdc-40,2001-04,PRO,wcs,5,2,dancer_currently_not_found
2806,follower,wsdc-59,2010-07,champion,wcs,2,4,dancer_currently_not_found
2806,follower,wsdc-70,2009-09,champion,wcs,5,1,dancer_currently_not_found
2806,follower,wsdc-70,2010-11,champion,wcs,5,1,dancer_currently_not_found
2806,follower,wsdc-92,2006-03,allstar,wcs,4,3,dancer_currently_not_found
2806,follower,wsdc-96,2012-06,champion,wcs,4,2,dancer_currently_not_found
2808,follower,wsdc-63,2001-11,intermediate,wcs,4,3,conflicting_claim_withheld
2840,leader,wsdc-53,2002-08,intermediate,wcs,1,10,conflicting_claim_withheld
2861,follower,wsdc-63,2001-11,intermediate,wcs,F,1,conflicting_claim_withheld
2869,follower,wsdc-53,2002-08,novice,wcs,F,0,conflicting_claim_withheld
2917,follower,wsdc-53,2002-08,advanced,wcs,3,4,conflicting_claim_withheld
2928,follower,wsdc-20,2002-05,PRO,wcs,F,1,conflicting_claim_withheld
2932,follower,wsdc-53,2002-08,novice,wcs,F,1,conflicting_claim_withheld
2935,follower,wsdc-53,2002-08,intermediate,wcs,1,10,conflicting_claim_withheld
2970,leader,wsdc-53,2002-08,advanced,wcs,4,3,conflicting_claim_withheld
2981,leader,wsdc-10,2005-09,intermediate,wcs,F,0,conflicting_claim_withheld
3021,leader,wsdc-53,2002-08,intermediate,wcs,5,2,conflicting_claim_withheld
3021,leader,wsdc-63,2001-11,intermediate,wcs,3,4,conflicting_claim_withheld
3034,leader,wsdc-34,2001-09,PRO,wcs,3,4,conflicting_claim_withheld
3035,follower,wsdc-53,2002-08,novice,wcs,F,1,conflicting_claim_withheld
3042,follower,wsdc-53,2002-08,intermediate,wcs,F,1,conflicting_claim_withheld
3093,follower,wsdc-65,2001-10,novice,wcs,F,0,conflicting_claim_withheld
3107,follower,wsdc-53,2002-08,novice,wcs,F,1,conflicting_claim_withheld
3116,follower,wsdc-53,2002-08,novice,wcs,F,1,conflicting_claim_withheld
3274,leader,wsdc-15,2002-09,novice,wcs,F,0,conflicting_claim_withheld
3367,leader,wsdc-53,2002-08,novice,wcs,F,1,conflicting_claim_withheld
3379,follower,wsdc-53,2002-08,novice,wcs,F,1,conflicting_claim_withheld
3396,follower,wsdc-53,2002-08,novice,wcs,F,1,conflicting_claim_withheld
3480,follower,wsdc-53,2002-08,novice,wcs,F,0,conflicting_claim_withheld
3481,follower,wsdc-53,2002-08,novice,wcs,F,0,conflicting_claim_withheld
3495,leader,wsdc-62,2003-01,novice,wcs,F,0,conflicting_claim_withheld
3685,leader,wsdc-67,2008-05,PRO,wcs,F,0,conflicting_claim_withheld
3893,follower,wsdc-37,2006-12,novice,wcs,F,0,conflicting_claim_withheld
3901,leader,wsdc-66,2007-08,intermediate,wcs,F,0,conflicting_claim_withheld
3901,leader,wsdc-97,2006-07,novice,wcs,5,0,conflicting_claim_withheld
3959,follower,wsdc-37,2006-12,advanced,wcs,F,1,conflicting_claim_withheld
4470,leader,wsdc-131,2010-09,newcomer,wcs,F,0,conflicting_claim_withheld
4533,leader,wsdc-10,2005-09,novice,wcs,F,0,conflicting_claim_withheld
4722,leader,wsdc-92,2005-03,sophisticated,wcs,5,2,conflicting_claim_withheld
4723,leader,wsdc-66,2007-08,novice,wcs,F,0,conflicting_claim_withheld
4873,follower,wsdc-67,2008-05,advanced,wcs,F,1,conflicting_claim_withheld
5004,follower,wsdc-51,2006-09,novice,wcs,F,0,conflicting_claim_withheld
5160,follower,wsdc-67,2008-05,intermediate,wcs,F,0,conflicting_claim_withheld
5169,leader,wsdc-79,2008-09,masters,wcs,4,2,conflicting_claim_withheld
5429,leader,wsdc-126,2006-10,newcomer,wcs,3,4,conflicting_claim_withheld
5430,leader,wsdc-126,2006-10,newcomer,wcs,4,0,conflicting_claim_withheld
5432,leader,wsdc-126,2006-10,newcomer,wcs,2,0,conflicting_claim_withheld
5433,leader,wsdc-126,2006-10,newcomer,wcs,3,4,conflicting_claim_withheld
5434,leader,wsdc-126,2006-10,newcomer,wcs,5,0,conflicting_claim_withheld
5442,follower,wsdc-126,2006-10,newcomer,wcs,1,10,conflicting_claim_withheld
5443,follower,wsdc-126,2006-10,newcomer,wcs,2,0,conflicting_claim_withheld
5444,follower,wsdc-126,2006-10,newcomer,wcs,3,0,conflicting_claim_withheld
5445,follower,wsdc-126,2006-10,newcomer,wcs,4,0,conflicting_claim_withheld
5446,follower,wsdc-126,2006-10,newcomer,wcs,5,2,conflicting_claim_withheld
5730,leader,wsdc-117,2010-06,advanced,wcs,4,2,conflicting_claim_withheld
5812,leader,wsdc-137,2007-11,novice,wcs,F,0,conflicting_claim_withheld
6141,follower,wsdc-67,2008-05,novice,wcs,F,0,conflicting_claim_withheld
6485,follower,wsdc-119,2008-08,novice,wcs,F,0,conflicting_claim_withheld
6536,leader,wsdc-95,2010-09,novice,wcs,F,0,conflicting_claim_withheld
7407,leader,wsdc-177,2024-09,masters,wcs,2,2,conflicting_claim_withheld
7440,leader,wsdc-131,2010-09,novice,wcs,F,0,conflicting_claim_withheld
9202,leader,wsdc-117,2026-06,masters,wcs,3,1,conflicting_claim_withheld
12099,leader,wsdc-194,2014-11,newcomer,wcs,1,10,dancer_currently_not_found
12452,follower,wsdc-215,2015-02,newcomer,wcs,F,1,dancer_currently_not_found
16958,follower,wsdc-184,2018-01,novice,wcs,F,2,dancer_currently_not_found
17794,follower,wsdc-177,2018-09,novice,wcs,F,1,dancer_currently_not_found
18512,leader,wsdc-10,2022-09,intermediate,wcs,F,1,dancer_currently_not_found
18512,leader,wsdc-12,2020-02,intermediate,wcs,1,10,dancer_currently_not_found
18512,leader,wsdc-227,2022-08,intermediate,wcs,4,8,dancer_currently_not_found
18512,leader,wsdc-244,2019-02,novice,wcs,F,1,dancer_currently_not_found
18890,follower,wsdc-174,2019-05,novice,wcs,4,8,dancer_currently_not_found
18952,follower,wsdc-175,2019-06,newcomer,wcs,1,6,dancer_currently_not_found
18952,follower,wsdc-175,2022-05,juniors,wcs,1,6,dancer_currently_not_found
18952,follower,wsdc-175,2022-05,novice,wcs,F,2,dancer_currently_not_found
18952,follower,wsdc-186,2023-03,juniors,wcs,4,4,dancer_currently_not_found
18952,follower,wsdc-270,2022-11,juniors,wcs,4,2,dancer_currently_not_found
18952,follower,wsdc-313,2021-09,novice,wcs,F,1,dancer_currently_not_found
18952,follower,wsdc-313,2024-09,novice,wcs,F,1,dancer_currently_not_found
19367,follower,wsdc-232,2019-09,novice,wcs,3,6,dancer_currently_not_found
19447,leader,wsdc-8,2019-10,novice,wcs,1,15,dancer_currently_not_found
20922,follower,wsdc-131,2022-09,novice,wcs,F,1,dancer_currently_not_found
20922,follower,wsdc-141,2025-01,novice,wcs,1,20,dancer_currently_not_found
20922,follower,wsdc-197,2024-03,novice,wcs,F,1,dancer_currently_not_found
20922,leader,wsdc-79,2024-11,newcomer,wcs,F,1,dancer_currently_not_found
20932,follower,wsdc-167,2022-09,novice,wcs,F,1,dancer_currently_not_found
21052,follower,wsdc-65,2022-10,novice,wcs,F,1,dancer_currently_not_found
21061,follower,wsdc-330,2022-11,novice,wcs,3,6,dancer_currently_not_found
21062,follower,wsdc-330,2022-11,novice,wcs,5,2,dancer_currently_not_found
21327,follower,wsdc-184,2023-01,novice,wcs,5,12,dancer_currently_not_found
21446,follower,wsdc-12,2023-02,masters,wcs,F,1,dancer_currently_not_found
21746,follower,wsdc-174,2023-05,novice,wcs,F,1,dancer_currently_not_found
21967,leader,wsdc-200,2025-01,novice,wcs,F,1,dancer_currently_not_found
21967,leader,wsdc-210,2025-04,novice,wcs,3,10,dancer_currently_not_found
21967,leader,wsdc-224,2025-07,sophisticated,wcs,5,2,dancer_currently_not_found
21967,leader,wsdc-225,2023-07,newcomer,wcs,4,4,dancer_currently_not_found
21967,leader,wsdc-225,2025-07,intermediate,wcs,F,1,dancer_currently_not_found
21967,leader,wsdc-300,2024-09,novice,wcs,3,10,dancer_currently_not_found
21967,leader,wsdc-300,2025-09,intermediate,wcs,F,1,dancer_currently_not_found
21967,leader,wsdc-343,2025-02,novice,wcs,F,1,dancer_currently_not_found
22205,leader,wsdc-47,2023-08,novice,wcs,F,1,dancer_currently_not_found
22450,follower,wsdc-267,2023-10,novice,wcs,F,1,dancer_currently_not_found
22450,follower,wsdc-9,2025-03,novice,wcs,4,12,dancer_currently_not_found
22577,leader,wsdc-203,2024-04,novice,wcs,F,1,dancer_currently_not_found
22577,leader,wsdc-229,2023-11,newcomer,wcs,5,2,dancer_currently_not_found
22653,leader,wsdc-269,2023-11,newcomer,wcs,4,2,dancer_currently_not_found
22741,leader,wsdc-175,2025-06,juniors,wcs,1,3,conflicting_claim_withheld
22770,leader,wsdc-334,2024-01,novice,wcs,F,1,dancer_currently_not_found
22770,leader,wsdc-334,2025-01,novice,wcs,F,1,dancer_currently_not_found
22911,follower,wsdc-309,2024-01,newcomer,wcs,2,4,dancer_currently_not_found
22919,follower,wsdc-242,2024-01,newcomer,wcs,1,6,dancer_currently_not_found
22919,follower,wsdc-242,2025-01,novice,wcs,5,6,dancer_currently_not_found
22919,leader,wsdc-242,2025-01,newcomer,wcs,1,10,dancer_currently_not_found
22921,follower,wsdc-242,2024-01,newcomer,wcs,3,3,dancer_currently_not_found
22943,follower,wsdc-301,2024-01,newcomer,wcs,1,10,dancer_currently_not_found
22943,follower,wsdc-382,2025-08,novice,wcs,F,1,dancer_currently_not_found
22943,leader,wsdc-307,2025-02,newcomer,wcs,4,4,dancer_currently_not_found
23035,leader,wsdc-297,2024-02,newcomer,wcs,F,1,dancer_currently_not_found
23086,leader,wsdc-333,2024-03,novice,wcs,4,4,dancer_currently_not_found
23090,follower,wsdc-333,2024-03,novice,wcs,5,6,dancer_currently_not_found
23134,leader,wsdc-318,2024-03,newcomer,wcs,2,2,dancer_currently_not_found
23150,follower,wsdc-119,2024-08,novice,wcs,F,1,dancer_currently_not_found
23150,follower,wsdc-119,2025-08,novice,wcs,F,1,dancer_currently_not_found
23150,follower,wsdc-142,2024-03,newcomer,wcs,4,4,dancer_currently_not_found
23150,follower,wsdc-242,2025-01,novice,wcs,F,1,dancer_currently_not_found
23150,follower,wsdc-76,2024-06,novice,wcs,F,1,dancer_currently_not_found
23150,leader,wsdc-76,2024-06,newcomer,wcs,4,2,dancer_currently_not_found
23342,follower,wsdc-210,2024-04,masters,wcs,5,2,dancer_currently_not_found
23413,leader,wsdc-218,2024-04,novice,wcs,F,1,dancer_currently_not_found
23472,leader,wsdc-134,2024-05,novice,wcs,F,1,dancer_currently_not_found
23521,follower,wsdc-105,2024-05,novice,wcs,F,1,dancer_currently_not_found
23755,leader,wsdc-278,2024-07,novice,wcs,F,1,dancer_currently_not_found
23795,follower,wsdc-156,2024-07,novice,wcs,F,1,dancer_currently_not_found
23971,leader,wsdc-227,2024-08,novice,wcs,4,12,dancer_currently_not_found
24069,follower,wsdc-47,2024-08,novice,wcs,3,14,dancer_currently_not_found
24072,leader,wsdc-47,2024-08,sophisticated,wcs,F,1,dancer_currently_not_found
24174,follower,wsdc-167,2024-09,novice,wcs,4,4,dancer_currently_not_found
24176,leader,wsdc-167,2024-09,sophisticated,wcs,5,2,dancer_currently_not_found
24462,follower,wsdc-65,2024-10,novice,wcs,F,1,dancer_currently_not_found
24504,follower,wsdc-270,2024-11,novice,wcs,F,1,dancer_currently_not_found
24548,leader,wsdc-340,2024-11,novice,wcs,5,2,dancer_currently_not_found
24554,follower,wsdc-340,2024-11,novice,wcs,F,1,dancer_currently_not_found
24558,follower,wsdc-340,2024-11,novice,wcs,F,1,dancer_currently_not_found
24559,follower,wsdc-340,2024-11,novice,wcs,F,1,dancer_currently_not_found
24566,leader,wsdc-330,2024-11,novice,wcs,F,1,dancer_currently_not_found
24568,follower,wsdc-330,2024-11,novice,wcs,5,6,dancer_currently_not_found
24569,follower,wsdc-330,2024-11,novice,wcs,F,1,dancer_currently_not_found
24570,follower,wsdc-330,2024-11,novice,wcs,F,1,dancer_currently_not_found
24572,follower,wsdc-330,2024-11,novice,wcs,F,1,dancer_currently_not_found
24592,leader,wsdc-179,2024-11,novice,wcs,2,8,dancer_currently_not_found
24593,leader,wsdc-179,2024-11,novice,wcs,F,1,dancer_currently_not_found
24596,follower,wsdc-179,2024-11,novice,wcs,1,15,dancer_currently_not_found
24713,follower,wsdc-278,2025-07,novice,wcs,1,15,dancer_currently_not_found
24713,follower,wsdc-290,2024-12,novice,wcs,F,1,dancer_currently_not_found
24713,follower,wsdc-345,2025-04,novice,wcs,F,1,dancer_currently_not_found
24740,follower,wsdc-238,2024-12,novice,wcs,4,8,dancer_currently_not_found
24741,follower,wsdc-238,2024-12,novice,wcs,F,1,dancer_currently_not_found
24742,follower,wsdc-238,2024-12,novice,wcs,F,1,dancer_currently_not_found
24848,follower,wsdc-75,2025-01,novice,wcs,F,1,dancer_currently_not_found
24998,follower,wsdc-307,2025-02,novice,wcs,F,2,dancer_currently_not_found
25151,follower,wsdc-344,2025-02,novice,wcs,4,8,dancer_currently_not_found
25175,leader,wsdc-333,2025-03,novice,wcs,5,2,dancer_currently_not_found
25178,follower,wsdc-333,2025-03,novice,wcs,1,15,dancer_currently_not_found
25184,follower,wsdc-333,2025-03,novice,wcs,F,1,dancer_currently_not_found
25185,follower,wsdc-333,2025-03,novice,wcs,F,1,dancer_currently_not_found
25191,follower,wsdc-143,2025-03,novice,wcs,F,1,dancer_currently_not_found
25224,leader,wsdc-142,2025-03,novice,wcs,4,12,dancer_currently_not_found
25224,leader,wsdc-259,2025-04,novice,wcs,1,15,dancer_currently_not_found
25248,leader,wsdc-186,2025-03,newcomer,wcs,2,12,dancer_currently_not_found
25330,leader,wsdc-197,2025-03,novice,wcs,4,8,dancer_currently_not_found
25330,leader,wsdc-224,2025-07,novice,wcs,F,1,dancer_currently_not_found
25401,follower,wsdc-293,2025-04,newcomer,wcs,F,1,dancer_currently_not_found
25414,leader,wsdc-210,2025-04,novice,wcs,F,1,dancer_currently_not_found
25417,follower,wsdc-210,2025-04,novice,wcs,F,1,dancer_currently_not_found
25494,follower,wsdc-18,2025-04,novice,wcs,4,12,dancer_currently_not_found
25505,leader,wsdc-218,2025-04,newcomer,wcs,F,1,dancer_currently_not_found
25523,follower,wsdc-218,2025-04,novice,wcs,F,2,dancer_currently_not_found
25583,follower,wsdc-352,2026-04,novice,wcs,1,20,dancer_currently_not_found
25583,follower,wsdc-370,2025-04,novice,wcs,F,1,dancer_currently_not_found
25702,follower,wsdc-205,2025-05,newcomer,wcs,F,1,dancer_currently_not_found
25706,leader,wsdc-205,2025-05,novice,wcs,4,8,dancer_currently_not_found
25791,leader,wsdc-105,2025-05,novice,wcs,1,10,dancer_currently_not_found
25794,follower,wsdc-105,2025-05,novice,wcs,F,1,dancer_currently_not_found
25795,follower,wsdc-105,2025-05,novice,wcs,F,1,dancer_currently_not_found
25796,follower,wsdc-105,2025-05,novice,wcs,F,1,dancer_currently_not_found
25870,follower,wsdc-25,2025-06,novice,wcs,F,2,dancer_currently_not_found
25954,leader,wsdc-207,2025-06,novice,wcs,5,2,dancer_currently_not_found
25956,follower,wsdc-207,2025-06,novice,wcs,3,6,dancer_currently_not_found
25958,follower,wsdc-207,2025-06,novice,wcs,F,1,dancer_currently_not_found
25959,follower,wsdc-207,2025-06,novice,wcs,F,1,dancer_currently_not_found
26010,follower,wsdc-109,2025-06,novice,wcs,5,6,dancer_currently_not_found
26058,follower,wsdc-278,2025-07,novice,wcs,F,1,dancer_currently_not_found
26083,follower,wsdc-225,2025-07,novice,wcs,2,22,dancer_currently_not_found
26127,leader,wsdc-362,2025-07,novice,wcs,F,1,dancer_currently_not_found
26183,follower,wsdc-256,2025-07,newcomer,wcs,3,6,dancer_currently_not_found
26263,leader,wsdc-147,2025-07,novice,wcs,F,1,dancer_currently_not_found
26368,leader,wsdc-157,2025-08,newcomer,wcs,5,1,dancer_currently_not_found
26385,leader,wsdc-282,2025-08,newcomer,wcs,F,0,unresolved_other
26438,leader,wsdc-119,2025-08,novice,wcs,1,10,dancer_currently_not_found
26439,leader,wsdc-119,2025-08,novice,wcs,F,1,dancer_currently_not_found
26486,leader,wsdc-356,2025-08,novice,wcs,5,2,dancer_currently_not_found
26488,follower,wsdc-356,2025-08,novice,wcs,5,6,dancer_currently_not_found
26547,leader,wsdc-391,2025-08,novice,wcs,4,4,dancer_currently_not_found
26550,follower,wsdc-391,2025-08,novice,wcs,4,8,dancer_currently_not_found
26583,follower,wsdc-268,2025-09,novice,wcs,1,15,dancer_currently_not_found
26585,follower,wsdc-268,2025-09,novice,wcs,F,1,dancer_currently_not_found
26609,leader,wsdc-231,2025-09,novice,wcs,F,1,dancer_currently_not_found
26612,follower,wsdc-231,2025-09,novice,wcs,F,2,dancer_currently_not_found
26637,leader,wsdc-233,2025-09,novice,wcs,2,12,dancer_currently_not_found
26733,leader,wsdc-165,2025-09,newcomer,wcs,5,1,dancer_currently_not_found
26797,leader,wsdc-211,2025-10,novice,wcs,F,2,dancer_currently_not_found
26863,leader,wsdc-178,2025-10,novice,wcs,F,1,dancer_currently_not_found
26890,leader,wsdc-179,2025-10,novice,wcs,F,1,dancer_currently_not_found
26893,follower,wsdc-179,2025-10,novice,wcs,4,8,dancer_currently_not_found
26895,follower,wsdc-179,2025-10,novice,wcs,F,1,dancer_currently_not_found
27026,leader,wsdc-340,2025-11,novice,wcs,1,10,dancer_currently_not_found
27030,follower,wsdc-340,2025-11,novice,wcs,5,6,dancer_currently_not_found
27088,leader,wsdc-137,2025-11,novice,wcs,2,8,dancer_currently_not_found
27102,follower,wsdc-330,2025-11,novice,wcs,5,6,dancer_currently_not_found
27103,follower,wsdc-330,2025-11,novice,wcs,F,1,dancer_currently_not_found
27104,follower,wsdc-330,2025-11,novice,wcs,F,1,dancer_currently_not_found
27250,leader,wsdc-212,2025-12,novice,wcs,F,1,dancer_currently_not_found
27513,follower,wsdc-183,2026-01,novice,wcs,1,15,dancer_currently_not_found
27559,follower,wsdc-258,2026-02,novice,wcs,F,1,dancer_currently_not_found
27587,leader,wsdc-387,2026-02,novice,wcs,F,1,dancer_currently_not_found
27690,follower,wsdc-378,2026-03,novice,wcs,F,1,dancer_currently_not_found
27750,follower,wsdc-394,2026-03,masters,wcs,5,1,dancer_currently_not_found
27821,leader,wsdc-318,2026-03,novice,wcs,F,1,dancer_currently_not_found
27956,leader,wsdc-18,2026-04,novice,wcs,4,12,dancer_currently_not_found
27957,follower,wsdc-18,2026-04,novice,wcs,5,10,dancer_currently_not_found
27958,follower,wsdc-18,2026-04,novice,wcs,F,2,dancer_currently_not_found
27960,follower,wsdc-18,2026-04,novice,wcs,F,2,dancer_currently_not_found
28285,follower,wsdc-175,2026-05,novice,wcs,3,10,dancer_currently_not_found
28470,follower,wsdc-331,2026-06,novice,wcs,F,1,dancer_currently_not_found
28751,follower,wsdc-404,2026-07,masters,wcs,4,2,dancer_currently_not_found
28874,follower,wsdc-298,2026-08,novice,wcs,4,4,dancer_currently_not_found
