subject_id,snapshot_id,source_row_count,claims_json
1000|follower|wsdc-63|2001-11-01|advanced|wcs,snap_20260910T113714Z_183f5d4765a7,2,"[{""points"": 0, ""result"": ""F""}, {""points"": 1, ""result"": ""F""}]"
1005|follower|wsdc-62|1998-01-01|intermediate|wcs,snap_20260910T113724Z_94da8c6fb959,2,"[{""points"": 0, ""result"": ""F""}, {""points"": 1, ""result"": ""F""}]"
100|leader|wsdc-40|1999-04-01|advanced|lindy,snap_20260910T080743Z_8c3d21e6bb1e,2,"[{""points"": 0, ""result"": ""3""}, {""points"": 4, ""result"": ""3""}]"
102|follower|wsdc-34|2001-09-01|PRO|wcs,snap_20260910T080747Z_7be533d5d15d,2,"[{""points"": 0, ""result"": ""3""}, {""points"": 4, ""result"": ""3""}]"
102|follower|wsdc-8|1996-10-01|PRO|wcs,snap_20260910T080747Z_7be533d5d15d,2,"[{""points"": 6, ""result"": ""2""}, {""points"": 1, ""result"": ""F""}]"
1034|leader|wsdc-25|1997-06-01|novice|wcs,snap_20260910T113823Z_01523f81c229,2,"[{""points"": 0, ""result"": ""4""}, {""points"": 0, ""result"": ""5""}]"
103|leader|wsdc-34|2001-09-01|PRO|wcs,snap_20260910T080749Z_9dc2facabca2,4,"[{""points"": 0, ""result"": ""1""}, {""points"": 10, ""result"": ""1""}, {""points"": 0, ""result"": ""5""}, {""points"": 2, ""result"": ""5""}]"
1044|leader|wsdc-18|1998-04-01|masters|wcs,snap_20260910T113843Z_4cb3c8faf400,3,"[{""points"": 0, ""result"": ""F""}, {""points"": 1, ""result"": ""F""}]"
1047|leader|wsdc-65|1999-10-01|PRO|wcs,snap_20260910T113849Z_b9ee01a25e9e,2,"[{""points"": 0, ""result"": ""4""}, {""points"": 3, ""result"": ""4""}]"
1054|follower|wsdc-36|2000-12-01|advanced|wcs,snap_20260910T113903Z_7f9cb90badbf,2,"[{""points"": 0, ""result"": ""F""}, {""points"": 1, ""result"": ""F""}]"
1054|follower|wsdc-56|2000-04-01|advanced|wcs,snap_20260910T113903Z_7f9cb90badbf,2,"[{""points"": 0, ""result"": ""1""}, {""points"": 10, ""result"": ""1""}]"
1103|follower|wsdc-47|2001-08-01|intermediate|wcs,snap_20260910T114041Z_0fc32352914f,2,"[{""points"": 0, ""result"": ""F""}, {""points"": 1, ""result"": ""F""}]"
1118|follower|wsdc-62|1998-01-01|advanced|wcs,snap_20260910T114111Z_19ab1252c006,2,"[{""points"": 0, ""result"": ""F""}, {""points"": 1, ""result"": ""F""}]"
1121|leader|wsdc-65|1999-10-01|PRO|wcs,snap_20260910T114117Z_8a718bd11f55,2,"[{""points"": 0, ""result"": ""5""}, {""points"": 2, ""result"": ""5""}]"
1123|follower|wsdc-34|1998-09-01|PRO|wcs,snap_20260910T114121Z_2eff07bd0fcf,2,"[{""points"": 10, ""result"": ""1""}, {""points"": 6, ""result"": ""2""}]"
1123|follower|wsdc-40|2001-04-01|PRO|wcs,snap_20260910T114121Z_2eff07bd0fcf,2,"[{""points"": 10, ""result"": ""1""}, {""points"": 4, ""result"": ""3""}]"
1141|leader|wsdc-53|2002-08-01|intermediate|wcs,snap_20260910T114157Z_f91b4b50f4c6,2,"[{""points"": 0, ""result"": ""4""}, {""points"": 3, ""result"": ""4""}]"
114|follower|wsdc-40|1999-04-01|advanced|lindy,snap_20260910T080811Z_65a5405454c1,2,"[{""points"": 0, ""result"": ""3""}, {""points"": 4, ""result"": ""3""}]"
1183|leader|wsdc-53|2002-08-01|advanced|wcs,snap_20260910T114321Z_234a745bf381,2,"[{""points"": 0, ""result"": ""3""}, {""points"": 4, ""result"": ""3""}]"
118|leader|wsdc-18|1998-04-01|advanced|wcs,snap_20260910T080819Z_49a053f00ce1,2,"[{""points"": 0, ""result"": ""F""}, {""points"": 1, ""result"": ""F""}]"
1198|leader|wsdc-47|2001-08-01|novice|wcs,snap_20260910T120211Z_801f973f5366,2,"[{""points"": 0, ""result"": ""F""}, {""points"": 1, ""result"": ""F""}]"
1203|leader|wsdc-1|1997-07-01|newcomer|wcs,snap_20260910T120221Z_9fdb52300670,2,"[{""points"": 3, ""result"": ""4""}, {""points"": 1, ""result"": ""F""}]"
1209|follower|wsdc-71|2000-07-01|advanced|wcs,snap_20260910T120233Z_6f87d93f5d47,2,"[{""points"": 0, ""result"": ""F""}, {""points"": 1, ""result"": ""F""}]"
1211|leader|wsdc-20|1998-05-01|juniors|wcs,snap_20260910T120237Z_3f09124335d1,2,"[{""points"": 0, ""result"": ""F""}, {""points"": 1, ""result"": ""F""}]"
1238|follower|wsdc-16|2001-03-01|advanced|wcs,snap_20260910T120332Z_615dbc1d72ea,2,"[{""points"": 0, ""result"": ""F""}, {""points"": 1, ""result"": ""F""}]"
1247|follower|wsdc-1|1997-07-01|advanced|wcs,snap_20260910T120350Z_40465883ab01,2,"[{""points"": 0, ""result"": ""F""}, {""points"": 1, ""result"": ""F""}]"
1250|follower|wsdc-1|1997-07-01|novice|wcs,snap_20260910T120356Z_9dbadfd266ba,2,"[{""points"": 0, ""result"": ""F""}, {""points"": 1, ""result"": ""F""}]"
1253|leader|wsdc-18|1998-04-01|novice|wcs,snap_20260910T120402Z_f5382160ed7e,2,"[{""points"": 0, ""result"": ""F""}, {""points"": 1, ""result"": ""F""}]"
1308|follower|wsdc-70|1997-09-01|advanced|lindy,snap_20260910T120552Z_9ee060411b16,2,"[{""points"": 0, ""result"": ""4""}, {""points"": 3, ""result"": ""4""}]"
1309|leader|wsdc-34|1998-09-01|advanced|lindy,snap_20260910T120554Z_673a34e050c3,2,"[{""points"": 6, ""result"": ""2""}, {""points"": 4, ""result"": ""3""}]"
1309|leader|wsdc-40|1999-04-01|advanced|lindy,snap_20260910T120554Z_673a34e050c3,2,"[{""points"": 0, ""result"": ""5""}, {""points"": 2, ""result"": ""5""}]"
1311|leader|wsdc-40|1999-04-01|advanced|lindy,snap_20260910T120558Z_eabea3b03256,2,"[{""points"": 0, ""result"": ""4""}, {""points"": 3, ""result"": ""4""}]"
1317|leader|wsdc-7|2000-10-01|intermediate|wcs,snap_20260910T120610Z_e2ecfc06dcec,2,"[{""points"": 0, ""result"": ""F""}, {""points"": 1, ""result"": ""F""}]"
136|leader|wsdc-35|1995-11-01|advanced|wcs,snap_20260910T080855Z_83d1b90deb89,2,"[{""points"": 0, ""result"": ""2""}, {""points"": 6, ""result"": ""2""}]"
1373|follower|wsdc-12|1998-02-01|novice|wcs,snap_20260910T120801Z_950c54d50e03,2,"[{""points"": 0, ""result"": ""F""}, {""points"": 1, ""result"": ""F""}]"
1383|leader|wsdc-63|2001-11-01|advanced|wcs,snap_20260910T120821Z_910a15882826,2,"[{""points"": 0, ""result"": ""4""}, {""points"": 3, ""result"": ""4""}]"
1391|follower|wsdc-53|2002-08-01|intermediate|wcs,snap_20260910T120837Z_74c93e0871b2,2,"[{""points"": 0, ""result"": ""2""}, {""points"": 6, ""result"": ""2""}]"
1405|leader|wsdc-71|1999-07-01|novice|wcs,snap_20260910T120905Z_f39975c9a9d3,2,"[{""points"": 0, ""result"": ""F""}, {""points"": 1, ""result"": ""F""}]"
141|follower|wsdc-20|1998-05-01|advanced|wcs,snap_20260910T080905Z_4f32ecf5b16e,2,"[{""points"": 0, ""result"": ""F""}, {""points"": 1, ""result"": ""F""}]"
1426|follower|wsdc-20|1998-05-01|novice|wcs,snap_20260910T120947Z_5488145488e7,2,"[{""points"": 0, ""result"": ""F""}, {""points"": 1, ""result"": ""F""}]"
1455|leader|wsdc-63|2001-11-01|intermediate|wcs,snap_20260910T121045Z_99c14e2cfaa1,2,"[{""points"": 0, ""result"": ""1""}, {""points"": 10, ""result"": ""1""}]"
1457|leader|wsdc-53|2002-08-01|advanced|wcs,snap_20260910T121049Z_bf133b5d78d3,2,"[{""points"": 0, ""result"": ""F""}, {""points"": 1, ""result"": ""F""}]"
1457|leader|wsdc-63|2001-11-01|intermediate|wcs,snap_20260910T121049Z_bf133b5d78d3,2,"[{""points"": 0, ""result"": ""4""}, {""points"": 1, ""result"": ""F""}]"
1477|leader|wsdc-31|2000-11-01|PRO|wcs,snap_20260910T121129Z_496198726833,2,"[{""points"": 3, ""result"": ""4""}, {""points"": 2, ""result"": ""5""}]"
1498|leader|wsdc-70|1997-09-01|advanced|lindy,snap_20260910T121212Z_bf84ae0bec79,2,"[{""points"": 0, ""result"": ""2""}, {""points"": 6, ""result"": ""2""}]"
1504|leader|wsdc-70|1997-09-01|advanced|lindy,snap_20260910T121224Z_dc36481a8dcd,2,"[{""points"": 0, ""result"": ""1""}, {""points"": 10, ""result"": ""1""}]"
1505|follower|wsdc-70|1997-09-01|advanced|lindy,snap_20260910T121226Z_d6dc865aa20e,2,"[{""points"": 0, ""result"": ""5""}, {""points"": 2, ""result"": ""5""}]"
1518|follower|wsdc-56|2000-04-01|intermediate|wcs,snap_20260910T121252Z_9d99a023b6ef,2,"[{""points"": 0, ""result"": ""F""}, {""points"": 1, ""result"": ""F""}]"
1519|leader|wsdc-65|2001-10-01|advanced|wcs,snap_20260910T121254Z_07d78d15c791,2,"[{""points"": 0, ""result"": ""F""}, {""points"": 1, ""result"": ""F""}]"
1551|follower|wsdc-11|1998-05-01|novice|wcs,snap_20260910T123215Z_3ddb363bca9b,2,"[{""points"": 0, ""result"": ""F""}, {""points"": 1, ""result"": ""F""}]"
1560|leader|wsdc-71|2000-07-01|novice|wcs,snap_20260910T123234Z_8d60034742e2,2,"[{""points"": 0, ""result"": ""F""}, {""points"": 1, ""result"": ""F""}]"
1602|follower|wsdc-66|1999-08-01|advanced|wcs,snap_20260910T123358Z_ba155f72cffd,2,"[{""points"": 0, ""result"": ""F""}, {""points"": 1, ""result"": ""F""}]"
1629|leader|wsdc-53|2002-08-01|advanced|wcs,snap_20260910T123452Z_daa332e92918,2,"[{""points"": 0, ""result"": ""2""}, {""points"": 6, ""result"": ""2""}]"
1641|leader|wsdc-67|1998-05-01|novice|wcs,snap_20260910T123516Z_05fa61fbea1b,2,"[{""points"": 0, ""result"": ""3""}, {""points"": 1, ""result"": ""F""}]"
1673|leader|wsdc-25|1998-06-01|intermediate|wcs,snap_20260910T123620Z_a8019d2007f1,2,"[{""points"": 0, ""result"": ""F""}, {""points"": 1, ""result"": ""F""}]"
1675|follower|wsdc-25|1998-06-01|novice|wcs,snap_20260910T123625Z_eccc67444899,2,"[{""points"": 0, ""result"": ""F""}, {""points"": 1, ""result"": ""F""}]"
1689|follower|wsdc-71|1998-07-01|novice|wcs,snap_20260910T123653Z_9d5eae1a4082,2,"[{""points"": 0, ""result"": ""F""}, {""points"": 1, ""result"": ""F""}]"
1702|leader|wsdc-5|1998-08-01|newcomer|wcs,snap_20260910T123719Z_dcbf22a8a783,2,"[{""points"": 0, ""result"": ""F""}, {""points"": 1, ""result"": ""F""}]"
170|leader|wsdc-73|2001-05-01|PRO|wcs,snap_20260910T081002Z_6f22f3c6c8b2,2,"[{""points"": 10, ""result"": ""1""}, {""points"": 4, ""result"": ""3""}]"
170|leader|wsdc-8|1996-10-01|PRO|wcs,snap_20260910T081002Z_6f22f3c6c8b2,2,"[{""points"": 6, ""result"": ""2""}, {""points"": 1, ""result"": ""F""}]"
1722|leader|wsdc-67|1998-05-01|novice|wcs,snap_20260910T123759Z_ff3263654c1d,2,"[{""points"": 0, ""result"": ""F""}, {""points"": 1, ""result"": ""F""}]"
1745|leader|wsdc-53|2002-08-01|novice|wcs,snap_20260910T123845Z_831c7673ce80,2,"[{""points"": 0, ""result"": ""F""}, {""points"": 1, ""result"": ""F""}]"
174|follower|wsdc-7|1998-10-01|masters|wcs,snap_20260910T081010Z_23d5b4a2a179,2,"[{""points"": 0, ""result"": ""5""}, {""points"": 1, ""result"": ""F""}]"
1755|leader|wsdc-63|2001-11-01|novice|wcs,snap_20260910T123905Z_f445e0bd3471,2,"[{""points"": 0, ""result"": ""F""}, {""points"": 1, ""result"": ""F""}]"
1759|follower|wsdc-53|2002-08-01|advanced|wcs,snap_20260910T123913Z_29653264ba13,2,"[{""points"": 0, ""result"": ""5""}, {""points"": 2, ""result"": ""5""}]"
1788|follower|wsdc-63|2001-11-01|intermediate|wcs,snap_20260910T124011Z_7aa825235a3d,2,"[{""points"": 0, ""result"": ""3""}, {""points"": 4, ""result"": ""3""}]"
1795|follower|wsdc-18|2001-04-01|advanced|wcs,snap_20260910T124026Z_0755d1f1a4de,2,"[{""points"": 0, ""result"": ""F""}, {""points"": 1, ""result"": ""F""}]"
180|follower|wsdc-41|2000-10-01|PRO|wcs,snap_20260910T081022Z_b00d93b6035f,2,"[{""points"": 0, ""result"": ""3""}, {""points"": 0, ""result"": ""5""}]"
1822|leader|wsdc-53|2002-08-01|advanced|wcs,snap_20260910T124120Z_bfec095c3576,2,"[{""points"": 0, ""result"": ""F""}, {""points"": 1, ""result"": ""F""}]"
1822|leader|wsdc-63|2001-11-01|advanced|wcs,snap_20260910T124120Z_bfec095c3576,2,"[{""points"": 0, ""result"": ""1""}, {""points"": 10, ""result"": ""1""}]"
1869|leader|wsdc-36|1999-12-01|novice|wcs,snap_20260910T124255Z_4cc56bc12322,2,"[{""points"": 0, ""result"": ""1""}, {""points"": 10, ""result"": ""1""}]"
189|follower|wsdc-47|2001-08-01|advanced|wcs,snap_20260910T081040Z_e283c9d830fe,2,"[{""points"": 0, ""result"": ""F""}, {""points"": 1, ""result"": ""F""}]"
191|leader|wsdc-25|1998-06-01|masters|wcs,snap_20260910T081045Z_ffc1f29b688c,2,"[{""points"": 0, ""result"": ""F""}, {""points"": 1, ""result"": ""F""}]"
192|leader|wsdc-63|2001-11-01|intermediate|wcs,snap_20260910T081046Z_452e0e96ef3b,2,"[{""points"": 0, ""result"": ""2""}, {""points"": 6, ""result"": ""2""}]"
1934|leader|wsdc-40|1999-04-01|advanced|lindy,snap_20260910T130222Z_cc5694dd9103,2,"[{""points"": 0, ""result"": ""2""}, {""points"": 6, ""result"": ""2""}]"
1957|follower|wsdc-53|2002-08-01|advanced|wcs,snap_20260910T130308Z_a300e22eb13c,3,"[{""points"": 0, ""result"": ""F""}, {""points"": 1, ""result"": ""F""}]"
1957|follower|wsdc-63|2001-11-01|advanced|wcs,snap_20260910T130308Z_a300e22eb13c,3,"[{""points"": 0, ""result"": ""2""}, {""points"": 6, ""result"": ""2""}, {""points"": 1, ""result"": ""F""}]"
1974|follower|wsdc-63|2001-11-01|advanced|wcs,snap_20260910T130342Z_666a2ef0d0c6,2,"[{""points"": 0, ""result"": ""1""}, {""points"": 10, ""result"": ""1""}]"
1987|leader|wsdc-40|1999-04-01|advanced|lindy,snap_20260910T130408Z_653bbcc0fc12,2,"[{""points"": 0, ""result"": ""1""}, {""points"": 10, ""result"": ""1""}]"
1988|follower|wsdc-40|1999-04-01|advanced|lindy,snap_20260910T130410Z_a8dedb3dc655,2,"[{""points"": 0, ""result"": ""1""}, {""points"": 10, ""result"": ""1""}]"
1989|follower|wsdc-40|1999-04-01|advanced|lindy,snap_20260910T130412Z_00a7d3475ccb,2,"[{""points"": 0, ""result"": ""2""}, {""points"": 6, ""result"": ""2""}]"
198|follower|wsdc-11|1998-05-01|PRO|wcs,snap_20260910T081058Z_e5c6ac407e70,2,"[{""points"": 0, ""result"": ""F""}, {""points"": 1, ""result"": ""F""}]"
198|follower|wsdc-60|1997-04-01|advanced|wcs,snap_20260910T081058Z_e5c6ac407e70,2,"[{""points"": 0, ""result"": ""1""}, {""points"": 10, ""result"": ""1""}]"
1990|follower|wsdc-40|1999-04-01|advanced|lindy,snap_20260910T130414Z_a307af7108fd,2,"[{""points"": 0, ""result"": ""4""}, {""points"": 3, ""result"": ""4""}]"
1991|follower|wsdc-40|1999-04-01|advanced|lindy,snap_20260910T130416Z_d2f69cff5e95,2,"[{""points"": 0, ""result"": ""5""}, {""points"": 2, ""result"": ""5""}]"
1999|leader|wsdc-40|1999-04-01|advanced|lindy,snap_20260910T130432Z_e50a3b40a710,2,"[{""points"": 0, ""result"": ""F""}, {""points"": 1, ""result"": ""F""}]"
207|follower|wsdc-35|1995-11-01|advanced|wcs,snap_20260910T081116Z_b4c0f615885f,2,"[{""points"": 0, ""result"": ""3""}, {""points"": 4, ""result"": ""3""}]"
2084|leader|wsdc-47|1998-08-01|novice|wcs,snap_20260910T130723Z_175169665d48,2,"[{""points"": 0, ""result"": ""F""}, {""points"": 1, ""result"": ""F""}]"
2092|leader|wsdc-47|1998-08-01|intermediate|wcs,snap_20260910T130739Z_3aa717d38315,2,"[{""points"": 0, ""result"": ""F""}, {""points"": 1, ""result"": ""F""}]"
20|leader|wsdc-25|1997-06-01|masters|wcs,snap_20260910T080503Z_3aa48a2440f5,2,"[{""points"": 0, ""result"": ""5""}, {""points"": 2, ""result"": ""5""}]"
2167|leader|wsdc-66|1999-08-01|intermediate|wcs,snap_20260910T131009Z_4871c2d6b7eb,2,"[{""points"": 0, ""result"": ""F""}, {""points"": 1, ""result"": ""F""}]"
2182|leader|wsdc-53|2002-08-01|advanced|wcs,snap_20260910T131039Z_2517edd20d79,2,"[{""points"": 0, ""result"": ""1""}, {""points"": 10, ""result"": ""1""}]"
2182|leader|wsdc-63|2001-11-01|advanced|wcs,snap_20260910T131039Z_2517edd20d79,2,"[{""points"": 0, ""result"": ""3""}, {""points"": 4, ""result"": ""3""}]"
2191|follower|wsdc-3|2000-10-01|intermediate|wcs,snap_20260910T131057Z_523b808302db,2,"[{""points"": 0, ""result"": ""F""}, {""points"": 1, ""result"": ""F""}]"
2191|follower|wsdc-53|2002-08-01|advanced|wcs,snap_20260910T131057Z_523b808302db,2,"[{""points"": 0, ""result"": ""2""}, {""points"": 6, ""result"": ""2""}]"
219|leader|wsdc-1|1997-07-01|newcomer|wcs,snap_20260910T081140Z_e03fded5c8e5,2,"[{""points"": 0, ""result"": ""F""}, {""points"": 1, ""result"": ""F""}]"
2247|leader|wsdc-34|2001-09-01|advanced|wcs,snap_20260910T133108Z_29ba14adc543,4,"[{""points"": 0, ""result"": ""1""}, {""points"": 0, ""result"": ""3""}]"
2247|leader|wsdc-34|2001-09-01|novice|lindy,snap_20260910T133108Z_29ba14adc543,2,"[{""points"": 0, ""result"": ""1""}, {""points"": 0, ""result"": ""5""}]"
2251|follower|wsdc-53|2002-08-01|intermediate|wcs,snap_20260910T133115Z_534a64ed682a,2,"[{""points"": 0, ""result"": ""4""}, {""points"": 3, ""result"": ""4""}]"
2251|follower|wsdc-62|2003-01-01|intermediate|wcs,snap_20260910T133115Z_534a64ed682a,2,"[{""points"": 0, ""result"": ""F""}, {""points"": 1, ""result"": ""F""}]"
22741|leader|wsdc-175|2025-06-01|juniors|wcs,snap_20260912T093410Z_e6238e367fa4,2,"[{""points"": 3, ""result"": ""1""}, {""points"": 1, ""result"": ""3""}]"
2288|leader|wsdc-18|2001-04-01|novice|wcs,snap_20260910T133230Z_ef5dac829891,2,"[{""points"": 0, ""result"": ""F""}, {""points"": 1, ""result"": ""F""}]"
2301|follower|wsdc-53|2002-08-01|advanced|wcs,snap_20260910T133256Z_51bbb9f1fef8,2,"[{""points"": 0, ""result"": ""4""}, {""points"": 3, ""result"": ""4""}]"
2302|follower|wsdc-53|2002-08-01|advanced|wcs,snap_20260910T133258Z_53ac491170f4,2,"[{""points"": 0, ""result"": ""F""}, {""points"": 1, ""result"": ""F""}]"
2302|follower|wsdc-63|2001-11-01|advanced|wcs,snap_20260910T133258Z_53ac491170f4,2,"[{""points"": 0, ""result"": ""4""}, {""points"": 3, ""result"": ""4""}]"
2314|follower|wsdc-53|2002-08-01|advanced|wcs,snap_20260910T133322Z_65c205dde5e0,2,"[{""points"": 0, ""result"": ""1""}, {""points"": 10, ""result"": ""1""}]"
2314|follower|wsdc-63|2001-11-01|advanced|wcs,snap_20260910T133322Z_65c205dde5e0,2,"[{""points"": 0, ""result"": ""5""}, {""points"": 2, ""result"": ""5""}]"
2317|leader|wsdc-53|2002-08-01|novice|wcs,snap_20260910T133328Z_30156f9fa9a0,2,"[{""points"": 0, ""result"": ""F""}, {""points"": 1, ""result"": ""F""}]"
2332|leader|wsdc-53|2002-08-01|novice|wcs,snap_20260910T133358Z_9c84eb7c824d,2,"[{""points"": 0, ""result"": ""F""}, {""points"": 1, ""result"": ""F""}]"
2341|follower|wsdc-63|2001-11-01|intermediate|wcs,snap_20260910T133416Z_577745d496f5,2,"[{""points"": 0, ""result"": ""2""}, {""points"": 6, ""result"": ""2""}]"
2373|follower|wsdc-15|2002-09-01|advanced|wcs,snap_20260910T133520Z_bb2275883918,2,"[{""points"": 0, ""result"": ""F""}, {""points"": 1, ""result"": ""F""}]"
2384|leader|wsdc-53|2002-08-01|novice|wcs,snap_20260910T133542Z_dccc422a45a7,2,"[{""points"": 0, ""result"": ""F""}, {""points"": 1, ""result"": ""F""}]"
2406|leader|wsdc-63|1999-11-01|advanced|lindy,snap_20260910T133626Z_f912957ca09c,2,"[{""points"": 10, ""result"": ""1""}, {""points"": 2, ""result"": ""5""}]"
2408|leader|wsdc-63|1999-11-01|advanced|lindy,snap_20260910T133630Z_b9b9145303d8,2,"[{""points"": 6, ""result"": ""2""}, {""points"": 3, ""result"": ""4""}]"
2422|leader|wsdc-53|2002-08-01|novice|wcs,snap_20260910T133659Z_51c70182a792,2,"[{""points"": 0, ""result"": ""F""}, {""points"": 1, ""result"": ""F""}]"
242|follower|wsdc-65|1999-10-01|PRO|wcs,snap_20260910T081226Z_4e409ee9192a,2,"[{""points"": 0, ""result"": ""5""}, {""points"": 2, ""result"": ""5""}]"
243|leader|wsdc-71|1998-07-01|masters|wcs,snap_20260910T081228Z_7dc366329b28,2,"[{""points"": 0, ""result"": ""F""}, {""points"": 1, ""result"": ""F""}]"
244|follower|wsdc-25|1997-06-01|masters|wcs,snap_20260910T081230Z_76ff1cfd380a,2,"[{""points"": 0, ""result"": ""1""}, {""points"": 10, ""result"": ""1""}]"
2464|leader|wsdc-16|2001-03-01|novice|wcs,snap_20260910T133823Z_a64a1b5e5473,2,"[{""points"": 0, ""result"": ""F""}, {""points"": 1, ""result"": ""F""}]"
2491|leader|wsdc-70|1997-09-01|advanced|lindy,snap_20260910T133917Z_19d9375d9fa7,2,"[{""points"": 0, ""result"": ""5""}, {""points"": 2, ""result"": ""5""}]"
2496|leader|wsdc-70|1997-09-01|advanced|lindy,snap_20260910T133927Z_21770bf7b8d5,2,"[{""points"": 0, ""result"": ""4""}, {""points"": 3, ""result"": ""4""}]"
2503|leader|wsdc-53|2002-08-01|novice|wcs,snap_20260910T133941Z_e8e8eb856f0a,2,"[{""points"": 0, ""result"": ""F""}, {""points"": 1, ""result"": ""F""}]"
2515|follower|wsdc-53|2002-08-01|advanced|wcs,snap_20260910T134005Z_96b32d7c49f0,2,"[{""points"": 0, ""result"": ""F""}, {""points"": 1, ""result"": ""F""}]"
2518|follower|wsdc-53|2002-08-01|novice|wcs,snap_20260910T134011Z_531e6bc70d43,2,"[{""points"": 0, ""result"": ""F""}, {""points"": 1, ""result"": ""F""}]"
2532|follower|wsdc-53|2002-08-01|intermediate|wcs,snap_20260910T134039Z_a95e640b4803,2,"[{""points"": 0, ""result"": ""5""}, {""points"": 2, ""result"": ""5""}]"
2543|leader|wsdc-53|2002-08-01|novice|wcs,snap_20260910T134101Z_fe6ea085ab08,2,"[{""points"": 0, ""result"": ""F""}, {""points"": 1, ""result"": ""F""}]"
2580|leader|wsdc-53|2002-08-01|intermediate|wcs,snap_20260910T134216Z_519d12ee92bb,2,"[{""points"": 0, ""result"": ""2""}, {""points"": 6, ""result"": ""2""}]"
2628|leader|wsdc-41|2000-10-01|newcomer|wcs,snap_20260910T140214Z_059497b03b48,2,"[{""points"": 0, ""result"": ""F""}, {""points"": 1, ""result"": ""F""}]"
2658|follower|wsdc-3|2000-10-01|advanced|lindy,snap_20260910T140314Z_73092b053f64,2,"[{""points"": 0, ""result"": ""F""}, {""points"": 1, ""result"": ""F""}]"
266|leader|wsdc-53|2002-08-01|intermediate|wcs,snap_20260910T083013Z_8d9a29413728,2,"[{""points"": 0, ""result"": ""3""}, {""points"": 4, ""result"": ""3""}]"
2684|leader|wsdc-36|2000-12-01|novice|wcs,snap_20260910T140406Z_0d709f25eeaa,2,"[{""points"": 0, ""result"": ""F""}, {""points"": 1, ""result"": ""F""}]"
2706|follower|wsdc-53|2002-08-01|intermediate|wcs,snap_20260910T140450Z_e84bc9ddc1a1,2,"[{""points"": 0, ""result"": ""3""}, {""points"": 4, ""result"": ""3""}]"
2709|leader|wsdc-53|2002-08-01|novice|wcs,snap_20260910T140456Z_30dd170b8209,2,"[{""points"": 0, ""result"": ""F""}, {""points"": 1, ""result"": ""F""}]"
2713|leader|wsdc-53|2002-08-01|novice|wcs,snap_20260910T140504Z_298b502ca632,2,"[{""points"": 0, ""result"": ""F""}, {""points"": 1, ""result"": ""F""}]"
2718|leader|wsdc-53|2002-08-01|novice|wcs,snap_20260910T140514Z_81df6df96a44,2,"[{""points"": 0, ""result"": ""F""}, {""points"": 1, ""result"": ""F""}]"
2729|follower|wsdc-63|2001-11-01|intermediate|wcs,snap_20260910T140536Z_a13d9d97eb5a,2,"[{""points"": 0, ""result"": ""1""}, {""points"": 10, ""result"": ""1""}]"
2730|leader|wsdc-53|2002-08-01|advanced|wcs,snap_20260910T140538Z_414e913bf143,2,"[{""points"": 0, ""result"": ""F""}, {""points"": 1, ""result"": ""F""}]"
2744|follower|wsdc-16|2001-03-01|masters|wcs,snap_20260910T140606Z_16ba10b58b89,2,"[{""points"": 0, ""result"": ""F""}, {""points"": 1, ""result"": ""F""}]"
2767|follower|wsdc-62|2003-01-01|advanced|wcs,snap_20260910T140651Z_a652532f4416,2,"[{""points"": 0, ""result"": ""F""}, {""points"": 1, ""result"": ""F""}]"
279|leader|wsdc-5|1998-08-01|PRO|wcs,snap_20260910T083039Z_715f4460e102,2,"[{""points"": 0, ""result"": ""3""}, {""points"": 2, ""result"": ""5""}]"
2808|follower|wsdc-63|2001-11-01|intermediate|wcs,snap_20260910T140813Z_64f41f3d7651,2,"[{""points"": 0, ""result"": ""4""}, {""points"": 3, ""result"": ""4""}]"
281|follower|wsdc-20|1998-05-01|PRO|wcs,snap_20260910T083043Z_3b0c701f74f1,2,"[{""points"": 0, ""result"": ""F""}, {""points"": 1, ""result"": ""F""}]"
2840|leader|wsdc-53|2002-08-01|intermediate|wcs,snap_20260910T140917Z_34f8eb1f3054,2,"[{""points"": 0, ""result"": ""1""}, {""points"": 10, ""result"": ""1""}]"
2861|follower|wsdc-63|2001-11-01|intermediate|wcs,snap_20260910T140959Z_ab6bbeb9b478,2,"[{""points"": 0, ""result"": ""F""}, {""points"": 1, ""result"": ""F""}]"
2869|follower|wsdc-53|2002-08-01|novice|wcs,snap_20260910T141015Z_6acc40723405,2,"[{""points"": 0, ""result"": ""F""}, {""points"": 1, ""result"": ""F""}]"
2872|follower|wsdc-70|1997-09-01|advanced|lindy,snap_20260910T141021Z_232f0bbda36e,2,"[{""points"": 0, ""result"": ""1""}, {""points"": 10, ""result"": ""1""}]"
2873|follower|wsdc-70|1997-09-01|advanced|lindy,snap_20260910T141023Z_2f401a5df38a,2,"[{""points"": 0, ""result"": ""2""}, {""points"": 6, ""result"": ""2""}]"
2874|leader|wsdc-70|1997-09-01|advanced|lindy,snap_20260910T141025Z_83a81531b8d6,2,"[{""points"": 0, ""result"": ""3""}, {""points"": 4, ""result"": ""3""}]"
290|leader|wsdc-1|2002-07-01|PRO|wcs,snap_20260910T083102Z_ab3ada9de0af,2,"[{""points"": 6, ""result"": ""2""}, {""points"": 3, ""result"": ""4""}]"
2917|follower|wsdc-53|2002-08-01|advanced|wcs,snap_20260910T141150Z_b9988e19990b,2,"[{""points"": 0, ""result"": ""3""}, {""points"": 4, ""result"": ""3""}]"
2928|follower|wsdc-20|2002-05-01|PRO|wcs,snap_20260910T141212Z_98cb2d498594,2,"[{""points"": 10, ""result"": ""1""}, {""points"": 1, ""result"": ""F""}]"
2932|follower|wsdc-53|2002-08-01|novice|wcs,snap_20260910T141220Z_b768d1cd9bdb,2,"[{""points"": 0, ""result"": ""F""}, {""points"": 1, ""result"": ""F""}]"
2935|follower|wsdc-53|2002-08-01|intermediate|wcs,snap_20260910T141226Z_aa459c67f45e,2,"[{""points"": 0, ""result"": ""1""}, {""points"": 10, ""result"": ""1""}]"
295|leader|wsdc-27|1995-09-01|PRO|wcs,snap_20260910T083111Z_7c2a9b3ea714,2,"[{""points"": 4, ""result"": ""3""}, {""points"": 2, ""result"": ""5""}]"
2970|leader|wsdc-53|2002-08-01|advanced|wcs,snap_20260910T143302Z_97b2899a7b11,2,"[{""points"": 0, ""result"": ""4""}, {""points"": 3, ""result"": ""4""}]"
2981|leader|wsdc-10|2005-09-01|intermediate|wcs,snap_20260910T143324Z_738dbd83dcc3,2,"[{""points"": 0, ""result"": ""F""}, {""points"": 1, ""result"": ""F""}]"
3021|leader|wsdc-53|2002-08-01|intermediate|wcs,snap_20260910T143444Z_f96c806587a2,2,"[{""points"": 0, ""result"": ""5""}, {""points"": 2, ""result"": ""5""}]"
3021|leader|wsdc-63|2001-11-01|intermediate|wcs,snap_20260910T143444Z_f96c806587a2,2,"[{""points"": 0, ""result"": ""3""}, {""points"": 4, ""result"": ""3""}]"
3034|leader|wsdc-34|2001-09-01|PRO|wcs,snap_20260910T143510Z_a8f9a1e88c27,2,"[{""points"": 0, ""result"": ""3""}, {""points"": 4, ""result"": ""3""}]"
3035|follower|wsdc-53|2002-08-01|novice|wcs,snap_20260910T143512Z_92cdcc7415f6,2,"[{""points"": 0, ""result"": ""F""}, {""points"": 1, ""result"": ""F""}]"
3042|follower|wsdc-53|2002-08-01|intermediate|wcs,snap_20260910T143526Z_f20bd306d188,2,"[{""points"": 0, ""result"": ""F""}, {""points"": 1, ""result"": ""F""}]"
3071|follower|wsdc-59|2001-07-01|advanced|lindy,snap_20260910T143625Z_ccfb07277af2,2,"[{""points"": 10, ""result"": ""1""}, {""points"": 3, ""result"": ""4""}]"
3093|follower|wsdc-65|2001-10-01|novice|wcs,snap_20260910T143708Z_0f3392546745,2,"[{""points"": 0, ""result"": ""F""}, {""points"": 1, ""result"": ""F""}]"
3107|follower|wsdc-53|2002-08-01|novice|wcs,snap_20260910T143736Z_feb4960861cc,2,"[{""points"": 0, ""result"": ""F""}, {""points"": 1, ""result"": ""F""}]"
3116|follower|wsdc-53|2002-08-01|novice|wcs,snap_20260910T143754Z_c8dbaf3b68c3,2,"[{""points"": 0, ""result"": ""F""}, {""points"": 1, ""result"": ""F""}]"
311|leader|wsdc-34|2001-09-01|PRO|wcs,snap_20260910T110708Z_72d362d3bfcf,2,"[{""points"": 0, ""result"": ""4""}, {""points"": 3, ""result"": ""4""}]"
311|leader|wsdc-53|2002-08-01|champion|wcs,snap_20260910T110708Z_72d362d3bfcf,3,"[{""points"": 0, ""result"": ""5""}, {""points"": 1, ""result"": ""F""}]"
312|leader|wsdc-11|1998-05-01|novice|wcs,snap_20260910T083146Z_f6492852926b,2,"[{""points"": 6, ""result"": ""2""}, {""points"": 1, ""result"": ""F""}]"
3274|leader|wsdc-15|2002-09-01|novice|wcs,snap_20260910T144310Z_d050d4f7d5a0,2,"[{""points"": 0, ""result"": ""F""}, {""points"": 1, ""result"": ""F""}]"
3287|leader|wsdc-73|2002-05-01|intermediate|lindy,snap_20260910T144335Z_c7bb386fef3d,2,"[{""points"": 4, ""result"": ""3""}, {""points"": 3, ""result"": ""4""}]"
32|follower|wsdc-35|1996-11-01|intermediate|wcs,snap_20260910T080527Z_09e56608d446,2,"[{""points"": 10, ""result"": ""1""}, {""points"": 6, ""result"": ""2""}]"
3367|leader|wsdc-53|2002-08-01|novice|wcs,snap_20260911T043909Z_fcafc34366b7,2,"[{""points"": 0, ""result"": ""F""}, {""points"": 1, ""result"": ""F""}]"
3379|follower|wsdc-53|2002-08-01|novice|wcs,snap_20260911T043933Z_63fd39572fa3,2,"[{""points"": 0, ""result"": ""F""}, {""points"": 1, ""result"": ""F""}]"
3396|follower|wsdc-53|2002-08-01|novice|wcs,snap_20260911T044008Z_445384ec150b,2,"[{""points"": 0, ""result"": ""F""}, {""points"": 1, ""result"": ""F""}]"
340|follower|wsdc-34|2001-09-01|PRO|wcs,snap_20260910T083242Z_12d3321d477c,2,"[{""points"": 0, ""result"": ""5""}, {""points"": 2, ""result"": ""5""}]"
340|follower|wsdc-62|1998-01-01|PRO|wcs,snap_20260910T083242Z_12d3321d477c,2,"[{""points"": 0, ""result"": ""F""}, {""points"": 1, ""result"": ""F""}]"
341|leader|wsdc-53|2002-08-01|advanced|wcs,snap_20260910T083244Z_4d9d4d71e3b3,2,"[{""points"": 0, ""result"": ""F""}, {""points"": 1, ""result"": ""F""}]"
341|leader|wsdc-63|2001-11-01|advanced|wcs,snap_20260910T083244Z_4d9d4d71e3b3,2,"[{""points"": 0, ""result"": ""F""}, {""points"": 1, ""result"": ""F""}]"
3480|follower|wsdc-53|2002-08-01|novice|wcs,snap_20260911T044258Z_be0971b9b083,2,"[{""points"": 0, ""result"": ""F""}, {""points"": 1, ""result"": ""F""}]"
3481|follower|wsdc-53|2002-08-01|novice|wcs,snap_20260911T044300Z_342f27fcd8cc,2,"[{""points"": 0, ""result"": ""F""}, {""points"": 1, ""result"": ""F""}]"
3495|leader|wsdc-62|2003-01-01|novice|wcs,snap_20260911T044328Z_20acb2a6da2d,2,"[{""points"": 0, ""result"": ""F""}, {""points"": 1, ""result"": ""F""}]"
3567|follower|wsdc-70|2003-09-01|advanced|lindy,snap_20260911T044554Z_c3bda149602a,2,"[{""points"": 10, ""result"": ""1""}, {""points"": 6, ""result"": ""2""}]"
3568|leader|wsdc-70|2003-09-01|advanced|lindy,snap_20260911T044557Z_fefe886a796f,2,"[{""points"": 6, ""result"": ""2""}, {""points"": 3, ""result"": ""4""}]"
3573|leader|wsdc-70|2003-09-01|novice|lindy,snap_20260911T044606Z_24c6163946f9,2,"[{""points"": 3, ""result"": ""4""}, {""points"": 2, ""result"": ""5""}]"
357|leader|wsdc-35|1995-11-01|advanced|wcs,snap_20260910T083316Z_be93ba3fa75a,2,"[{""points"": 0, ""result"": ""3""}, {""points"": 4, ""result"": ""3""}]"
3584|follower|wsdc-70|2003-09-01|advanced|lindy,snap_20260911T044629Z_3b3915eb257a,2,"[{""points"": 4, ""result"": ""3""}, {""points"": 2, ""result"": ""5""}]"
3598|follower|wsdc-126|2006-10-01|intermediate|lindy,snap_20260911T044657Z_94b1a1de010f,2,"[{""points"": 0, ""result"": ""4""}, {""points"": 3, ""result"": ""4""}]"
359|leader|wsdc-1|1997-07-01|PRO|wcs,snap_20260910T083320Z_05856ed0453f,2,"[{""points"": 0, ""result"": ""F""}, {""points"": 1, ""result"": ""F""}]"
360|follower|wsdc-53|2002-08-01|advanced|wcs,snap_20260910T083322Z_1f29d9a97c88,2,"[{""points"": 0, ""result"": ""F""}, {""points"": 1, ""result"": ""F""}]"
3685|leader|wsdc-67|2008-05-01|PRO|wcs,snap_20260911T044953Z_7c2c515acd13,2,"[{""points"": 0, ""result"": ""F""}, {""points"": 1, ""result"": ""F""}]"
3893|follower|wsdc-37|2006-12-01|novice|wcs,snap_20260911T045656Z_c3229a2afa8b,2,"[{""points"": 0, ""result"": ""F""}, {""points"": 1, ""result"": ""F""}]"
3901|leader|wsdc-66|2007-08-01|intermediate|wcs,snap_20260911T045712Z_e4a85a0d1f8d,2,"[{""points"": 0, ""result"": ""F""}, {""points"": 1, ""result"": ""F""}]"
3901|leader|wsdc-97|2006-07-01|novice|wcs,snap_20260911T045712Z_e4a85a0d1f8d,2,"[{""points"": 0, ""result"": ""5""}, {""points"": 0, ""result"": ""F""}]"
3959|follower|wsdc-37|2006-12-01|advanced|wcs,snap_20260911T045910Z_92e23a5b0e3e,2,"[{""points"": 0, ""result"": ""F""}, {""points"": 1, ""result"": ""F""}]"
4024|follower|wsdc-70|2003-09-01|novice|lindy,snap_20260911T050122Z_c35d17001084,2,"[{""points"": 6, ""result"": ""2""}, {""points"": 3, ""result"": ""4""}]"
4231|follower|wsdc-126|2006-10-01|intermediate|lindy,snap_20260911T050821Z_5a07f4dc19d9,2,"[{""points"": 0, ""result"": ""4""}, {""points"": 1, ""result"": ""F""}]"
425|leader|wsdc-65|1997-10-01|PRO|wcs,snap_20260910T090208Z_dceee47486d2,2,"[{""points"": 3, ""result"": ""4""}, {""points"": 2, ""result"": ""5""}]"
432|leader|wsdc-14|1997-02-01|PRO|wcs,snap_20260910T090222Z_93af11a5eacc,2,"[{""points"": 6, ""result"": ""2""}, {""points"": 2, ""result"": ""5""}]"
432|leader|wsdc-41|2000-10-01|PRO|wcs,snap_20260910T090222Z_93af11a5eacc,2,"[{""points"": 0, ""result"": ""1""}, {""points"": 3, ""result"": ""4""}]"
432|leader|wsdc-7|1998-10-01|PRO|wcs,snap_20260910T090222Z_93af11a5eacc,2,"[{""points"": 0, ""result"": ""1""}, {""points"": 0, ""result"": ""3""}]"
438|leader|wsdc-59|2000-07-01|intermediate|lindy,snap_20260910T090234Z_575e57bbc467,2,"[{""points"": 10, ""result"": ""1""}, {""points"": 3, ""result"": ""4""}]"
439|leader|wsdc-12|1998-02-01|PRO|wcs,snap_20260910T090236Z_5a98030180b2,2,"[{""points"": 0, ""result"": ""3""}, {""points"": 0, ""result"": ""4""}]"
439|leader|wsdc-8|1996-10-01|PRO|wcs,snap_20260910T090236Z_5a98030180b2,2,"[{""points"": 4, ""result"": ""3""}, {""points"": 1, ""result"": ""F""}]"
446|leader|wsdc-49|1998-05-01|PRO|wcs,snap_20260910T090250Z_f7db6bbe1f04,2,"[{""points"": 3, ""result"": ""4""}, {""points"": 1, ""result"": ""F""}]"
4470|leader|wsdc-131|2010-09-01|newcomer|wcs,snap_20260911T051624Z_8cb1d5455be6,2,"[{""points"": 0, ""result"": ""F""}, {""points"": 1, ""result"": ""F""}]"
4533|leader|wsdc-10|2005-09-01|novice|wcs,snap_20260911T051831Z_8e3fddd50a38,2,"[{""points"": 0, ""result"": ""F""}, {""points"": 1, ""result"": ""F""}]"
468|follower|wsdc-68|1992-11-01|PRO|wcs,snap_20260910T090334Z_11c6147e242b,2,"[{""points"": 4, ""result"": ""3""}, {""points"": 3, ""result"": ""4""}]"
468|follower|wsdc-71|1999-07-01|PRO|wcs,snap_20260910T090334Z_11c6147e242b,2,"[{""points"": 0, ""result"": ""2""}, {""points"": 0, ""result"": ""4""}]"
4722|leader|wsdc-92|2005-03-01|sophisticated|wcs,snap_20260911T052455Z_1f1f139a1a21,2,"[{""points"": 4, ""result"": ""3""}, {""points"": 2, ""result"": ""5""}]"
4723|leader|wsdc-66|2007-08-01|novice|wcs,snap_20260911T052457Z_7947bab19302,2,"[{""points"": 0, ""result"": ""F""}, {""points"": 1, ""result"": ""F""}]"
476|follower|wsdc-35|1995-11-01|advanced|wcs,snap_20260910T090350Z_04a94499e717,2,"[{""points"": 0, ""result"": ""1""}, {""points"": 10, ""result"": ""1""}]"
4873|follower|wsdc-67|2008-05-01|advanced|wcs,snap_20260911T052959Z_906f256fc1e7,2,"[{""points"": 0, ""result"": ""F""}, {""points"": 1, ""result"": ""F""}]"
489|follower|wsdc-34|2001-09-01|PRO|wcs,snap_20260910T090416Z_80e16316b631,2,"[{""points"": 0, ""result"": ""4""}, {""points"": 3, ""result"": ""4""}]"
4985|leader|wsdc-126|2006-10-01|intermediate|lindy,snap_20260911T053348Z_e38fbfd14cd0,2,"[{""points"": 0, ""result"": ""2""}, {""points"": 6, ""result"": ""2""}]"
5004|follower|wsdc-51|2006-09-01|novice|wcs,snap_20260911T053427Z_53f90443ea35,2,"[{""points"": 0, ""result"": ""F""}, {""points"": 1, ""result"": ""F""}]"
502|follower|wsdc-35|1995-11-01|advanced|wcs,snap_20260910T103117Z_11c31f0d887f,2,"[{""points"": 0, ""result"": ""2""}, {""points"": 6, ""result"": ""2""}]"
5160|follower|wsdc-67|2008-05-01|intermediate|wcs,snap_20260911T053939Z_df621c33d04b,2,"[{""points"": 0, ""result"": ""F""}, {""points"": 1, ""result"": ""F""}]"
5169|leader|wsdc-79|2008-09-01|masters|wcs,snap_20260911T053957Z_79bb3af7c430,2,"[{""points"": 4, ""result"": ""2""}, {""points"": 2, ""result"": ""4""}]"
5186|leader|wsdc-126|2006-10-01|intermediate|lindy,snap_20260911T054031Z_2f9c545cb0e6,2,"[{""points"": 0, ""result"": ""1""}, {""points"": 10, ""result"": ""1""}]"
532|leader|wsdc-49|1995-05-01|PRO|wcs,snap_20260910T103218Z_6639e55b642f,2,"[{""points"": 4, ""result"": ""3""}, {""points"": 2, ""result"": ""5""}]"
540|follower|wsdc-25|1997-06-01|masters|wcs,snap_20260910T103234Z_2ac4b269ef5c,2,"[{""points"": 0, ""result"": ""5""}, {""points"": 2, ""result"": ""5""}]"
5429|leader|wsdc-126|2006-10-01|newcomer|wcs,snap_20260911T054844Z_5812fe06e891,3,"[{""points"": 0, ""result"": ""1""}, {""points"": 10, ""result"": ""1""}, {""points"": 4, ""result"": ""3""}]"
5430|leader|wsdc-126|2006-10-01|newcomer|wcs,snap_20260911T054846Z_2a184c846eca,3,"[{""points"": 0, ""result"": ""4""}, {""points"": 3, ""result"": ""4""}]"
5432|leader|wsdc-126|2006-10-01|newcomer|wcs,snap_20260911T054850Z_d494afeb5606,2,"[{""points"": 0, ""result"": ""2""}, {""points"": 6, ""result"": ""2""}]"
5433|leader|wsdc-126|2006-10-01|newcomer|wcs,snap_20260911T054852Z_7f0612a54a9a,2,"[{""points"": 0, ""result"": ""3""}, {""points"": 4, ""result"": ""3""}]"
5434|leader|wsdc-126|2006-10-01|newcomer|wcs,snap_20260911T054854Z_016a93e0ff52,2,"[{""points"": 0, ""result"": ""5""}, {""points"": 2, ""result"": ""5""}]"
5436|leader|wsdc-126|2006-10-01|intermediate|lindy,snap_20260911T054858Z_e9a956642f6b,2,"[{""points"": 0, ""result"": ""3""}, {""points"": 4, ""result"": ""3""}]"
5437|leader|wsdc-126|2006-10-01|intermediate|lindy,snap_20260911T054900Z_66cdc5a9ade7,2,"[{""points"": 0, ""result"": ""4""}, {""points"": 3, ""result"": ""4""}]"
5438|leader|wsdc-126|2006-10-01|intermediate|lindy,snap_20260911T054902Z_77424cd9190d,2,"[{""points"": 0, ""result"": ""5""}, {""points"": 2, ""result"": ""5""}]"
5442|follower|wsdc-126|2006-10-01|newcomer|wcs,snap_20260911T054910Z_d4e143df6c2a,2,"[{""points"": 0, ""result"": ""1""}, {""points"": 10, ""result"": ""1""}]"
5443|follower|wsdc-126|2006-10-01|newcomer|wcs,snap_20260911T054913Z_64035da5af6e,2,"[{""points"": 0, ""result"": ""2""}, {""points"": 6, ""result"": ""2""}]"
5444|follower|wsdc-126|2006-10-01|newcomer|wcs,snap_20260911T054914Z_f6616dad88de,2,"[{""points"": 0, ""result"": ""3""}, {""points"": 4, ""result"": ""3""}]"
5445|follower|wsdc-126|2006-10-01|newcomer|wcs,snap_20260911T054916Z_71bca0c8d580,2,"[{""points"": 0, ""result"": ""4""}, {""points"": 3, ""result"": ""4""}]"
5446|follower|wsdc-126|2006-10-01|newcomer|wcs,snap_20260911T054918Z_94b612550a2c,2,"[{""points"": 0, ""result"": ""5""}, {""points"": 2, ""result"": ""5""}]"
5450|follower|wsdc-126|2006-10-01|intermediate|lindy,snap_20260911T054927Z_a345dab814f3,2,"[{""points"": 0, ""result"": ""1""}, {""points"": 10, ""result"": ""1""}]"
5451|follower|wsdc-126|2006-10-01|intermediate|lindy,snap_20260911T054929Z_f6b8c67d6ee4,2,"[{""points"": 0, ""result"": ""2""}, {""points"": 6, ""result"": ""2""}]"
5452|follower|wsdc-126|2006-10-01|intermediate|lindy,snap_20260911T054931Z_a5b4ebee9935,2,"[{""points"": 0, ""result"": ""3""}, {""points"": 4, ""result"": ""3""}]"
5453|follower|wsdc-126|2006-10-01|intermediate|lindy,snap_20260911T054933Z_20d479a2c734,2,"[{""points"": 0, ""result"": ""5""}, {""points"": 2, ""result"": ""5""}]"
570|leader|wsdc-35|1996-11-01|intermediate|wcs,snap_20260910T103334Z_55b45dae86d3,2,"[{""points"": 0, ""result"": ""2""}, {""points"": 6, ""result"": ""2""}]"
5730|leader|wsdc-117|2010-06-01|advanced|wcs,snap_20260911T055853Z_044adf69ea5e,2,"[{""points"": 0, ""result"": ""3""}, {""points"": 2, ""result"": ""4""}]"
578|leader|wsdc-37|2001-12-01|PRO|wcs,snap_20260910T103350Z_49fcf13f5ab9,2,"[{""points"": 3, ""result"": ""4""}, {""points"": 2, ""result"": ""5""}]"
5812|leader|wsdc-137|2007-11-01|novice|wcs,snap_20260911T060139Z_438312e576af,2,"[{""points"": 0, ""result"": ""F""}, {""points"": 1, ""result"": ""F""}]"
585|follower|wsdc-40|1999-04-01|PRO|wcs,snap_20260910T103404Z_b4af20df6975,2,"[{""points"": 3, ""result"": ""4""}, {""points"": 0, ""result"": ""5""}]"
596|follower|wsdc-67|1998-05-01|advanced|wcs,snap_20260910T103426Z_ef71d1721019,2,"[{""points"": 0, ""result"": ""F""}, {""points"": 1, ""result"": ""F""}]"
600|follower|wsdc-35|1996-11-01|intermediate|wcs,snap_20260910T103434Z_349dd06fb0aa,2,"[{""points"": 0, ""result"": ""3""}, {""points"": 4, ""result"": ""3""}]"
612|follower|wsdc-60|1997-04-01|advanced|wcs,snap_20260910T103458Z_f0bcf5640e64,2,"[{""points"": 0, ""result"": ""F""}, {""points"": 1, ""result"": ""F""}]"
6141|follower|wsdc-67|2008-05-01|novice|wcs,snap_20260911T155234Z_ae21d4b197a5,2,"[{""points"": 0, ""result"": ""F""}, {""points"": 1, ""result"": ""F""}]"
618|follower|wsdc-60|1997-04-01|advanced|wcs,snap_20260910T103510Z_6c408358015f,2,"[{""points"": 0, ""result"": ""2""}, {""points"": 4, ""result"": ""3""}]"
619|follower|wsdc-10|2002-09-01|PRO|wcs,snap_20260910T110703Z_665562351a51,2,"[{""points"": 10, ""result"": ""1""}, {""points"": 3, ""result"": ""4""}]"
619|follower|wsdc-18|2000-04-01|PRO|wcs,snap_20260910T110703Z_665562351a51,2,"[{""points"": 10, ""result"": ""1""}, {""points"": 6, ""result"": ""2""}]"
619|follower|wsdc-34|2001-09-01|PRO|wcs,snap_20260910T110703Z_665562351a51,2,"[{""points"": 0, ""result"": ""2""}, {""points"": 6, ""result"": ""2""}]"
61|follower|wsdc-34|1998-09-01|PRO|wcs,snap_20260910T080625Z_85537290dec5,2,"[{""points"": 4, ""result"": ""3""}, {""points"": 2, ""result"": ""5""}]"
635|leader|wsdc-7|1998-10-01|advanced|wcs,snap_20260910T103544Z_70a2f001fe53,2,"[{""points"": 0, ""result"": ""F""}, {""points"": 1, ""result"": ""F""}]"
645|leader|wsdc-25|2002-06-01|PRO|wcs,snap_20260910T103604Z_27018cc3270d,2,"[{""points"": 10, ""result"": ""1""}, {""points"": 1, ""result"": ""F""}]"
6485|follower|wsdc-119|2008-08-01|novice|wcs,snap_20260911T160406Z_587f552dd7c6,2,"[{""points"": 0, ""result"": ""F""}, {""points"": 1, ""result"": ""F""}]"
6536|leader|wsdc-95|2010-09-01|novice|wcs,snap_20260911T160549Z_9147cfb0ce08,3,"[{""points"": 0, ""result"": ""F""}, {""points"": 1, ""result"": ""F""}]"
660|follower|wsdc-12|1999-02-01|PRO|wcs,snap_20260910T103635Z_6f9e9f7fe02d,2,"[{""points"": 0, ""result"": ""2""}, {""points"": 0, ""result"": ""4""}]"
660|follower|wsdc-36|1998-12-01|PRO|wcs,snap_20260910T103635Z_6f9e9f7fe02d,2,"[{""points"": 10, ""result"": ""1""}, {""points"": 6, ""result"": ""2""}]"
660|follower|wsdc-8|1996-10-01|PRO|wcs,snap_20260910T103635Z_6f9e9f7fe02d,2,"[{""points"": 6, ""result"": ""2""}, {""points"": 3, ""result"": ""4""}]"
660|follower|wsdc-9|1999-03-01|PRO|wcs,snap_20260910T103635Z_6f9e9f7fe02d,2,"[{""points"": 10, ""result"": ""1""}, {""points"": 6, ""result"": ""2""}]"
677|leader|wsdc-25|2002-06-01|PRO|wcs,snap_20260910T103709Z_ff1474ad3a37,2,"[{""points"": 3, ""result"": ""4""}, {""points"": 1, ""result"": ""F""}]"
681|follower|wsdc-70|1997-09-01|advanced|lindy,snap_20260910T103717Z_c25f2dda3cb3,2,"[{""points"": 10, ""result"": ""1""}, {""points"": 6, ""result"": ""2""}]"
689|follower|wsdc-14|1996-02-01|juniors|wcs,snap_20260910T103733Z_a7e802843ccd,2,"[{""points"": 6, ""result"": ""2""}, {""points"": 0, ""result"": ""4""}]"
702|follower|wsdc-25|1997-06-01|masters|wcs,snap_20260910T103759Z_da2c63fa581d,2,"[{""points"": 0, ""result"": ""2""}, {""points"": 0, ""result"": ""4""}]"
714|follower|wsdc-6|1994-02-01|PRO|wcs,snap_20260910T103823Z_b8edfc496aa3,2,"[{""points"": 10, ""result"": ""1""}, {""points"": 4, ""result"": ""3""}]"
719|leader|wsdc-31|2001-11-01|PRO|wcs,snap_20260910T103833Z_9986924a3202,2,"[{""points"": 6, ""result"": ""2""}, {""points"": 2, ""result"": ""5""}]"
719|leader|wsdc-37|2001-12-01|PRO|wcs,snap_20260910T103833Z_9986924a3202,2,"[{""points"": 10, ""result"": ""1""}, {""points"": 6, ""result"": ""2""}]"
719|leader|wsdc-51|1998-09-01|PRO|wcs,snap_20260910T103833Z_9986924a3202,2,"[{""points"": 3, ""result"": ""4""}, {""points"": 1, ""result"": ""F""}]"
719|leader|wsdc-8|1996-10-01|PRO|wcs,snap_20260910T103833Z_9986924a3202,2,"[{""points"": 3, ""result"": ""4""}, {""points"": 2, ""result"": ""5""}]"
725|follower|wsdc-70|1997-09-01|advanced|lindy,snap_20260910T103845Z_5f90f6395172,2,"[{""points"": 0, ""result"": ""3""}, {""points"": 4, ""result"": ""3""}]"
737|leader|wsdc-35|1995-11-01|advanced|wcs,snap_20260910T103909Z_73eef6f59d93,2,"[{""points"": 0, ""result"": ""1""}, {""points"": 10, ""result"": ""1""}]"
7407|leader|wsdc-177|2024-09-01|masters|wcs,snap_20260911T163512Z_12edd17c1f69,2,"[{""points"": 3, ""result"": ""1""}, {""points"": 2, ""result"": ""2""}]"
7440|leader|wsdc-131|2010-09-01|novice|wcs,snap_20260911T163619Z_c12b2696f085,2,"[{""points"": 0, ""result"": ""F""}, {""points"": 1, ""result"": ""F""}]"
749|leader|wsdc-35|1996-11-01|intermediate|wcs,snap_20260910T103933Z_f859b432625a,2,"[{""points"": 0, ""result"": ""3""}, {""points"": 4, ""result"": ""3""}]"
764|leader|wsdc-20|1996-05-01|PRO|wcs,snap_20260910T110713Z_e06c499e8a38,2,"[{""points"": 10, ""result"": ""1""}, {""points"": 6, ""result"": ""2""}]"
764|leader|wsdc-34|1998-09-01|PRO|wcs,snap_20260910T110713Z_e06c499e8a38,2,"[{""points"": 10, ""result"": ""1""}, {""points"": 4, ""result"": ""3""}]"
785|leader|wsdc-7|1995-10-01|PRO|wcs,snap_20260910T104045Z_f74ee1ab5a9c,2,"[{""points"": 10, ""result"": ""1""}, {""points"": 6, ""result"": ""2""}]"
785|leader|wsdc-8|1996-10-01|PRO|wcs,snap_20260910T104045Z_f74ee1ab5a9c,2,"[{""points"": 3, ""result"": ""4""}, {""points"": 1, ""result"": ""F""}]"
794|leader|wsdc-60|1997-04-01|advanced|wcs,snap_20260910T104103Z_ba45526bbe89,3,"[{""points"": 0, ""result"": ""1""}, {""points"": 10, ""result"": ""1""}, {""points"": 4, ""result"": ""3""}]"
804|leader|wsdc-34|2001-09-01|PRO|wcs,snap_20260910T104123Z_f221f2051941,2,"[{""points"": 0, ""result"": ""2""}, {""points"": 6, ""result"": ""2""}]"
825|follower|wsdc-51|2006-09-01|masters|wcs,snap_20260910T104206Z_a41cf11bf13d,2,"[{""points"": 0, ""result"": ""F""}, {""points"": 1, ""result"": ""F""}]"
851|follower|wsdc-18|1998-04-01|PRO|wcs,snap_20260910T113215Z_26dd7c897493,2,"[{""points"": 0, ""result"": ""2""}, {""points"": 0, ""result"": ""4""}]"
851|follower|wsdc-34|2001-09-01|PRO|wcs,snap_20260910T113215Z_26dd7c897493,2,"[{""points"": 0, ""result"": ""1""}, {""points"": 10, ""result"": ""1""}]"
854|leader|wsdc-12|1998-02-01|advanced|wcs,snap_20260910T113221Z_3fd94c757109,2,"[{""points"": 0, ""result"": ""F""}, {""points"": 1, ""result"": ""F""}]"
865|leader|wsdc-12|1997-02-01|advanced|wcs,snap_20260910T113243Z_95ad54ff7df6,2,"[{""points"": 0, ""result"": ""F""}, {""points"": 1, ""result"": ""F""}]"
873|leader|wsdc-53|2002-08-01|advanced|wcs,snap_20260910T113259Z_dbc5259f5dfc,2,"[{""points"": 0, ""result"": ""F""}, {""points"": 1, ""result"": ""F""}]"
873|leader|wsdc-63|2001-11-01|advanced|wcs,snap_20260910T113259Z_dbc5259f5dfc,2,"[{""points"": 0, ""result"": ""5""}, {""points"": 2, ""result"": ""5""}]"
875|leader|wsdc-25|1997-06-01|masters|wcs,snap_20260910T113303Z_ce07340c2e8a,2,"[{""points"": 0, ""result"": ""1""}, {""points"": 10, ""result"": ""1""}]"
879|follower|wsdc-71|1998-07-01|advanced|wcs,snap_20260910T113312Z_92871cdc3b7c,2,"[{""points"": 0, ""result"": ""F""}, {""points"": 1, ""result"": ""F""}]"
87|follower|wsdc-39|1999-01-01|PRO|wcs,snap_20260910T080717Z_7c142a52d016,2,"[{""points"": 3, ""result"": ""4""}, {""points"": 2, ""result"": ""5""}]"
882|follower|wsdc-71|1999-07-01|PRO|wcs,snap_20260910T113318Z_058b7c91bae8,2,"[{""points"": 0, ""result"": ""1""}, {""points"": 0, ""result"": ""5""}]"
88|follower|wsdc-18|2000-04-01|PRO|wcs,snap_20260910T080719Z_b058e04c6ff8,2,"[{""points"": 3, ""result"": ""4""}, {""points"": 2, ""result"": ""5""}]"
88|follower|wsdc-65|1999-10-01|PRO|wcs,snap_20260910T080719Z_b058e04c6ff8,2,"[{""points"": 0, ""result"": ""4""}, {""points"": 3, ""result"": ""4""}]"
902|leader|wsdc-47|1998-08-01|advanced|wcs,snap_20260910T113358Z_80c27c8b9906,2,"[{""points"": 0, ""result"": ""F""}, {""points"": 1, ""result"": ""F""}]"
9202|leader|wsdc-117|2026-06-01|masters|wcs,snap_20260911T175611Z_2b4448f235b3,2,"[{""points"": 3, ""result"": ""1""}, {""points"": 1, ""result"": ""3""}]"
921|leader|wsdc-4|1996-10-01|PRO|wcs,snap_20260910T113436Z_c2ba5769f55f,2,"[{""points"": 3, ""result"": ""4""}, {""points"": 2, ""result"": ""5""}]"
968|follower|wsdc-7|1998-10-01|novice|wcs,snap_20260910T113610Z_c5ebcb031edc,2,"[{""points"": 0, ""result"": ""F""}, {""points"": 1, ""result"": ""F""}]"
96|follower|wsdc-68|1992-11-01|PRO|wcs,snap_20260910T080735Z_e8e7471aed28,2,"[{""points"": 10, ""result"": ""1""}, {""points"": 6, ""result"": ""2""}]"
971|leader|wsdc-31|1999-11-01|PRO|wcs,snap_20260910T113616Z_4beb1d8ee0d7,2,"[{""points"": 0, ""result"": ""4""}, {""points"": 0, ""result"": ""5""}]"
994|leader|wsdc-63|2001-11-01|intermediate|wcs,snap_20260910T113702Z_6bed0a66d2ac,2,"[{""points"": 0, ""result"": ""4""}, {""points"": 3, ""result"": ""4""}]"
996|follower|wsdc-63|2001-11-01|advanced|wcs,snap_20260910T113706Z_78848ac52dd2,2,"[{""points"": 0, ""result"": ""3""}, {""points"": 4, ""result"": ""3""}]"
999|leader|wsdc-53|2002-08-01|advanced|wcs,snap_20260910T113712Z_7d586736648b,2,"[{""points"": 0, ""result"": ""5""}, {""points"": 2, ""result"": ""5""}]"
999|leader|wsdc-63|2001-11-01|advanced|wcs,snap_20260910T113712Z_7d586736648b,2,"[{""points"": 0, ""result"": ""2""}, {""points"": 6, ""result"": ""2""}]"
