catalog_evidence,digest,duplicate_of,error,observations,observed_at,parser,parser_version,reason,snapshot_id,source,status,target_id,timestamp,url
research/verification/2026-09-12/event-list/asp3/r05_web_archive_org.json,,,,0,2022-01-21T10:27:11+00:00,wsdc_calendar.events,7,,snap_20260913T052524Z_4b7f1c711b43,wsdc_calendar,empty,00e14084161c0ee544b2021e,20220121102711,https://www.worldsdc.com/print-event-list/
archive_query:4650f5812bde23852d20f7b74ac77a191ab747245446fea4d22f5cf7d2ff9571,KGF345JH2N75NCXLOGAF3YZH6R6N3QUJ,,,,,wsdc_calendar.events,,,,wsdc_calendar,pending,017e59a25155c25983b14000,20260513152740,https://www.worldsdc.com/print-event-list/
research/verification/2026-09-12/event-list/asp3/r05_web_archive_org.json,,,,67,2020-10-21T09:49:39+00:00,wsdc_calendar.events,7,,snap_20260913T051913Z_9634f84a3cd8,wsdc_calendar,parsed,01fd9ebc7c7577b66ac050dd,20201021094939,https://www.worldsdc.com/events-map/
snap_20260913T052900Z_00e38790862b,,,,41,2026-09-13T03:50:45.149373+00:00,wsdc_newsletter.events,6,,snap_20260913T035045Z_008aaf4c6933,wsdc_newsletter,parsed,0226ef50385bfa517c9ef79c,,http://www.worldsdc.com/wp-content/uploads/2020/12/WSDC-Newsletter-Vol-6-April-9-2018.pdf
archive_query:4650f5812bde23852d20f7b74ac77a191ab747245446fea4d22f5cf7d2ff9571,JQ6GUQZ5F7JVOV47VUKYQVOOBVZXGUX3,,,,,wsdc_calendar.events,,,,wsdc_calendar,pending,032270847f79d7aebca98f65,20260211205531,https://www.worldsdc.com/print-event-list/
research/verification/2026-09-12/event-list/asp3/r05_web_archive_org.json,,,,50,2020-09-30T22:37:08+00:00,wsdc_calendar.events,7,,snap_20260913T051843Z_c92b26c5d853,wsdc_calendar,parsed,03757214efe91746fdcacb3d,20200930223708,https://www.worldsdc.com/events/
archive_query:acb6968299105098fb095768e7a6c6661e62b4d85ef3140df78c2ec9c60954e6,RNVEMFTUPXEHO4WYHE7DMGD3WE32IYZH,,,109,2024-10-02T00:54:01+00:00,wsdc_calendar.events,7,,snap_20260913T055328Z_448ef26ded56,wsdc_calendar,parsed,046577562edce094c6982c9e,20241002005401,https://www.worldsdc.com/events/
research/verification/2026-09-12/event-list/asp3/r05_web_archive_org.json,,,,67,2016-07-10T05:31:18+00:00,wsdc_calendar.events,7,,snap_20260913T051044Z_8b5073fbb24c,wsdc_calendar,parsed,05d13829737ac78e6c0c663b,20160710053118,http://www.worldsdc.com:80/event-calendar/
research/verification/2026-09-12/event-list/asp/r00_web_archive_org.json,WQK66LFWNLEGL2QGDGNTJKHQVFKUG3HM,,,11,2015-09-05T12:58:08+00:00,swingdancecouncil.events,2,,snap_20260913T050903Z_eeca76f57b94,swingdancecouncil,parsed,06e2519153891fc0a6270a34,20150905125808,http://www.swingdancecouncil.com/ActiveServerPages/NonRegUpcomingEvents.asp
archive_query:acb6968299105098fb095768e7a6c6661e62b4d85ef3140df78c2ec9c60954e6,42J5P3ISECJI54EO6FSQ4U36Y5JJVXRV,,,112,2024-09-05T20:18:36+00:00,wsdc_calendar.events,7,,snap_20260913T055309Z_e2e9db9abb1c,wsdc_calendar,parsed,070b8a5d88a766ee447823f4,20240905201836,https://www.worldsdc.com/events/
research/verification/2026-09-12/event-list/asp3/r05_web_archive_org.json,,,,0,2022-07-03T01:44:59+00:00,wsdc_calendar.events,7,,snap_20260913T052623Z_61001e0c5763,wsdc_calendar,empty,086c6ba5161cc75045685343,20220703014459,https://www.worldsdc.com/print-event-list/
research/verification/2026-09-12/event-list/asp/r00_web_archive_org.json,MBWTV7UKMXDHD37FATJJLE7WXPNBHHOP,,,89,2012-01-07T05:35:28+00:00,swingdancecouncil.events,2,,snap_20260913T050613Z_a7106c385749,swingdancecouncil,parsed,089878c5752b682862123e06,20120107053528,http://www.swingdancecouncil.com:80/ActiveServerPages/UpcomingEvents.asp
research/verification/2026-09-12/event-list/asp3/r05_web_archive_org.json,,,,50,2020-11-12T03:36:49+00:00,wsdc_calendar.events,7,,snap_20260913T051933Z_024f4f5a9a7d,wsdc_calendar,parsed,0a28fa07783dd72908fb7441,20201112033649,https://www.worldsdc.com/events/
snap_20260913T052900Z_00e38790862b,,,,38,2026-09-13T05:32:04.031847+00:00,wsdc_newsletter.events,6,,snap_20260913T053204Z_ea0a1cfa6f68,wsdc_newsletter,parsed,0b9f1347030560c4c5502e28,,http://www.worldsdc.com/wp-content/uploads/2020/12/WSDC-Newsletter-Vol-12-10-10-2019.pdf
research/verification/2026-09-12/event-list/asp3/r05_web_archive_org.json,,,,499,2019-12-12T19:22:03+00:00,wsdc_calendar.events,7,,snap_20260913T051734Z_2512163ed68e,wsdc_calendar,parsed,0c1a65f8427b8be5c9cf8c7c,20191212192203,https://www.worldsdc.com/event-calendar/
archive_query:b332d617f0132533a5fffcbb0cc35776bc44b20e9720f75f849e41836d750b32,R3AMBKDMXH43IVOJ3I23IHITQZQF4GW7,,,156,2025-01-16T06:15:31+00:00,wsdc_calendar.events,7,,snap_20260913T055419Z_fed4fa18ba7e,wsdc_calendar,parsed,0db72371f5bb08622a145453,20250116061531,https://www.worldsdc.com/events/
snap_20260913T052900Z_00e38790862b,,,,38,2026-09-13T05:29:40.198137+00:00,wsdc_newsletter.events,6,,snap_20260913T052940Z_0177184cf9eb,wsdc_newsletter,parsed,0e8afed4a25aa5c6fd5f2741,,http://www.worldsdc.com/wp-content/uploads/2020/12/170330-WSDC-Newsletter-Vol-2-3.pdf
research/verification/2026-09-12/event-list/asp3/r05_web_archive_org.json,,,,54,2021-03-07T11:13:57+00:00,wsdc_calendar.events,7,,snap_20260913T052113Z_d5bcd8865f71,wsdc_calendar,parsed,114605b8ce12ff07abbe7861,20210307111357,https://www.worldsdc.com/events-map/
research/verification/2026-09-12/event-list/asp3/r05_web_archive_org.json,,,,126,2023-05-10T09:19:12+00:00,wsdc_calendar.events,7,,snap_20260913T052844Z_b95ece79a3ac,wsdc_calendar,parsed,11894977c3a1d2aba0409c3f,20230510091912,https://www.worldsdc.com/events/
research/verification/2026-09-12/event-list/asp3/r05_web_archive_org.json,,,,50,2021-10-11T22:11:25+00:00,wsdc_calendar.events,7,,snap_20260913T052415Z_56a422dd4c53,wsdc_calendar,parsed,164c4428d200c394955231ed,20211011221125,https://www.worldsdc.com/event-list/
snap_20260913T052900Z_00e38790862b,,,,33,2026-09-13T05:31:53.671216+00:00,wsdc_newsletter.events,6,,snap_20260913T053153Z_b3d4d7e4936b,wsdc_newsletter,parsed,168739e4497cfe804a117c5e,,http://www.worldsdc.com/wp-content/uploads/2020/12/WSDC-Newsletter-Vol-11-6-25-2019.pdf
research/verification/2026-09-12/event-list/asp/r00_web_archive_org.json,XLKOWQNJXQYIEIDDVLVWDYOP6MOPUD6L,,,10,2012-03-02T00:08:18+00:00,swingdancecouncil.events,2,,snap_20260913T050623Z_d97f842d3cbc,swingdancecouncil,parsed,176650387554f8279ef52203,20120302000818,http://swingdancecouncil.com:80/ActiveServerPages/NonRegUpcomingEvents.asp
research/verification/2026-09-12/event-list/asp/r00_web_archive_org.json,2LG7XQBKVBTF6GBKTBJX2AJAZ5NDSGPK,,,157,2015-09-07T02:33:20+00:00,swingdancecouncil.events,2,,snap_20260913T050913Z_e6ad854e9c1e,swingdancecouncil,parsed,177469d017fdcdbb8aeefc57,20150907023320,http://www.swingdancecouncil.com:80/ActiveServerPages/UpcomingEvents.asp
research/verification/2026-09-12/event-list/asp3/r05_web_archive_org.json,,,,0,2021-04-15T13:33:03+00:00,wsdc_calendar.events,7,,snap_20260913T052143Z_b3917056b114,wsdc_calendar,empty,18a92f8ddb8955f46d840f4f,20210415133303,https://www.worldsdc.com/print-event-list/
research/verification/2026-09-12/event-list/asp3/r05_web_archive_org.json,,,,498,2019-11-06T15:56:51+00:00,wsdc_calendar.events,7,,snap_20260913T051623Z_d09c995ab708,wsdc_calendar,parsed,1b3c6c6919989e1fb2654ece,20191106155651,https://www.worldsdc.com/event-calendar/
research/verification/2026-09-12/event-list/asp/r00_web_archive_org.json,QFG33JA62B2OUM3QMT76HJSDO6LEUPUY,,,96,2011-11-03T03:29:31+00:00,swingdancecouncil.events,2,,snap_20260913T050543Z_7c61405112ac,swingdancecouncil,parsed,1c03c1d6698dee5f35109bb9,20111103032931,http://www.swingdancecouncil.com/ActiveServerPages/UpcomingEvents.asp
research/verification/2026-09-12/event-list/asp3/r05_web_archive_org.json,,,,50,2022-08-10T09:07:08+00:00,wsdc_calendar.events,7,,snap_20260913T052643Z_7369eeb97e2f,wsdc_calendar,parsed,1c46b673c3deae13b73a329f,20220810090708,https://www.worldsdc.com/event-list/
research/verification/2026-09-12/event-list/asp3/r05_web_archive_org.json,,,,0,2020-12-01T17:17:22+00:00,wsdc_calendar.events,7,,snap_20260913T051943Z_05419bc5bd50,wsdc_calendar,empty,1cf9be1397fcd6c56e36ec69,20201201171722,https://www.worldsdc.com/print-event-list/
research/verification/2026-09-12/event-list/asp3/r05_web_archive_org.json,,,event-list parser failed; see archived body and parse finding,,,wsdc_calendar.events,,,snap_20260913T051124Z_69886cf0bd03,wsdc_calendar,finding,1e7c58035500bacb34f94ee2,20160909104400,http://www.worldsdc.com:80/events-map/
research/verification/2026-09-12/event-list/asp/r00_web_archive_org.json,CSDMBK4LJYXUSLEOPI5GFSX2QMJIEQLK,,,51,2012-06-27T03:27:58+00:00,swingdancecouncil.events,2,,snap_20260913T050643Z_3b5c53c6d4d5,swingdancecouncil,parsed,1f784b077c3b22aa75f93e55,20120627032758,http://www.swingdancecouncil.com:80/ActiveServerPages/UpcomingEvents.asp
snap_20260913T052900Z_00e38790862b,,,,39,2026-09-13T05:29:10.317609+00:00,wsdc_newsletter.events,6,,snap_20260913T052910Z_44c788523cf4,wsdc_newsletter,parsed,20080cca8335d832e9581711,,http://www.worldsdc.com/wp-content/uploads/2017/12/161202-WSDC-Newsletter-Vol-1-4.pdf
snap_20260913T052900Z_00e38790862b,,,,0,2026-09-13T05:33:13.875853+00:00,wsdc_newsletter.events,6,,snap_20260913T053313Z_e10a45b1cbaf,wsdc_newsletter,empty,203bf571ded3f493732cea58,,http://www.worldsdc.com/wp-content/uploads/2021/03/WSDC-Newsletter-Vol-17-February-2021.pub-_1_.pdf
research/verification/2026-09-12/event-list/asp3/r05_web_archive_org.json,,,,500,2021-04-15T14:47:28+00:00,wsdc_calendar.events,7,,snap_20260913T052203Z_cd67a4f2a5bd,wsdc_calendar,parsed,247d215dbe4012b981b7bc31,20210415144728,https://www.worldsdc.com/event-calendar/
archive_query:b332d617f0132533a5fffcbb0cc35776bc44b20e9720f75f849e41836d750b32,B5UAVCC7PH2TTWS6EIS5RYI3COG2TLXO,,,,,wsdc_calendar.events,,,,wsdc_calendar,pending,24eaae0d5fea3221affb5a0a,20250512152735,https://www.worldsdc.com/events/
research/verification/2026-09-12/event-list/asp/r00_web_archive_org.json,5KJON3IZTPFGQOWGC6B2AZ6TCX7KVQSX,,,149,2015-09-29T07:11:39+00:00,swingdancecouncil.events,2,,snap_20260913T050933Z_8684c9031883,swingdancecouncil,parsed,2574b8eb76239a1bc39819c7,20150929071139,http://swingdancecouncil.com:80/ActiveServerPages/UpcomingEvents.asp
snap_20260913T052900Z_00e38790862b,,,,26,2026-09-13T05:34:04.110695+00:00,wsdc_newsletter.events,6,,snap_20260913T053404Z_622d98a01fec,wsdc_newsletter,parsed,2722818d1b9f0149372dd827,,http://www.worldsdc.com/wp-content/uploads/2022/06/WSDC-Newsleter-Vol-22-June-2022.pdf
research/verification/2026-09-12/event-list/asp3/r05_web_archive_org.json,,,,0,2019-12-12T18:26:56+00:00,wsdc_calendar.events,7,,snap_20260913T051703Z_198786c5fab5,wsdc_calendar,empty,2955cc7cb8367ca9d994ae66,20191212182656,https://www.worldsdc.com/print-event-list/
archive_query:8301f36cb8213a211f1904aca0bae0131b9301c1edab18703f024bb68f191c6e,GUYRCQ3DPHXAE2ASRUTROSQUAQSO3XUH,,,,,wsdc_calendar.events,,,,wsdc_calendar,pending,2b8b7d5b424f394e25c2b7bb,20260513162349,https://www.worldsdc.com/events/
research/verification/2026-09-12/event-list/asp/r00_web_archive_org.json,CAXOEVXPU7MXFKDYC5I5VW2B3R5CB2AN,,,95,2015-07-05T04:24:02+00:00,swingdancecouncil.events,2,,snap_20260913T050824Z_b47e1d7bdc49,swingdancecouncil,parsed,2cf399f9cf4a268e920bf8d5,20150705042402,http://www.swingdancecouncil.com/ActiveServerPages/UpcomingEvents.asp
archive_query:8301f36cb8213a211f1904aca0bae0131b9301c1edab18703f024bb68f191c6e,265TMSXJSZ6PRQ4NDU4AW6BRDYEWRB44,,,,,wsdc_calendar.events,,,,wsdc_calendar,pending,2dd8b6dc4d2d264495a33f0f,20260813102731,https://worldsdc.com/events/
research/verification/2026-09-12/event-list/asp3/r05_web_archive_org.json,,,,499,2022-03-27T07:03:20+00:00,wsdc_calendar.events,7,,snap_20260913T052533Z_4c25eb640a6a,wsdc_calendar,parsed,31073eb64db45b0b3bc14037,20220327070320,https://www.worldsdc.com/event-calendar/
research/verification/2026-09-12/event-list/asp3/r05_web_archive_org.json,,,,83,2022-11-26T06:04:55+00:00,wsdc_calendar.events,7,,snap_20260913T052724Z_bb46247b2fe3,wsdc_calendar,parsed,316236bcd26324a9089289ae,20221126060455,https://www.worldsdc.com/events-map/
research/verification/2026-09-12/event-list/asp/r00_web_archive_org.json,QFG33JA62B2OUM3QMT76HJSDO6LEUPUY,1c03c1d6698dee5f35109bb9,,,,swingdancecouncil.events,,,snap_20260913T050543Z_7c61405112ac,swingdancecouncil,duplicate,32ea67fdc68d7c6f8a157eb2,20111104170651,http://www.swingdancecouncil.com/ActiveServerPages/UpcomingEvents.asp
snap_20260913T052900Z_00e38790862b,,,,28,2026-09-13T05:34:23.950813+00:00,wsdc_newsletter.events,6,,snap_20260913T053423Z_68c1360eb9f6,wsdc_newsletter,parsed,33973c1ce87271a5a7076911,,http://www.worldsdc.com/wp-content/uploads/2023/01/WSDC-Newsleter-Vol-25-1-5-2023.pdf
research/verification/2026-09-12/event-list/asp3/r05_web_archive_org.json,,,,0,2021-06-15T02:39:27+00:00,wsdc_calendar.events,7,,snap_20260913T052234Z_cfbc33018bc8,wsdc_calendar,empty,33a62626388ddd3100cce55f,20210615023927,https://www.worldsdc.com/print-event-list/
research/verification/2026-09-12/event-list/asp/r00_web_archive_org.json,XZM3A5NRO444ZUT3MU36C4Y3BNO6BBWZ,,,115,2013-09-21T03:27:13+00:00,swingdancecouncil.events,2,,snap_20260913T050724Z_6ddaacedd7ed,swingdancecouncil,parsed,349b28723f5b35853269daee,20130921032713,http://www.swingdancecouncil.com/ActiveServerPages/UpcomingEvents.asp
research/verification/2026-09-12/event-list/asp3/r05_web_archive_org.json,,,,0,2019-09-20T15:04:10+00:00,wsdc_calendar.events,7,,snap_20260913T051503Z_2c78f82cda9b,wsdc_calendar,empty,3549a7435add18bdda592f26,20190920150410,https://www.worldsdc.com/print-event-list/
research/verification/2026-09-12/event-list/asp3/r05_web_archive_org.json,,,event-list parser failed; see archived body and parse finding,,,wsdc_calendar.events,,,snap_20260913T051213Z_81a2aa57dba1,wsdc_calendar,finding,35f6bfc5b865f014caed252f,20161212121213,http://www.worldsdc.com:80/events-map/?
research/verification/2026-09-12/event-list/asp3/r05_web_archive_org.json,,,,50,2022-05-16T16:19:49+00:00,wsdc_calendar.events,7,,snap_20260913T052613Z_ff9e15518853,wsdc_calendar,parsed,375aafca4859e9e2721d84a9,20220516161949,https://www.worldsdc.com/event-list/
research/verification/2026-09-12/event-list/asp/r00_web_archive_org.json,EZKLYD3L4AA6KU2RJZRNT4LM7FSZ3CCJ,,,73,2011-07-20T01:34:02+00:00,swingdancecouncil.events,2,,snap_20260913T050523Z_599faad414ce,swingdancecouncil,parsed,3aaf80fb11f83bfb3ec305e9,20110720013402,http://www.swingdancecouncil.com/ActiveServerPages/UpcomingEvents.asp
archive_query:b332d617f0132533a5fffcbb0cc35776bc44b20e9720f75f849e41836d750b32,KYBUFWLCYAOUFCFCOVDJZWGDTY7Z7HTX,,,,,wsdc_calendar.events,,,,wsdc_calendar,pending,3c5a6116618208e4556dd9e7,20251006110156,https://www.worldsdc.com/events/
research/verification/2026-09-12/event-list/asp3/r05_web_archive_org.json,,,,50,2022-12-03T16:55:14+00:00,wsdc_calendar.events,7,,snap_20260913T052753Z_9fefc779c3b2,wsdc_calendar,parsed,3cb68dbb6e96d5d36e727791,20221203165514,https://www.worldsdc.com/event-list/
research/verification/2026-09-12/event-list/asp/r00_web_archive_org.json,QFG33JA62B2OUM3QMT76HJSDO6LEUPUY,1c03c1d6698dee5f35109bb9,,,,swingdancecouncil.events,,,snap_20260913T050543Z_7c61405112ac,swingdancecouncil,duplicate,3ce3124f17efd2a58f125ae1,20111105054636,http://www.swingdancecouncil.com:80/ActiveServerPages/UpcomingEvents.asp
archive_query:8c6aa7812df60012d9de9e66326d9b6fb1be9d00f3256df3e4b5eb50478db962,6EYWE6IXKFYY6CZT7LD33QYZP5HU4MMO,,,0,2024-03-01T10:04:53+00:00,wsdc_calendar.events,7,,snap_20260913T055231Z_944fac6ee688,wsdc_calendar,empty,3ebd718fab335d02de957adc,20240301100453,https://www.worldsdc.com/print-event-list/
archive_query:acb6968299105098fb095768e7a6c6661e62b4d85ef3140df78c2ec9c60954e6,KBSMMHYMNI567LIIYPKRMJVR46BJB745,,,150,2024-12-01T20:59:08+00:00,wsdc_calendar.events,7,,snap_20260913T055402Z_7d4968c3ecb5,wsdc_calendar,parsed,3f935d21af9d5c85a2a0f4c1,20241201205908,https://www.worldsdc.com/events/
research/verification/2026-09-12/event-list/asp3/r05_web_archive_org.json,,,,50,2019-07-23T19:08:03+00:00,wsdc_calendar.events,7,,snap_20260913T051403Z_4fc4f0e6850e,wsdc_calendar,parsed,40eb9561c4c5830abbc35fe1,20190723190803,https://www.worldsdc.com/events/
snap_20260913T052900Z_00e38790862b,,,,36,2026-09-13T05:34:35.494691+00:00,wsdc_newsletter.events,6,,snap_20260913T053435Z_ed5072b4dea1,wsdc_newsletter,parsed,41a01dbd519400746ec38193,,http://www.worldsdc.com/wp-content/uploads/2024/01/WSDC-Newsletter-Vol-29-1-5-2024-3.0.pdf
research/verification/2026-09-12/event-list/asp3/r05_web_archive_org.json,,,,0,2019-10-18T05:40:54+00:00,wsdc_calendar.events,7,,snap_20260913T051543Z_9faa8b6e64fb,wsdc_calendar,empty,44f31ddd39f7d6619f0b3d61,20191018054054,https://www.worldsdc.com/print-event-list/
research/verification/2026-09-12/event-list/asp3/r05_web_archive_org.json,,,event-list parser failed; see archived body and parse finding,,,wsdc_calendar.events,,,snap_20260913T051034Z_c954a81d470a,wsdc_calendar,finding,4524f01e997c4e2f34e9ad8b,20160710033710,http://www.worldsdc.com:80/events-map/
research/verification/2026-09-12/event-list/asp3/r05_web_archive_org.json,,,,498,2019-07-23T19:08:18+00:00,wsdc_calendar.events,7,,snap_20260913T051414Z_230c96e1715b,wsdc_calendar,parsed,45af6af9a8be9960552c707c,20190723190818,https://www.worldsdc.com/event-calendar/
research/verification/2026-09-12/event-list/asp3/r05_web_archive_org.json,,,,120,2016-11-09T22:23:49+00:00,wsdc_calendar.events,7,,snap_20260913T051143Z_6b6aaa3dbfe7,wsdc_calendar,parsed,45e7d60cf892aa442bc764ee,20161109222349,http://www.worldsdc.com:80/event-calendar/
research/verification/2026-09-12/event-list/asp/r00_web_archive_org.json,DIDQRO5D34TJS43T4U27M2J3BES3MK7G,,,70,2012-04-20T16:44:19+00:00,swingdancecouncil.events,2,,snap_20260913T050633Z_04b39eb0707f,swingdancecouncil,parsed,47f1ac998519d3f7644d88b2,20120420164419,http://www.swingdancecouncil.com:80/ActiveServerPages/UpcomingEvents.asp
research/verification/2026-09-12/event-list/asp3/r05_web_archive_org.json,,,,105,2019-03-10T13:20:09+00:00,wsdc_calendar.events,7,,snap_20260913T051304Z_3756295e9347,wsdc_calendar,parsed,4be94dc731c74085b7df239a,20190310132009,https://www.worldsdc.com/events-map/
research/verification/2026-09-12/event-list/asp3/r05_web_archive_org.json,,,,57,2022-01-18T18:45:18+00:00,wsdc_calendar.events,7,,snap_20260913T052453Z_bdd9dba0eb29,wsdc_calendar,parsed,4fd89f041cf69030bfb47716,20220118184518,https://www.worldsdc.com/events-map/
snap_20260913T052900Z_00e38790862b,,,,37,2026-09-13T05:33:03.180965+00:00,wsdc_newsletter.events,6,,snap_20260913T053303Z_220a0f22f0f6,wsdc_newsletter,parsed,50d5b572f43b42b244112e92,,http://www.worldsdc.com/wp-content/uploads/2021/02/WSDC-Newsleter-Vol-13-1-6-2020.pdf
research/verification/2026-09-12/event-list/asp/r00_web_archive_org.json,L5NCKU56NNZ2EDY76VEABQZE4BEQ5LPX,,,87,2011-12-06T19:21:42+00:00,swingdancecouncil.events,2,,snap_20260913T050603Z_94f4a330dd97,swingdancecouncil,parsed,516fc6ce8f6d8115d1cbe3b7,20111206192142,http://www.swingdancecouncil.com:80/ActiveServerPages/UpcomingEvents.asp
research/verification/2026-09-12/event-list/asp3/r05_web_archive_org.json,,,,237,2017-06-06T18:08:40+00:00,wsdc_calendar.events,7,,snap_20260913T051244Z_a3c08b0b73ee,wsdc_calendar,parsed,54307aab885b658635123c9a,20170606180840,https://www.worldsdc.com/event-calendar/
research/verification/2026-09-12/event-list/asp3/r05_web_archive_org.json,,,,206,2023-02-08T18:28:40+00:00,wsdc_calendar.events,7,,snap_20260913T052804Z_e1e669041068,wsdc_calendar,parsed,5479a2e65d9057b4d98b4488,20230208182840,https://www.worldsdc.com/events/
research/verification/2026-09-12/event-list/asp3/r05_web_archive_org.json,,,,0,2019-11-06T15:57:09+00:00,wsdc_calendar.events,7,,snap_20260913T051653Z_ae6f20851109,wsdc_calendar,empty,54cf3f4439abc66beb6f07f1,20191106155709,https://www.worldsdc.com/print-event-list/
research/verification/2026-09-12/event-list/asp/r00_web_archive_org.json,QOLOZ62QOLFS45V2ZMNYEJPCUA6ED46R,,,84,2009-08-18T01:19:36+00:00,swingdancecouncil.events,2,,snap_20260913T050433Z_b749ee48056f,swingdancecouncil,parsed,56bd7112aa9cfe8f80c9976b,20090818011936,http://www.swingdancecouncil.com:80/ActiveServerPages/UpcomingEvents.asp
research/verification/2026-09-12/event-list/asp3/r05_web_archive_org.json,,,,0,2021-01-17T18:03:46+00:00,wsdc_calendar.events,7,,snap_20260913T052033Z_fa0bed17bfea,wsdc_calendar,empty,58643846a1b420b6216a80b8,20210117180346,https://www.worldsdc.com/print-event-list/
research/verification/2026-09-12/event-list/asp3/r05_web_archive_org.json,,,,50,2020-08-04T17:14:28+00:00,wsdc_calendar.events,7,,snap_20260913T051803Z_cf7f14e31355,wsdc_calendar,parsed,59fc44896cee75fe12a8eb4c,20200804171428,https://www.worldsdc.com/events/
research/verification/2026-09-12/event-list/asp3/r05_web_archive_org.json,,,,0,2023-03-22T02:14:41+00:00,wsdc_calendar.events,7,,snap_20260913T052813Z_73565b878eae,wsdc_calendar,empty,5b48dc5411b24adc34a0503d,20230322021441,https://www.worldsdc.com/print-event-list/
archive_query:acb6968299105098fb095768e7a6c6661e62b4d85ef3140df78c2ec9c60954e6,KGKIBJ5GFFXG64C26X4R5RV5CZ3AAJSB,,,109,2024-09-30T16:53:21+00:00,wsdc_calendar.events,7,,snap_20260913T055320Z_474ef226d4a5,wsdc_calendar,parsed,5c551ed2f1fd305dc7b73e0e,20240930165321,https://www.worldsdc.com/events/
research/verification/2026-09-12/event-list/asp3/r05_web_archive_org.json,,,,133,2023-04-09T00:34:06+00:00,wsdc_calendar.events,7,,snap_20260913T052834Z_980218abecff,wsdc_calendar,parsed,5d57ffa5f519f0ca0f1ada55,20230409003406,https://www.worldsdc.com/events/
research/verification/2026-09-12/event-list/asp3/r05_web_archive_org.json,,,,62,2022-03-30T02:40:38+00:00,wsdc_calendar.events,7,,snap_20260913T052554Z_9d33672cd3e2,wsdc_calendar,parsed,5d5803777131af144e04d237,20220330024038,https://www.worldsdc.com/events-map/
snap_20260913T052900Z_00e38790862b,,,,0,2026-09-13T05:33:54.086054+00:00,wsdc_newsletter.events,6,,snap_20260913T053354Z_b7a224d7799f,wsdc_newsletter,empty,5d65c2e1953fcff210252487,,http://www.worldsdc.com/wp-content/uploads/2022/02/WSDC-Newsletter-Vol-21-February-2022-1.pdf
research/verification/2026-09-12/event-list/asp3/r05_web_archive_org.json,,,,87,2022-12-03T15:08:52+00:00,wsdc_calendar.events,7,,snap_20260913T052744Z_6206c331a747,wsdc_calendar,parsed,5dd946f993d361dc0d1b5ed5,20221203150852,https://www.worldsdc.com/events-map/
snap_20260913T052900Z_00e38790862b,,,,0,2026-09-13T05:32:33.845728+00:00,wsdc_newsletter.events,6,,snap_20260913T053233Z_b00e313eecfa,wsdc_newsletter,empty,5e5ae7f44f03ced7ae98122e,,http://www.worldsdc.com/wp-content/uploads/2020/12/WSDC-Newsletter-Vol-16-December-2020.pdf
research/verification/2026-09-12/event-list/asp3/r05_web_archive_org.json,,,,499,2022-01-18T20:01:23+00:00,wsdc_calendar.events,7,,snap_20260913T052503Z_8d6dd61630dd,wsdc_calendar,parsed,60d215c8c0b614f4183762c9,20220118200123,https://www.worldsdc.com/event-calendar/
research/verification/2026-09-12/event-list/asp/r00_web_archive_org.json,WQK66LFWNLEGL2QGDGNTJKHQVFKUG3HM,06e2519153891fc0a6270a34,,,,swingdancecouncil.events,,,snap_20260913T050903Z_eeca76f57b94,swingdancecouncil,duplicate,6100d85b45d46a1ae3599aa7,20150915085337,http://www.swingdancecouncil.com:80/ActiveServerPages/NonRegUpcomingEvents.asp
research/verification/2026-09-12/event-list/asp/r00_web_archive_org.json,AVIG7O2OVZR2GOAONKFQFKX5MEHETU3U,,,128,2015-11-28T16:46:15+00:00,swingdancecouncil.events,2,,snap_20260913T051004Z_e0f6b15c7de4,swingdancecouncil,parsed,61f5f32268c6341206c079f5,20151128164615,http://www.swingdancecouncil.com:80/ActiveServerPages/UpcomingEvents.asp
research/verification/2026-09-12/event-list/asp3/r05_web_archive_org.json,,,,499,2019-03-10T20:29:01+00:00,wsdc_calendar.events,7,,snap_20260913T051323Z_5eacfc6206a3,wsdc_calendar,parsed,63fc2e9fab71011f49928da1,20190310202901,https://www.worldsdc.com/event-calendar/
snap_20260913T052900Z_00e38790862b,,,,0,2026-09-13T05:33:23.739468+00:00,wsdc_newsletter.events,6,,snap_20260913T053323Z_59a6bf606025,wsdc_newsletter,empty,646b6b20f1b95ef1b7984f7e,,http://www.worldsdc.com/wp-content/uploads/2021/03/WSDC-Newsletter-Vol-18-March-2021.pub-1.pdf
research/verification/2026-09-12/event-list/asp3/r05_web_archive_org.json,,,,0,2019-03-10T21:36:22+00:00,wsdc_calendar.events,7,,snap_20260913T051337Z_1d59aa1a83c9,wsdc_calendar,empty,64d7179e07b0bea082527772,20190310213622,https://www.worldsdc.com/print-event-list/
archive_query:acb6968299105098fb095768e7a6c6661e62b4d85ef3140df78c2ec9c60954e6,3LARLF6SYJB7HZWJTJV3N5C3O74Y7TA4,,,165,2024-01-14T05:21:14+00:00,wsdc_calendar.events,7,,snap_20260913T055220Z_d77aed35c78d,wsdc_calendar,parsed,6552ac9bef698cd4455edc36,20240114052114,https://www.worldsdc.com/events/
research/verification/2026-09-12/event-list/asp/r00_web_archive_org.json,ES7EG5TMSBPRLOJLHNRZP3AA53DADIIN,,,9,2010-02-11T14:57:27+00:00,swingdancecouncil.events,2,,snap_20260913T050443Z_6a757e752fa4,swingdancecouncil,parsed,65d575f22f35251c87d0529f,20100211145727,http://www.swingdancecouncil.com:80/ActiveServerPages/NonRegUpcomingEvents.asp
research/verification/2026-09-12/event-list/asp3/r05_web_archive_org.json,,,,50,2021-09-20T21:19:23+00:00,wsdc_calendar.events,7,,snap_20260913T052403Z_9f16e086052c,wsdc_calendar,parsed,6607dcd04a6a61f4449fd820,20210920211923,https://www.worldsdc.com/event-list/
research/verification/2026-09-12/event-list/asp3/r05_web_archive_org.json,,,,50,2021-12-07T00:46:25+00:00,wsdc_calendar.events,7,,snap_20260913T052444Z_b8bf6145753d,wsdc_calendar,parsed,660d52fae36a01e6f51cfcb1,20211207004625,https://www.worldsdc.com/event-list/
research/verification/2026-09-12/event-list/asp3/r05_web_archive_org.json,,,,106,2019-08-03T17:18:17+00:00,wsdc_calendar.events,7,,snap_20260913T051433Z_9c3aa3668cca,wsdc_calendar,parsed,66d372e7dc22eee9761a2de7,20190803171817,https://www.worldsdc.com/events-map/
snap_20260913T052900Z_00e38790862b,,,,0,2026-09-13T05:32:23.806906+00:00,wsdc_newsletter.events,6,,snap_20260913T053223Z_aafbd00bb657,wsdc_newsletter,empty,670d9cf6939abc7cfc8e5e58,,http://www.worldsdc.com/wp-content/uploads/2020/12/WSDC-Newsletter-Vol-15-October-2020.pdf
research/verification/2026-09-12/event-list/asp3/r05_web_archive_org.json,,,,68,2020-09-30T21:25:46+00:00,wsdc_calendar.events,7,,snap_20260913T051833Z_85a8db0d59a5,wsdc_calendar,parsed,69d870d821c3effbc07d98d4,20200930212546,https://www.worldsdc.com/events-map/
archive_query:acb6968299105098fb095768e7a6c6661e62b4d85ef3140df78c2ec9c60954e6,SF2XWXUTLRCTER6M3FQHMQXNQEHURD6Y,,,117,2024-09-01T13:17:58+00:00,wsdc_calendar.events,7,,snap_20260913T055258Z_9e85bd42b4ea,wsdc_calendar,parsed,6a8669da5cff1c970f97c4bb,20240901131758,https://www.worldsdc.com/events/
research/verification/2026-09-12/event-list/asp3/r05_web_archive_org.json,,,,498,2019-10-18T05:44:53+00:00,wsdc_calendar.events,7,,snap_20260913T051613Z_30a786674feb,wsdc_calendar,parsed,6ce7ce1a4672bb04f9e6f54a,20191018054453,https://www.worldsdc.com/event-calendar/
research/verification/2026-09-12/event-list/asp3/r05_web_archive_org.json,,,,79,2020-08-04T16:35:13+00:00,wsdc_calendar.events,7,,snap_20260913T051754Z_196fc958ab1d,wsdc_calendar,parsed,6e15254136f34be09c7b7677,20200804163513,https://www.worldsdc.com/events-map/
research/verification/2026-09-12/event-list/asp/r00_web_archive_org.json,4URR4WQWJVYWV5PGZXDBVI2J47GWI4LA,,,9,2015-04-04T06:33:35+00:00,swingdancecouncil.events,2,,snap_20260913T050813Z_f30944bfb2a3,swingdancecouncil,parsed,6fcca6b1abab39d4d329af7e,20150404063335,http://www.swingdancecouncil.com/ActiveServerPages/NonRegUpcomingEvents.asp
research/verification/2026-09-12/event-list/asp3/r05_web_archive_org.json,,,,0,2019-07-23T19:06:46+00:00,wsdc_calendar.events,7,,snap_20260913T051344Z_501cfbef4438,wsdc_calendar,empty,7063200c81f2f10521b64b15,20190723190646,https://www.worldsdc.com/print-event-list/
research/verification/2026-09-12/event-list/asp3/r05_web_archive_org.json,,,,64,2020-12-01T17:21:42+00:00,wsdc_calendar.events,7,,snap_20260913T051953Z_18a2ca7e8f4c,wsdc_calendar,parsed,71fb4badec39a72358feacd5,20201201172142,https://www.worldsdc.com/events-map/
research/verification/2026-09-12/event-list/asp/r00_web_archive_org.json,MYMSWFWAS5IKNNH7LEA52FXQ4J5OQPWC,,,7,2012-06-27T05:53:32+00:00,swingdancecouncil.events,2,,snap_20260913T050653Z_5cf4ae4e6585,swingdancecouncil,parsed,72ba2debd7ad48f859ed07bf,20120627055332,http://www.swingdancecouncil.com:80/ActiveServerPages/NonRegUpcomingEvents.asp
research/verification/2026-09-12/event-list/asp3/r05_web_archive_org.json,,,,50,2019-03-10T14:40:16+00:00,wsdc_calendar.events,7,,snap_20260913T051314Z_4c4cc2b18765,wsdc_calendar,parsed,72ccfa2e5f54ee37a7c70663,20190310144016,https://www.worldsdc.com/events/
archive_query:b332d617f0132533a5fffcbb0cc35776bc44b20e9720f75f849e41836d750b32,BPNGABNDJ4B2BLLC5GS5E7EVAZCELAYW,,,,,wsdc_calendar.events,,,,wsdc_calendar,pending,763f8950892b9e719910fcd3,20251219113055,https://www.worldsdc.com/events/
research/verification/2026-09-12/event-list/asp3/r05_web_archive_org.json,,,,497,2022-09-27T05:13:35+00:00,wsdc_calendar.events,7,,snap_20260913T052653Z_4309094e8fb4,wsdc_calendar,parsed,772e82ab89c8201dae8a26f6,20220927051335,https://www.worldsdc.com/event-calendar/
snap_20260913T052900Z_00e38790862b,,,,31,2026-09-13T05:32:43.474753+00:00,wsdc_newsletter.events,6,,snap_20260913T053243Z_3347ef6a3141,wsdc_newsletter,parsed,78a33801c49176cffe273d23,,http://www.worldsdc.com/wp-content/uploads/2020/12/WSDC-Newsletter-Vol-7-July-1-2018.pdf
research/verification/2026-09-12/event-list/asp3/r05_web_archive_org.json,,,,499,2021-12-07T00:14:07+00:00,wsdc_calendar.events,7,,snap_20260913T052433Z_eef32629ef72,wsdc_calendar,parsed,7b80fe7a9bb1bba64608cee6,20211207001407,https://www.worldsdc.com/event-calendar/
research/verification/2026-09-12/event-list/asp/r00_web_archive_org.json,OWPRHJZ4HUZYNKHE3Q6FYJJR4CUCJMTC,,,135,2015-11-01T18:25:21+00:00,swingdancecouncil.events,2,,snap_20260913T050953Z_c20b6db81ff5,swingdancecouncil,parsed,7d419add48bd312fe624d0f2,20151101182521,http://www.swingdancecouncil.com:80/ActiveServerPages/UpcomingEvents.asp
research/verification/2026-09-12/event-list/asp3/r05_web_archive_org.json,,,,50,2021-03-07T11:55:14+00:00,wsdc_calendar.events,7,,snap_20260913T052125Z_27b195e4b6c5,wsdc_calendar,parsed,7f7487ce136b084b10e0b434,20210307115514,https://www.worldsdc.com/events/
research/verification/2026-09-12/event-list/asp3/r05_web_archive_org.json,,,,50,2022-09-27T05:49:09+00:00,wsdc_calendar.events,7,,snap_20260913T052703Z_1e8fae7d6c53,wsdc_calendar,parsed,7fc7f47c512a38be2d775edd,20220927054909,https://www.worldsdc.com/event-list/
research/verification/2026-09-12/event-list/asp3/r05_web_archive_org.json,,,,94,2019-11-06T15:57:09+00:00,wsdc_calendar.events,7,,snap_20260913T051644Z_dd7f13d8db52,wsdc_calendar,parsed,80b45ce9f2c1c414a2f58afa,20191106155709,https://www.worldsdc.com/events-map/
research/verification/2026-09-12/event-list/asp3/r05_web_archive_org.json,,,,50,2019-08-03T17:18:26+00:00,wsdc_calendar.events,7,,snap_20260913T051443Z_b2f122829bc3,wsdc_calendar,parsed,810eccad362390b66d627120,20190803171826,https://www.worldsdc.com/events/
archive_query:acb6968299105098fb095768e7a6c6661e62b4d85ef3140df78c2ec9c60954e6,HRXKKDNRFJ2YBWVOGUFHOXG2HNPFV3M5,,,150,2024-03-04T21:59:16+00:00,wsdc_calendar.events,7,,snap_20260913T055241Z_d374c58b5248,wsdc_calendar,parsed,817a6a02e3573d718b0ec146,20240304215916,https://www.worldsdc.com/events/
archive_query:2f104f071c24acfac549e1838808693bd2466bf2affd2ddb8a45e763aa8e4827,WHPZNOGOVUGVJP2S3P3SFTIC2KGLBO5W,,,,,wsdc_calendar.events,,,,wsdc_calendar,pending,828e41e7f8f4bfd34d171092,20250814164915,https://www.worldsdc.com/print-event-list/
research/verification/2026-09-12/event-list/asp3/r05_web_archive_org.json,,,,500,2021-03-07T12:01:31+00:00,wsdc_calendar.events,7,,snap_20260913T052136Z_96fa1c8a5cb3,wsdc_calendar,parsed,84eca60f95e5eeae7c7e8631,20210307120131,https://www.worldsdc.com/event-calendar/
research/verification/2026-09-12/event-list/asp3/r05_web_archive_org.json,,,,107,2019-07-23T19:06:59+00:00,wsdc_calendar.events,7,,snap_20260913T051353Z_65d61746a3d0,wsdc_calendar,parsed,86af7df9128f65ac4608ec97,20190723190659,https://www.worldsdc.com/events-map/
research/verification/2026-09-12/event-list/asp3/r05_web_archive_org.json,,,,0,2020-08-04T16:31:26+00:00,wsdc_calendar.events,7,,snap_20260913T051743Z_00e4494ee040,wsdc_calendar,empty,89bfa41245d1a94e7bf2c3d5,20200804163126,https://www.worldsdc.com/print-event-list/
research/verification/2026-09-12/event-list/asp/r00_web_archive_org.json,4AZH2PCUEW2FMKJKBBCXRQ2GPQW7S243,,,10,2015-02-23T15:48:04+00:00,swingdancecouncil.events,2,,snap_20260913T050753Z_59521f9c75b2,swingdancecouncil,parsed,89e8db621a2ea0829a8d22ec,20150223154804,http://www.swingdancecouncil.com:80/ActiveServerPages/NonRegUpcomingEvents.asp
design/backfill.md,,,,0,2026-09-13T05:29:00.658455+00:00,wsdc_newsletter.index,2,,snap_20260913T052900Z_00e38790862b,wsdc_newsletter,parsed,8b03ac90c0d757e55cb5414d,,https://www.worldsdc.com/newsletter/
snap_20260913T052900Z_00e38790862b,,,,0,2026-09-13T05:32:14.201275+00:00,wsdc_newsletter.events,6,,snap_20260913T053214Z_085674f10a5d,wsdc_newsletter,empty,8b5d17fed1c38675081c8342,,http://www.worldsdc.com/wp-content/uploads/2020/12/WSDC-Newsletter-Vol-14-2nd-Quarter-2020.pdf
research/verification/2026-09-12/event-list/asp3/r05_web_archive_org.json,,,,500,2021-06-15T03:59:31+00:00,wsdc_calendar.events,7,,snap_20260913T052253Z_3f7ff1a00522,wsdc_calendar,parsed,8c2890ece04eb726ca014ced,20210615035931,https://www.worldsdc.com/event-calendar/
research/verification/2026-09-12/event-list/asp3/r05_web_archive_org.json,,,,111,2019-12-12T18:27:13+00:00,wsdc_calendar.events,7,,snap_20260913T051713Z_ef94353a0af6,wsdc_calendar,parsed,8cac4944f10cccf2e9e9f8b6,20191212182713,https://www.worldsdc.com/events-map/
research/verification/2026-09-12/event-list/asp3/r05_web_archive_org.json,,,,500,2021-07-09T18:42:06+00:00,wsdc_calendar.events,7,,snap_20260913T052314Z_cd0f43b0da24,wsdc_calendar,parsed,908f70a7126e048d7e336bd9,20210709184206,https://www.worldsdc.com/event-calendar/
research/verification/2026-09-12/event-list/asp/r00_web_archive_org.json,FJP45V4WBUQ7OSTHXTMGTSX35ERQGNTG,,,11,2011-11-06T01:29:21+00:00,swingdancecouncil.events,2,,snap_20260913T050553Z_63f77fe501d5,swingdancecouncil,parsed,912b0a1073833e511aa1f585,20111106012921,http://www.swingdancecouncil.com/ActiveServerPages/NonRegUpcomingEvents.asp
research/verification/2026-09-12/event-list/asp3/r05_web_archive_org.json,,,,500,2020-10-01T22:37:37+00:00,wsdc_calendar.events,7,,snap_20260913T051854Z_0f29c1d7c737,wsdc_calendar,parsed,94d512a43ea02da7fca229ee,20201001223737,https://www.worldsdc.com/event-calendar/
research/verification/2026-09-12/event-list/asp3/r05_web_archive_org.json,,,,60,2016-09-09T18:58:31+00:00,wsdc_calendar.events,7,,snap_20260913T051133Z_f78d9dfcc6e7,wsdc_calendar,parsed,9583d29a22d6fead861db01c,20160909185831,http://www.worldsdc.com:80/events/
archive_query:8301f36cb8213a211f1904aca0bae0131b9301c1edab18703f024bb68f191c6e,CA6LC6QHBF65O56OJBZ5A2U67RPDNCFF,,,,,wsdc_calendar.events,,,,wsdc_calendar,pending,9592958a3cd694d86e677fc5,20260521133133,https://www.worldsdc.com/events/
snap_20260913T052900Z_00e38790862b,,,,34,2026-09-13T05:30:10.133686+00:00,wsdc_newsletter.events,6,,snap_20260913T053010Z_478d7ddb5edd,wsdc_newsletter,parsed,9674911cc8f2d2803682db49,,http://www.worldsdc.com/wp-content/uploads/2020/12/WSDC-Newsleter-Vol-9-1-24-2019.pdf
research/verification/2026-09-12/event-list/asp3/r05_web_archive_org.json,,,,50,2019-10-18T05:44:22+00:00,wsdc_calendar.events,7,,snap_20260913T051603Z_7404d66161b2,wsdc_calendar,parsed,9803c5950ebc9d0a75cd8559,20191018054422,https://www.worldsdc.com/events/
research/verification/2026-09-12/event-list/asp/r00_web_archive_org.json,EGEHNNLF3KKO4OH2HXEERUY3K3ZLXFK2,,,114,2015-02-14T08:38:33+00:00,swingdancecouncil.events,2,,snap_20260913T050743Z_aa7582b60497,swingdancecouncil,parsed,980fe458d3fe07a44a99b37b,20150214083833,http://www.swingdancecouncil.com:80/ActiveServerPages/UpcomingEvents.asp
research/verification/2026-09-12/event-list/asp3/r05_web_archive_org.json,,,,0,2019-08-03T17:16:28+00:00,wsdc_calendar.events,7,,snap_20260913T051423Z_90be7aba0da1,wsdc_calendar,empty,98311569c1a299a44ba2226b,20190803171628,https://www.worldsdc.com/print-event-list/
research/verification/2026-09-12/event-list/asp3/r05_web_archive_org.json,,,,0,2020-10-21T09:46:33+00:00,wsdc_calendar.events,7,,snap_20260913T051904Z_bc7e1f292d1d,wsdc_calendar,empty,9be70bc741061a2ec28a8b08,20201021094633,https://www.worldsdc.com/print-event-list/
archive_query:2f104f071c24acfac549e1838808693bd2466bf2affd2ddb8a45e763aa8e4827,OMLC3PLOU4MX5BRPMLHRWDZEPQ2BUMT2,,,0,2025-01-26T14:20:30+00:00,wsdc_calendar.events,7,,snap_20260913T055442Z_f8d9c3ea0532,wsdc_calendar,empty,9c9b4f7212897e07f9c984b2,20250126142030,https://www.worldsdc.com/print-event-list/
research/verification/2026-09-12/event-list/asp/r00_web_archive_org.json,IMYTKMMQTOLTQRGE6UZK2YI5TGH2267K,,,130,2014-11-12T12:40:47+00:00,swingdancecouncil.events,2,,snap_20260913T050733Z_35c526f5b7e9,swingdancecouncil,parsed,9db70e63e82c2b04b5429f65,20141112124047,http://www.swingdancecouncil.com/ActiveServerPages/UpcomingEvents.asp
archive_query:acb6968299105098fb095768e7a6c6661e62b4d85ef3140df78c2ec9c60954e6,XKBSOC5IHK2AJE3M346BJDXLNKCR5HVS,,,109,2024-10-02T12:16:00+00:00,wsdc_calendar.events,7,,snap_20260913T055339Z_5308cf7b884e,wsdc_calendar,parsed,9de74184fcde940176294aef,20241002121600,https://www.worldsdc.com/events/
research/verification/2026-09-12/event-list/asp3/r05_web_archive_org.json,,,,50,2021-01-17T19:01:19+00:00,wsdc_calendar.events,7,,snap_20260913T052043Z_3a6db34d3adb,wsdc_calendar,parsed,9fab2be5eadcb4a25387bf15,20210117190119,https://www.worldsdc.com/events/
archive_query:8301f36cb8213a211f1904aca0bae0131b9301c1edab18703f024bb68f191c6e,KOHL7PKDINAX5MSDRMG5DJRPW2A3ZPF5,,,,,wsdc_calendar.events,,,,wsdc_calendar,pending,9fad90785a2f773113d0c84d,20260120214828,https://www.worldsdc.com/events/
research/verification/2026-09-12/event-list/asp/r00_web_archive_org.json,L2OL2SUNTSR6P7L5QXWTQRZQ2XVTG7VN,,,72,2009-02-05T10:09:06+00:00,swingdancecouncil.events,2,,snap_20260913T050423Z_390775038520,swingdancecouncil,parsed,a0bdd4e8c375548906f54b69,20090205100906,http://www.swingdancecouncil.com:80/ActiveServerPages/UpcomingEvents.asp
research/verification/2026-09-12/event-list/asp3/r05_web_archive_org.json,,,,499,2021-09-20T20:44:12+00:00,wsdc_calendar.events,7,,snap_20260913T052353Z_ca327a4a9b2a,wsdc_calendar,parsed,a1552033d5ab342fc7915696,20210920204412,https://www.worldsdc.com/event-calendar/
research/verification/2026-09-12/event-list/asp3/r05_web_archive_org.json,,,event-list parser failed; see archived body and parse finding,,,wsdc_calendar.events,,,snap_20260913T051154Z_e4edbdd2484e,wsdc_calendar,finding,a2bc46c2c8df036f4f4893ce,20161110035618,http://www.worldsdc.com:80/events-map/
research/verification/2026-09-12/event-list/asp3/r05_web_archive_org.json,,,,497,2022-05-16T15:44:40+00:00,wsdc_calendar.events,7,,snap_20260913T052610Z_9b5425eda664,wsdc_calendar,parsed,a62ed37377f66f873478b99f,20220516154440,https://www.worldsdc.com/event-calendar/
research/verification/2026-09-12/event-list/asp3/r05_web_archive_org.json,,,,74,2021-06-15T02:52:20+00:00,wsdc_calendar.events,7,,snap_20260913T052244Z_5f507e31fa22,wsdc_calendar,parsed,a6b32d965aa1df5c3bc72e62,20210615025220,https://www.worldsdc.com/events-map/
research/verification/2026-09-12/event-list/asp/r00_web_archive_org.json,Z4DZ3L7CMC62JJ6O3TMWZXEYF5ENVPVT,,,100,2012-12-28T02:58:05+00:00,swingdancecouncil.events,2,,snap_20260913T050713Z_532a13011352,swingdancecouncil,parsed,a708800172465e26cdff723f,20121228025805,http://www.swingdancecouncil.com:80/ActiveServerPages/UpcomingEvents.asp
research/verification/2026-09-12/event-list/asp3/r05_web_archive_org.json,,,,50,2021-07-24T15:13:47+00:00,wsdc_calendar.events,7,,snap_20260913T052324Z_2608f92141b3,wsdc_calendar,parsed,a763113f0f8b7e806af27804,20210724151347,https://www.worldsdc.com/event-list/
snap_20260913T052900Z_00e38790862b,,,,39,2026-09-13T05:34:14.056921+00:00,wsdc_newsletter.events,6,,snap_20260913T053414Z_e2920d5d80be,wsdc_newsletter,parsed,a85d2b013a50698e8e0a5c49,,http://www.worldsdc.com/wp-content/uploads/2022/09/WSDC-Newsleter-Vol-23-September-2022.pdf
research/verification/2026-09-12/event-list/asp/r00_web_archive_org.json,XLKOWQNJXQYIEIDDVLVWDYOP6MOPUD6L,176650387554f8279ef52203,,,,swingdancecouncil.events,,,snap_20260913T050623Z_d97f842d3cbc,swingdancecouncil,duplicate,a8b3de5d68cfb6c955649c38,20120420173653,http://www.swingdancecouncil.com:80/ActiveServerPages/NonRegUpcomingEvents.asp
research/verification/2026-09-12/event-list/asp3/r05_web_archive_org.json,,,,106,2019-09-20T15:04:28+00:00,wsdc_calendar.events,7,,snap_20260913T051513Z_6e564a9f7f2d,wsdc_calendar,parsed,a9a07daa57e0f28f3e2f569d,20190920150428,https://www.worldsdc.com/events-map/
archive_query:b332d617f0132533a5fffcbb0cc35776bc44b20e9720f75f849e41836d750b32,7TOTX7DRWUQVZDM4OM7P6NF4W2KIO427,,,,,wsdc_calendar.events,,pending work backpressure,,wsdc_calendar,pending,a9a1981e91474f1967356d61,20250226151724,https://www.worldsdc.com/events/
research/verification/2026-09-12/event-list/asp3/r05_web_archive_org.json,,,,0,2022-12-03T14:55:19+00:00,wsdc_calendar.events,7,,snap_20260913T052734Z_a7aa45ed6f4d,wsdc_calendar,empty,ab15b4882f33c458ca0f91f8,20221203145519,https://www.worldsdc.com/print-event-list/
research/verification/2026-09-12/event-list/asp3/r05_web_archive_org.json,,,,50,2022-03-27T15:00:02+00:00,wsdc_calendar.events,7,,snap_20260913T052544Z_cad365e42f09,wsdc_calendar,parsed,ab4d08a921fe8f2c7648a07a,20220327150002,https://www.worldsdc.com/event-list/
research/verification/2026-09-12/event-list/asp3/r05_web_archive_org.json,,,,127,2016-11-13T14:11:28+00:00,wsdc_calendar.events,7,,snap_20260913T051203Z_a0219560bfe8,wsdc_calendar,parsed,ab735639e2136e05ed7c8b53,20161113141128,http://www.worldsdc.com:80/events/
research/verification/2026-09-12/event-list/asp3/r05_web_archive_org.json,,,,0,2020-09-30T21:09:33+00:00,wsdc_calendar.events,7,,snap_20260913T051823Z_1ff5858b9dc7,wsdc_calendar,empty,abe7d83fd57527dc5011d9b3,20200930210933,https://www.worldsdc.com/print-event-list/
research/verification/2026-09-12/event-list/asp3/r05_web_archive_org.json,,,,126,2017-01-20T12:36:03+00:00,wsdc_calendar.events,7,,snap_20260913T051224Z_df84f9c1a63b,wsdc_calendar,parsed,ae3263d334f89c7291f288ff,20170120123603,http://www.worldsdc.com:80/event-calendar/
research/verification/2026-09-12/event-list/asp3/r05_web_archive_org.json,,,,0,2023-10-03T06:27:54+00:00,wsdc_calendar.events,7,,snap_20260913T052853Z_bd28d823b770,wsdc_calendar,empty,ae46d9f0bae7a3d3bed720bb,20231003062754,https://www.worldsdc.com/print-event-list/
archive_query:b332d617f0132533a5fffcbb0cc35776bc44b20e9720f75f849e41836d750b32,GXA2XXUFQ42H3ICYIQQ32EF5NM3VTUL5,,,156,2025-01-16T12:38:49+00:00,wsdc_calendar.events,7,,snap_20260913T055430Z_17be191620ce,wsdc_calendar,parsed,af500f8027869dc6b3cd4cc2,20250116123849,https://www.worldsdc.com/events/
research/verification/2026-09-12/event-list/asp/r00_web_archive_org.json,IVTBX7EE6QFXJZ43RFF772K4BIT5CXPA,,,161,2015-09-05T08:24:17+00:00,swingdancecouncil.events,2,,snap_20260913T050853Z_6c71e8f58945,swingdancecouncil,parsed,b1d976c4da52f4288717243b,20150905082417,http://www.swingdancecouncil.com/ActiveServerPages/UpcomingEvents.asp
research/verification/2026-09-12/event-list/asp3/r05_web_archive_org.json,,,,50,2021-04-15T15:21:23+00:00,wsdc_calendar.events,7,,snap_20260913T052213Z_71ab3ca1b717,wsdc_calendar,parsed,b1ee6a0940cd4b87809dc337,20210415152123,https://www.worldsdc.com/event-list/
snap_20260913T052900Z_00e38790862b,,,,38,2026-09-13T05:32:53.113034+00:00,wsdc_newsletter.events,6,,snap_20260913T053253Z_e19d60bb1ba4,wsdc_newsletter,parsed,b64c2d8f8445f615c078e0bb,,http://www.worldsdc.com/wp-content/uploads/2020/12/WSDC-Newsletter-Vol-8-10-17-2018.pdf
research/verification/2026-09-12/event-list/asp3/r05_web_archive_org.json,,,,102,2019-10-18T05:41:35+00:00,wsdc_calendar.events,7,,snap_20260913T051553Z_5f70f6a126b9,wsdc_calendar,parsed,b70d7aec88c48aea4aa5eda6,20191018054135,https://www.worldsdc.com/events-map/
snap_20260913T052900Z_00e38790862b,,,,0,2026-09-13T05:33:34.109075+00:00,wsdc_newsletter.events,6,,snap_20260913T053334Z_793ee2d9e081,wsdc_newsletter,empty,b93c413685e1202255468b9e,,http://www.worldsdc.com/wp-content/uploads/2021/04/WSDC-Newsletter-Vol-19-April-2021.pub-1.pdf
snap_20260913T052900Z_00e38790862b,,,,59,2026-09-13T05:34:43.763962+00:00,wsdc_newsletter.events,6,,snap_20260913T053443Z_bf5de4bbd205,wsdc_newsletter,parsed,b961cd353369476360a0b7d9,,http://www.worldsdc.com/wp-content/uploads/2024/05/WSDC-Newsletter-Vol-30-05-21-2024-5.0.pdf
research/verification/2026-09-12/event-list/asp/r00_web_archive_org.json,H4LA3MI7TUZ745FNMFYFBOPPOPZT7KGP,,,74,2010-02-18T08:22:38+00:00,swingdancecouncil.events,2,,snap_20260913T050453Z_417adb76ce1c,swingdancecouncil,parsed,bbc1f0fc981758562d869ab8,20100218082238,http://www.swingdancecouncil.com:80/ActiveServerPages/UpcomingEvents.asp
snap_20260913T052900Z_00e38790862b,,,,22,2026-09-13T05:34:54.987851+00:00,wsdc_newsletter.events,6,,snap_20260913T053454Z_10de9e3a897e,wsdc_newsletter,parsed,bcf0cbe3c6fa734ee64625e0,,https://www.worldsdc.com/wp-content/uploads/2023/09/WSDC-Newsletter-Vol-27-9-11-2023.pdf
research/verification/2026-09-12/event-list/asp3/r05_web_archive_org.json,,,,59,2021-01-16T17:17:57+00:00,wsdc_calendar.events,7,,snap_20260913T052023Z_35ecb3c663ec,wsdc_calendar,parsed,bdb8f67d63cbbcdf2f7e8195,20210116171757,https://www.worldsdc.com/events-map/
research/verification/2026-09-12/event-list/asp/r00_web_archive_org.json,VNWAS5LJGM6FHQMWOHZHGLTXFJXTIK4J,,,75,2011-07-16T17:34:35+00:00,swingdancecouncil.events,2,,snap_20260913T050513Z_91f15ae62698,swingdancecouncil,parsed,bea7b3dca8be5fdcbc402cb4,20110716173435,http://www.swingdancecouncil.com/ActiveServerPages/UpcomingEvents.asp
research/verification/2026-09-12/event-list/asp3/r05_web_archive_org.json,,,,500,2021-01-17T19:09:12+00:00,wsdc_calendar.events,7,,snap_20260913T052054Z_f2004ad7080a,wsdc_calendar,parsed,bfbeff621a202cdc3256b46a,20210117190912,https://www.worldsdc.com/event-calendar/
research/verification/2026-09-12/event-list/asp3/r05_web_archive_org.json,,,,50,2019-11-06T15:57:08+00:00,wsdc_calendar.events,7,,snap_20260913T051633Z_3fa19d7c2d75,wsdc_calendar,parsed,c05489a53220ed717f6f9310,20191106155708,https://www.worldsdc.com/events/
snap_20260913T052900Z_00e38790862b,,,,44,2026-09-13T05:30:00.151022+00:00,wsdc_newsletter.events,6,,snap_20260913T053000Z_11d8e6dbdaab,wsdc_newsletter,parsed,c16974cf6a719bb6f6e3c9da,,http://www.worldsdc.com/wp-content/uploads/2020/12/WSDC-Newsleter-Vol-10-04-12-2019.pdf
research/verification/2026-09-12/event-list/asp3/r05_web_archive_org.json,,,,50,2022-10-08T21:12:11+00:00,wsdc_calendar.events,7,,snap_20260913T052714Z_05fca591cbac,wsdc_calendar,parsed,c193ca8ffe9187c427f27d5a,20221008211211,https://www.worldsdc.com/event-list/
research/verification/2026-09-12/event-list/asp3/r05_web_archive_org.json,,,,500,2020-12-01T18:21:26+00:00,wsdc_calendar.events,7,,snap_20260913T052013Z_cc235a2797cc,wsdc_calendar,parsed,c1b5bfb547ca383ccd18d947,20201201182126,https://www.worldsdc.com/event-calendar/
snap_20260913T052900Z_00e38790862b,,,,31,2026-09-13T05:29:50.227416+00:00,wsdc_newsletter.events,6,,snap_20260913T052950Z_43d0406b9025,wsdc_newsletter,parsed,c2b50fd841877f25729aeb0c,,http://www.worldsdc.com/wp-content/uploads/2020/12/171005-WSDC-Newsletter-Vol-4-10-5-2017.pdf
research/verification/2026-09-12/event-list/asp3/r05_web_archive_org.json,,,,68,2016-08-19T22:03:59+00:00,wsdc_calendar.events,7,,snap_20260913T051103Z_0bb45b39e4e0,wsdc_calendar,parsed,c47297eb8abf4cd6be35ad2d,20160819220359,http://www.worldsdc.com/events/
research/verification/2026-09-12/event-list/asp/r00_web_archive_org.json,HMPW4MUR5X3ZDVVWMUHWTJ2VJIGXTH43,,,103,2015-04-03T23:41:51+00:00,swingdancecouncil.events,2,,snap_20260913T050803Z_89757c41ead1,swingdancecouncil,parsed,c50ff3adedbe91013381e15c,20150403234151,http://www.swingdancecouncil.com/ActiveServerPages/UpcomingEvents.asp
research/verification/2026-09-12/event-list/asp3/r05_web_archive_org.json,,,,50,2019-09-20T15:05:56+00:00,wsdc_calendar.events,7,,snap_20260913T051523Z_0ae082e90c78,wsdc_calendar,parsed,ca15b26ede79366065358a7b,20190920150556,https://www.worldsdc.com/events/
research/verification/2026-09-12/event-list/asp/r00_web_archive_org.json,K4LQPYUBWDOPL7SDQVQZ67NZEY3ZBUCL,,,161,2015-08-20T00:18:00+00:00,swingdancecouncil.events,2,,snap_20260913T050833Z_ac31baa840e2,swingdancecouncil,parsed,ca44f57158b1263cc635edd2,20150820001800,http://www.swingdancecouncil.com/ActiveServerPages/UpcomingEvents.asp
research/verification/2026-09-12/event-list/asp3/r05_web_archive_org.json,,,,62,2022-07-03T01:57:15+00:00,wsdc_calendar.events,7,,snap_20260913T052633Z_03c6cbed076f,wsdc_calendar,parsed,d1fb4d62b6753dc49ca3f1db,20220703015715,https://www.worldsdc.com/events-map/
research/verification/2026-09-12/event-list/asp3/r05_web_archive_org.json,,,,0,2021-09-20T19:26:43+00:00,wsdc_calendar.events,7,,snap_20260913T052333Z_5f72611e89e6,wsdc_calendar,empty,d4c07c3fca861c875fe994fa,20210920192643,https://www.worldsdc.com/print-event-list/
research/verification/2026-09-12/event-list/asp3/r05_web_archive_org.json,,,,0,2021-03-07T11:10:09+00:00,wsdc_calendar.events,7,,snap_20260913T052103Z_a2313be7df98,wsdc_calendar,empty,d9730e51ba6c04d8adac8030,20210307111009,https://www.worldsdc.com/print-event-list/
research/verification/2026-09-12/event-list/asp3/r05_web_archive_org.json,,,,50,2021-05-06T22:54:10+00:00,wsdc_calendar.events,7,,snap_20260913T052224Z_5b17fbec0e51,wsdc_calendar,parsed,daaa057fa80eca28a140d46d,20210506225410,https://www.worldsdc.com/event-list/
research/verification/2026-09-12/event-list/asp/r00_web_archive_org.json,K4LQPYUBWDOPL7SDQVQZ67NZEY3ZBUCL,,,161,2015-08-23T05:41:48+00:00,swingdancecouncil.events,2,,snap_20260913T050843Z_ac31baa840e2,swingdancecouncil,parsed,dae42a7ea8dd3d0818ed1ee1,20150823054148,http://swingdancecouncil.com:80/ActiveServerPages/UpcomingEvents.asp
research/verification/2026-09-12/event-list/asp3/r05_web_archive_org.json,,,,117,2017-01-24T12:27:37+00:00,wsdc_calendar.events,7,,snap_20260913T051234Z_f0158d065885,wsdc_calendar,parsed,dd496dba735d1a7e5affdf5f,20170124122737,http://www.worldsdc.com:80/events-map/
archive_query:8c6aa7812df60012d9de9e66326d9b6fb1be9d00f3256df3e4b5eb50478db962,RS6QWE4REDFBG64FFU5OF4Y5K7FOCZMS,,,0,2024-06-17T06:19:23+00:00,wsdc_calendar.events,7,,snap_20260913T055251Z_7561b1413cec,wsdc_calendar,empty,dde2490265953d5af99baec8,20240617061923,https://www.worldsdc.com/print-event-list/
research/verification/2026-09-12/event-list/asp3/r05_web_archive_org.json,,,,50,2020-12-01T18:14:08+00:00,wsdc_calendar.events,7,,snap_20260913T052003Z_7a11856ae83a,wsdc_calendar,parsed,df93b91d7cafa384a82ab323,20201201181408,https://www.worldsdc.com/events/
research/verification/2026-09-12/event-list/asp3/r05_web_archive_org.json,,,,50,2020-10-21T10:30:51+00:00,wsdc_calendar.events,7,,snap_20260913T051923Z_7d945789f8e8,wsdc_calendar,parsed,e273d6269b800ed492ae71db,20201021103051,https://www.worldsdc.com/events/
research/verification/2026-09-12/event-list/asp3/r05_web_archive_org.json,,,,112,2023-03-23T07:50:04+00:00,wsdc_calendar.events,7,,snap_20260913T052824Z_0ea63567e442,wsdc_calendar,parsed,e31a210af461a87cb25edff4,20230323075004,https://www.worldsdc.com/events/
snap_20260913T052900Z_00e38790862b,,,,39,2026-09-13T05:29:30.256045+00:00,wsdc_newsletter.events,6,,snap_20260913T052930Z_9938b86a7094,wsdc_newsletter,parsed,e34b2344655e659de5b60d89,,http://www.worldsdc.com/wp-content/uploads/2017/12/171229-WSDC-Newsleter-Vol-5-12-29-2017.pdf
research/verification/2026-09-12/event-list/asp3/r05_web_archive_org.json,,,,500,2020-08-04T17:20:29+00:00,wsdc_calendar.events,7,,snap_20260913T051813Z_28c29ec53c50,wsdc_calendar,parsed,e3fa7bf3d167cc17007e714c,20200804172029,https://www.worldsdc.com/event-calendar/
research/verification/2026-09-12/event-list/asp/r00_web_archive_org.json,HMZYVDJMTIFUK35277WLKZLVUP5II5LR,,,7,2015-11-01T17:41:47+00:00,swingdancecouncil.events,2,,snap_20260913T050943Z_63c65573e873,swingdancecouncil,parsed,e512e1c7038957d98b8dd138,20151101174147,http://www.swingdancecouncil.com:80/ActiveServerPages/NonRegUpcomingEvents.asp
archive_query:2f104f071c24acfac549e1838808693bd2466bf2affd2ddb8a45e763aa8e4827,PIN56Y5EWQ4LVNSFSZLM37CUQWCRF5DE,,,,,wsdc_calendar.events,,,,wsdc_calendar,pending,e7dcb140bcbd077c67c0d425,20251115173727,https://www.worldsdc.com/print-event-list/
research/verification/2026-09-12/event-list/asp3/r05_web_archive_org.json,,,,50,2022-01-18T22:11:57+00:00,wsdc_calendar.events,7,,snap_20260913T052513Z_2072492fddd0,wsdc_calendar,parsed,e91c05a924a00d81e70e3c1c,20220118221157,https://www.worldsdc.com/event-list/
snap_20260913T052900Z_00e38790862b,,,,45,2026-09-13T05:29:19.568151+00:00,wsdc_newsletter.events,6,,snap_20260913T052919Z_08ef5aac2666,wsdc_newsletter,parsed,e993372b27c920b7bf25238f,,http://www.worldsdc.com/wp-content/uploads/2017/12/170705-WSDC-Newsletter-Vol-3-7-5-2017.pdf
research/verification/2026-09-12/event-list/asp3/r05_web_archive_org.json,,,,62,2021-09-20T19:39:49+00:00,wsdc_calendar.events,7,,snap_20260913T052344Z_78db65271559,wsdc_calendar,parsed,e993c64e4e737c354e941689,20210920193949,https://www.worldsdc.com/events-map/
archive_query:2f104f071c24acfac549e1838808693bd2466bf2affd2ddb8a45e763aa8e4827,L6FK5V4QMSTSOIZUQSR7MHOXKIBTP63U,,,,,wsdc_calendar.events,,,,wsdc_calendar,pending,ea4e68c086533dd6581c3015,20250423104016,https://www.worldsdc.com/print-event-list/
archive_query:8301f36cb8213a211f1904aca0bae0131b9301c1edab18703f024bb68f191c6e,AKZN77YF4UAMDGAQ42XVKLTJHTAVAULW,,,,,wsdc_calendar.events,,,,wsdc_calendar,pending,edb1d1478b3fe19a626a30d7,20260308093633,https://www.worldsdc.com/events/
research/verification/2026-09-12/event-list/asp3/r05_web_archive_org.json,,,,62,2021-04-15T13:44:51+00:00,wsdc_calendar.events,7,,snap_20260913T052154Z_1104e248a2f1,wsdc_calendar,parsed,ee11d75bc4cbdcb7082838a5,20210415134451,https://www.worldsdc.com/events-map/
research/verification/2026-09-12/event-list/asp/r00_web_archive_org.json,OSN4FXCH4EHI4NIZ6FITYF4PU5SDXNON,,,110,2016-02-03T11:17:24+00:00,swingdancecouncil.events,2,,snap_20260913T051023Z_de41000bfa60,swingdancecouncil,parsed,ee1bd44b11625bc0f1382fa1,20160203111724,http://www.swingdancecouncil.com/ActiveServerPages/UpcomingEvents.asp
research/verification/2026-09-12/event-list/asp/r00_web_archive_org.json,5H6XAVQXAG7WVZJBLYI6ZMXIF7GAOTGT,,,97,2012-08-25T22:15:08+00:00,swingdancecouncil.events,2,,snap_20260913T050703Z_0dc4bfe1a4a1,swingdancecouncil,parsed,ef85bb607c8fa792e42757b9,20120825221508,http://swingdancecouncil.com:80/ActiveServerPages/UpcomingEvents.asp
snap_20260913T052900Z_00e38790862b,,,,33,2026-09-13T05:34:50.763426+00:00,wsdc_newsletter.events,6,,snap_20260913T053450Z_ce3c79f4aa99,wsdc_newsletter,parsed,f0d02027903ab0803154542c,,https://www.worldsdc.com/wp-content/uploads/2023/05/WSDC-Newsletter-Vol-26-05-16-2023-1.pdf
archive_query:8301f36cb8213a211f1904aca0bae0131b9301c1edab18703f024bb68f191c6e,EQYC7F7U6PJJ7L5R7YZCVAW66EUSGHAW,,,,,wsdc_calendar.events,,,,wsdc_calendar,pending,f0dcc51ff963f79c44d90734,20260107152659,https://www.worldsdc.com/events/
archive_query:b332d617f0132533a5fffcbb0cc35776bc44b20e9720f75f849e41836d750b32,SLTZBFDKVJPRLKFI4GANAQQTHU5K327V,,,,,wsdc_calendar.events,,,,wsdc_calendar,pending,f140e9fd5864d1c777006540,20251219091106,https://www.worldsdc.com/events/
research/verification/2026-09-12/event-list/asp3/r05_web_archive_org.json,,,,498,2019-09-20T15:06:18+00:00,wsdc_calendar.events,7,,snap_20260913T051534Z_6215b83725cd,wsdc_calendar,parsed,f19398f1d6ae2da489cbca06,20190920150618,https://www.worldsdc.com/event-calendar/
research/verification/2026-09-12/event-list/asp3/r05_web_archive_org.json,,,,50,2021-06-15T04:36:47+00:00,wsdc_calendar.events,7,,snap_20260913T052303Z_4f87ca4f430c,wsdc_calendar,parsed,f45f2da812647e1206f9238b,20210615043647,https://www.worldsdc.com/event-list/
research/verification/2026-09-12/event-list/asp3/r05_web_archive_org.json,,,,65,2016-07-10T05:38:22+00:00,wsdc_calendar.events,7,,snap_20260913T051054Z_b7d1cb375244,wsdc_calendar,parsed,f5fabab5051fb5645b19521d,20160710053822,http://www.worldsdc.com:80/events/
research/verification/2026-09-12/event-list/asp/r00_web_archive_org.json,AWFPKVN4ZOYHTE4BFGD5Z5XXKKBBL2I5,,,103,2011-10-05T12:04:50+00:00,swingdancecouncil.events,2,,snap_20260913T050533Z_9b70788c5a8a,swingdancecouncil,parsed,f61e589b3e69927fbe9c11ce,20111005120450,http://www.swingdancecouncil.com:80/ActiveServerPages/UpcomingEvents.asp
research/verification/2026-09-12/event-list/asp3/r05_web_archive_org.json,,,,0,2017-06-06T18:16:22+00:00,wsdc_calendar.events,7,,snap_20260913T051253Z_dc14d90f50b6,wsdc_calendar,empty,f73cad0be7e7cc500716a712,20170606181622,https://www.worldsdc.com/print-event-list/
research/verification/2026-09-12/event-list/asp/r00_web_archive_org.json,3ZV4PLCGYOPAVLTNNFYHELUNL7TBRIVA,,,111,2016-01-30T17:53:17+00:00,swingdancecouncil.events,2,,snap_20260913T051013Z_7d7d97809363,swingdancecouncil,parsed,f747a1f6c45fbd3ba86d29af,20160130175317,http://www.swingdancecouncil.com/ActiveServerPages/UpcomingEvents.asp
research/verification/2026-09-12/event-list/asp3/r05_web_archive_org.json,,,,50,2019-12-12T19:14:06+00:00,wsdc_calendar.events,7,,snap_20260913T051723Z_f541b1dfa0a1,wsdc_calendar,parsed,f7ddeaa76f0358a1645d6322,20191212191406,https://www.worldsdc.com/events/
archive_query:acb6968299105098fb095768e7a6c6661e62b4d85ef3140df78c2ec9c60954e6,TJDUQWOCDWD7H6VF73MZGYCTTV5X4AKI,,,115,2024-10-12T06:34:57+00:00,wsdc_calendar.events,7,,snap_20260913T055353Z_2f7c24378244,wsdc_calendar,parsed,f924f14ec70e0d67d4b21fce,20241012063457,https://www.worldsdc.com/events/
archive_query:8301f36cb8213a211f1904aca0bae0131b9301c1edab18703f024bb68f191c6e,IFZSVRGCUTFWXC2R6QOBM2SXR7UWI67B,,,,,wsdc_calendar.events,,,,wsdc_calendar,pending,fa9d6701e2418b435644b296,20260110202716,https://www.worldsdc.com/events/
research/verification/2026-09-12/event-list/asp3/r05_web_archive_org.json,,,,63,2021-10-21T01:34:07+00:00,wsdc_calendar.events,7,,snap_20260913T052424Z_2bdced4e0650,wsdc_calendar,parsed,fad388faa266d1c753379fa6,20211021013407,https://www.worldsdc.com/events-map/
research/verification/2026-09-12/event-list/asp/r00_web_archive_org.json,FTQIRLB5FYIU6NMGNB46UBTPWPTUSXXK,,,151,2015-09-24T11:23:29+00:00,swingdancecouncil.events,2,,snap_20260913T050924Z_9afed1efc963,swingdancecouncil,parsed,fafcc98ef52abe19bf2283da,20150924112329,http://www.swingdancecouncil.com/ActiveServerPages/UpcomingEvents.asp
archive_query:acb6968299105098fb095768e7a6c6661e62b4d85ef3140df78c2ec9c60954e6,FTX4R5QPZKPX6SB3UYK2UFSYVZOLHZTU,,,153,2024-12-13T17:04:55+00:00,wsdc_calendar.events,7,,snap_20260913T055411Z_037bc2fb7478,wsdc_calendar,parsed,fcb37c3b919e7fe4d9418ea4,20241213170455,https://www.worldsdc.com/events/
research/verification/2026-09-12/event-list/asp/r00_web_archive_org.json,HC7RB5Z7ZL6C35XL4ZVJCSH2Z7LBMTVY,,,69,2010-03-24T13:16:00+00:00,swingdancecouncil.events,2,,snap_20260913T050503Z_1dc9d7a88150,swingdancecouncil,parsed,fccf7325e8b74f6616f8e930,20100324131600,http://www.swingdancecouncil.com:80/ActiveServerPages/UpcomingEvents.asp
snap_20260913T052900Z_00e38790862b,,,,0,2026-09-13T05:33:43.994799+00:00,wsdc_newsletter.events,6,,snap_20260913T053343Z_12545410f858,wsdc_newsletter,empty,fe170ad2de8e63895afa7eb1,,http://www.worldsdc.com/wp-content/uploads/2021/05/WSDC-Newsletter-Vol-20-May-2021-1.pdf
research/verification/2026-09-12/event-list/asp3/r05_web_archive_org.json,,,,65,2016-09-09T05:24:48+00:00,wsdc_calendar.events,7,,snap_20260913T051113Z_7826518a390b,wsdc_calendar,parsed,ff3953a1ccb4da3e936fdabc,20160909052448,http://www.worldsdc.com:80/event-calendar/
research/verification/2026-09-12/event-list/asp3/r05_web_archive_org.json,,,,498,2019-08-03T17:18:37+00:00,wsdc_calendar.events,7,,snap_20260913T051453Z_95fea3aa9b9b,wsdc_calendar,parsed,ff51b642e9a4b4954b6e59f5,20190803171837,https://www.worldsdc.com/event-calendar/
