cancelled,end_date,event_key,in_published_events,lead_only_warning,name,period,possible_published_matches,research_confidence,research_edition_held,research_flags,research_has_results,research_platform,research_results_url,research_status
False,2025-09-21,2025-09-austin-rocks,False,research lead; not accepted source evidence,Austin Rocks,past,,high,,,true,danceconvention.net,https://danceconvention.net/eventdirector/en/eventpage/300599470/results,ended
False,2025-09-14,2025-09-bavarian-open-west-coast-swing-championships,False,research lead; not accepted source evidence,Bavarian Open West Coast Swing Championships,past,,high,,,true,scoring.dance,https://scoring.dance/enUS/events/304/results/,ended
False,2025-09-14,2025-09-best-of-the-best-wcs,False,research lead; not accepted source evidence,Best of the Best WCS,past,,high,,,true,event_website,https://www.bestofthebestwcs.com/competition-results.html,ended
False,2025-09-22,2025-09-finnfest,True,research lead; not accepted source evidence,Finnfest,past,,high,,,true,scoring.dance,https://scoring.dance/enUS/events/309/results/,ended
False,2025-09-07,2025-09-korea-westival,False,research lead; not accepted source evidence,Korea Westival 2025,past,,high,,,true,danceconvention.net,https://danceconvention.net/eventdirector/en/eventpage/300460020/results,ended
False,2025-09-28,2025-09-meet-me-in-st-louis-swing-dance-championships,False,research lead; not accepted source evidence,Meet Me in St. Louis Swing Dance Championships,past,,medium,,,true,worlddanceregistry,https://www.worlddanceregistry.com/event.aspx?euid=db236133-ebe5-43a3-b54b-9ef31cd59ece,ended
False,2025-09-29,2025-09-midland-swing-open,True,research lead; not accepted source evidence,Midland Swing Open,past,,high,,,true,scoring.dance,https://scoring.dance/enUS/events/295/results/,ended
False,2025-09-29,2025-09-mooseland-swing,True,research lead; not accepted source evidence,Mooseland Swing 2025,past,,high,,,true,scoring.dance,https://scoring.dance/enUS/events/296/results/,ended
False,2025-09-21,2025-09-philly-swing-dance-classic,False,research lead; not accepted source evidence,Philly Swing Dance Classic,past,2025-09-philly-swing-classic,high,,,true,eepro,https://eepro.com/results/event.php?event=phillyswing2025,ended
False,2025-09-22,2025-09-retaliation-swing,True,research lead; not accepted source evidence,Retaliation Swing,past,,high,,,true,scoring.dance,https://scoring.dance/enUS/events/285/results/,ended
False,2025-09-07,2025-09-trilogy-swing,True,research lead; not accepted source evidence,Trilogy Swing,past,,high,,,true,worlddanceregistry,https://scores.worlddanceregistry.com/3ac5b6cd-17f3-11f0-9a29-0aa72bbce9ea,ended
False,2025-09-21,2025-09-wcs-party,False,research lead; not accepted source evidence,WCS Party,past,,high,,,true,scoring.dance,https://scoring.dance/enUS/events/306/results/,ended
False,2025-10-05,2025-10-atlanta-swing-classic,True,research lead; not accepted source evidence,Atlanta Swing Classic,past,2025-10-atlanta-swing-classic,high,,,true,eepro,https://eepro.com/results/event.php?event=asc2025,ended
False,2025-10-25,2025-10-augsburg-westie-station,True,research lead; not accepted source evidence,Augsburg Westie Station,past,,high,,,true,scoring.dance,https://scoring.dance/enUS/events/310/results/,ended
False,2025-10-20,2025-10-boogie-by-the-bay,True,research lead; not accepted source evidence,Boogie by the Bay,past,,high,,,true,scoring.dance,https://scoring.dance/enUS/events/274/results/,ended
False,2025-10-12,2025-10-go-west-swingfest,False,research lead; not accepted source evidence,Go West SwingFest,past,,high,,,true,danceconvention.net,https://danceconvention.net/eventdirector/en/eventpage/300146691/results,ended
False,2025-10-26,2025-10-halloween-swingthing,True,research lead; not accepted source evidence,Halloween SwingThing,past,2025-10-halloween-swingthing,high,,,true,eepro,https://eepro.com/results/event.php?event=hst2025,ended
False,2025-10-12,2025-10-milan-modern-swing,True,research lead; not accepted source evidence,Milan Modern Swing 2025,past,,high,,,true,scoring.dance,https://scoring.dance/enUS/events/318/results/,ended
False,2025-10-19,2025-10-montreal-westie-fest,True,research lead; not accepted source evidence,Montreal Westie Fest,past,,medium,,,true,worlddanceregistry,https://scores.worlddanceregistry.com/a5dd75a4-87d2-11ef-9a29-0aa72bbce9ea,ended
False,2025-10-06,2025-10-norwegian-open-wcs,False,research lead; not accepted source evidence,Norwegian Open WCS,past,,high,,event-trial,true,scoring.dance,https://scoring.dance/enUS/events/317/results/,ended
False,2025-10-12,2025-10-paradise-dance-festival,False,research lead; not accepted source evidence,Paradise dance festival,past,,high,,,true,event_website,http://www.paradisecountrydancefestival.com/results,ended
False,2025-10-26,2025-10-sass-spooky-albany-swing-spectacular,False,research lead; not accepted source evidence,SASS Spooky Albany Swing Spectacular,past,,high,,event-trial,true,eepro,https://eepro.com/results/event.php?event=sass2025,ended
False,2025-10-26,2025-10-swing-city-chicago,True,research lead; not accepted source evidence,Swing City Chicago,past,,high,,,true,worlddanceregistry,https://scores.worlddanceregistry.com/fe9b06d3-4273-11f0-9a29-0aa72bbce9ea,ended
False,2025-10-27,2025-10-swingside-invitational,True,research lead; not accepted source evidence,Swingside Invitational,past,,high,,,true,scoring.dance,https://scoring.dance/enUS/events/313/results/,ended
False,2025-10-19,2025-10-swustlicious,True,research lead; not accepted source evidence,Swustlicious,past,,high,,,true,worlddanceregistry,https://scores.worlddanceregistry.com/82889a58-f8bd-11ef-9a29-0aa72bbce9ea,ended
False,2025-10-12,2025-10-the-aloha-open,False,research lead; not accepted source evidence,The Aloha Open,past,,high,,,true,scoring.dance,https://scoring.dance/enUS/events/238/results/,ended
False,2025-10-19,2025-10-the-new-zealand-west-coast-swing-open,False,research lead; not accepted source evidence,The New Zealand West Coast Swing Open,past,,high,,,true,danceconvention.net,https://danceconvention.net/eventdirector/en/eventpage/300426000-the-nz-wcs-open-2025/results,ended
False,2025-10-26,2025-10-wcs-festival,False,research lead; not accepted source evidence,WCS Festival,past,,high,,,true,scoring.dance,https://scoring.dance/enUS/events/320/results/,ended
False,2025-11-09,2025-11-autumn-swing-challenge,True,research lead; not accepted source evidence,Autumn Swing Challenge,past,,high,,,true,scoring.dance,https://scoring.dance/enUS/events/325/results/,ended
False,2025-11-30,2025-11-cash-bash,False,research lead; not accepted source evidence,CASH Bash,past,,low,unknown,,false,not_found,,ended
False,2025-11-16,2025-11-dc-swing-experience-dcsx,False,research lead; not accepted source evidence,DC Swing eXperience (DCSX),past,2025-11-dc-swing-experience,high,,,true,eepro,https://eepro.com/results/dcsx2025/strictly.html,ended
False,2025-11-16,2025-11-flowstate-west-coast-swing-zouk-festival,False,research lead; not accepted source evidence,Flowstate | West Coast Swing & Zouk Festival,past,,high,,,true,scoring.dance,https://scoring.dance/enUS/events/330/results/,ended
False,2025-11-16,2025-11-midnight-madness-wcs,False,research lead; not accepted source evidence,Midnight Madness WCS,past,2025-11-midnight-madness,high,,,true,eepro,https://eepro.com/results/event.php?event=mm2025,ended
False,2025-11-10,2025-11-moscow-westie-fest-gala-edition,False,research lead; not accepted source evidence,Moscow Westie Fest Gala Edition,past,,high,,,true,danceconvention.net,https://danceconvention.net/eventdirector/en/eventpage/300632160/results,ended
False,2025-11-02,2025-11-mountain-magic-dance-convention,False,research lead; not accepted source evidence,Mountain Magic Dance Convention,past,,high,yes,,true,google_drive_or_sheets,https://drive.google.com/drive/folders/1NQvpnba1bLm5RD2_3rOSPBEmHk5fnfPy,ended
False,2025-11-23,2025-11-northeast-swing-classic,False,research lead; not accepted source evidence,Northeast Swing Classic,past,,high,,event-trial,true,eepro,https://eepro.com/results/event.php?event=nsc2025,ended
False,2025-11-02,2025-11-rocket-city-swing,True,research lead; not accepted source evidence,Rocket City Swing,past,,high,,,true,worlddanceregistry,https://scores.worlddanceregistry.com/163ba964-df59-11ef-9a29-0aa72bbce9ea/awards,ended
False,2025-11-02,2025-11-scandinavian-open-wcs-snow,False,research lead; not accepted source evidence,"Scandinavian Open WCS ""SNOW""",past,,high,,,true,scoring.dance,https://scoring.dance/enUS/events/312/results/,ended
False,2025-11-17,2025-11-sea-to-sky-seattle,False,research lead; not accepted source evidence,Sea to Sky Seattle (Hiatus),past,,high,no,,false,not_held,,hiatus
False,2025-11-09,2025-11-simply-adelaide-west-coast-swing,False,research lead; not accepted source evidence,Simply Adelaide West Coast Swing,past,,high,,,true,danceconvention.net,https://danceconvention.net/eventdirector/en/eventpage/300368331-simply-adelaide-west-coast-swing/results,ended
False,2025-11-02,2025-11-spooky-westie-weekend,False,research lead; not accepted source evidence,Spooky Westie Weekend,past,,high,,,true,danceconvention.net,https://danceconvention.net/eventdirector/en/eventpage/300650011-spooky-westie-weekend-2025/results,ended
False,2025-11-09,2025-11-tampa-bay-classic,False,research lead; not accepted source evidence,Tampa Bay Classic,past,,medium,,,true,other,https://www.floridaclassicseries.com/2025/09/24/tbc-results-2/,ended
False,2025-11-30,2025-11-the-open-world-swing-dance-championships,False,research lead; not accepted source evidence,The Open World Swing Dance Championships,past,,high,,,true,eepro,https://eepro.com/results/event.php?event=theopen2025,ended
False,2025-11-03,2025-11-warsaw-halloween-swing,False,research lead; not accepted source evidence,Warsaw Halloween Swing,past,,high,,,true,scoring.dance,https://scoring.dance/enUS/events/324/results/,ended
False,2025-11-16,2025-11-westie-pink-city,True,research lead; not accepted source evidence,Westie Pink City,past,,high,,,true,scoring.dance,https://scoring.dance/enUS/events/316/results/,ended
False,2025-11-10,2025-11-westie-s-angels,True,research lead; not accepted source evidence,Westie's Angels,past,,high,,,true,scoring.dance,https://scoring.dance/enUS/events/314/results/,ended
False,2025-12-14,2025-12-berlin-swing-revolution,True,research lead; not accepted source evidence,Berlin Swing Revolution,past,,high,,,true,scoring.dance,https://scoring.dance/enUS/events/347/results/,ended
False,2025-12-15,2025-12-global-grand-prix-west-coast-swing-championships,False,research lead; not accepted source evidence,Global Grand Prix - West Coast Swing Championships,past,,high,,,true,scoring.dance,https://scoring.dance/enUS/events/323/results/,ended
False,2025-12-15,2025-12-santa-swing,True,research lead; not accepted source evidence,Santa Swing,past,,high,,event-trial,true,scoring.dance,https://scoring.dance/enUS/events/328/results/,ended
False,2025-12-08,2025-12-shooba-dooba-swing,False,research lead; not accepted source evidence,Shooba Dooba Swing,past,,high,,,true,danceconvention.net,https://danceconvention.net/eventdirector/en/eventpage/300926550/results,ended
False,2025-12-07,2025-12-the-after-party-tap,False,research lead; not accepted source evidence,"The After Party ""TAP""",past,,high,,,true,danceconvention.net,https://danceconvention.net/eventdirector/en/eventpage/300821000/results,ended
False,2025-12-08,2025-12-winter-white-west-coast-swing,False,research lead; not accepted source evidence,Winter White West Coast Swing,past,,high,,,true,scoring.dance,https://scoring.dance/enUS/events/342/results/,ended
False,2026-01-19,2026-01-austin-swing-dance-championships,True,research lead; not accepted source evidence,Austin Swing Dance Championships,past,,high,,,true,eepro,https://eepro.com/results/event.php?event=asdc2026,ended
False,2026-01-18,2026-01-avignon-city-swing,True,research lead; not accepted source evidence,Avignon City Swing,past,,high,,,true,scoring.dance,https://scoring.dance/enUS/events/334/results/,ended
False,2026-01-11,2026-01-budafest-open-wcs-championships,False,research lead; not accepted source evidence,BudaFest Open WCS Championships,past,,high,,,true,scoring.dance,https://scoring.dance/enUS/events/354/results/,ended
False,2026-01-04,2026-01-countdown-swing-boston,True,research lead; not accepted source evidence,Countdown Swing Boston,past,2026-01-countdown-swing-boston,high,,,true,eepro,https://eepro.com/results/event.php?event=countdown2025,ended
False,2026-01-25,2026-01-derby-city-swing,True,research lead; not accepted source evidence,Derby City Swing,past,2026-01-derby-city-swing,high,,,true,eepro,https://eepro.com/results/event.php?event=derby2026,ended
False,2026-01-04,2026-01-floorplay-swing-vacation,True,research lead; not accepted source evidence,Floorplay Swing Vacation,past,,high,,,true,worlddanceregistry,https://scores.worlddanceregistry.com/d9163563-3b50-11f0-9a29-0aa72bbce9ea/rounds,ended
False,2026-01-25,2026-01-freedom-swing-dance-challenge,True,research lead; not accepted source evidence,Freedom Swing Dance Challenge,past,2026-01-freedom-swing-dance-challenge,high,,,true,eepro,https://eepro.com/results/freedom2026/,ended
False,2026-01-19,2026-01-monterey-swing-fest,False,research lead; not accepted source evidence,Monterey Swing Fest,past,,high,,,true,scoring.dance,https://scoring.dance/enUS/events/272/results/,ended
False,2026-01-25,2026-01-paris-swing-classic,True,research lead; not accepted source evidence,Paris Swing Classic,past,2026-01-paris-swing-classic,high,,,true,eepro,https://eepro.com/results/event.php?event=parisswingclassic2026,ended
False,2026-01-04,2026-01-spotlight-new-year-s-celebration,True,research lead; not accepted source evidence,Spotlight New Year's Celebration,past,,high,,,true,eepro,https://eepro.com/results/event.php?event=spotlight2025,ended
False,2026-01-26,2026-01-swing-resolution,True,research lead; not accepted source evidence,Swing Resolution,past,,high,,,true,scoring.dance,https://scoring.dance/enUS/events/336/results/,ended
False,2026-01-04,2026-01-swingcouver,True,research lead; not accepted source evidence,SwingCouver,past,2026-01-swingcouver,high,,,true,eepro,https://eepro.com/results/event.php?event=swingcouver2025,ended
False,2026-01-05,2026-01-swingvester,False,research lead; not accepted source evidence,SwingVester 2025,past,,high,,,true,scoring.dance,https://scoring.dance/enUS/events/349/results/,ended
False,2026-01-18,2026-01-the-australian-classic-wcsdc,False,research lead; not accepted source evidence,The Australian Classic WCSDC,past,,high,no,,false,not_held,,ended
False,2026-01-03,2026-01-ucwdc-country-dance-world-championships,True,research lead; not accepted source evidence,UCWDC Country Dance World Championships,past,,high,,,true,eepro,https://eepro.com/results/event.php?event=worlds2025,ended
False,2026-01-01,2026-01-westie-gala,False,research lead; not accepted source evidence,Westie Gala,past,,high,,,true,scoring.dance,https://scoring.dance/enUS/events/352/results/,ended
False,2026-02-22,2026-02-arousa-westie-fest,True,research lead; not accepted source evidence,Arousa Westie Fest,past,,high,,,true,scoring.dance,https://scoring.dance/enUS/events/361/results/,ended
False,2026-02-15,2026-02-capital-swing-convention,False,research lead; not accepted source evidence,Capital Swing Convention,past,2026-02-capital-swing,high,,,true,eepro,https://eepro.com/results/event.php?event=capital2026,ended
False,2026-02-02,2026-02-charlotte-westiefest,False,research lead; not accepted source evidence,Charlotte WestieFest,past,,medium,,,false,other,https://charlottewestiefest.com/results/,ended
False,2026-02-21,2026-02-euro-dance-festival,True,research lead; not accepted source evidence,Euro Dance Festival,past,,high,,,true,scoring.dance,https://scoring.dance/enUS/events/335/results/,ended
False,2026-02-15,2026-02-prague-alchemy-swing,True,research lead; not accepted source evidence,Prague Alchemy Swing,past,,high,,event-trial,true,scoring.dance,https://scoring.dance/enUS/events/357/results/,ended
False,2026-02-23,2026-02-swing-crush,True,research lead; not accepted source evidence,Swing Crush,past,,high,,,true,eepro,https://eepro.com/results/event.php?event=swingcrush2026,ended
False,2026-02-08,2026-02-swing-snow,False,research lead; not accepted source evidence,Swing & Snow,past,,high,,,true,danceconvention.net,https://danceconvention.net/eventdirector/en/eventpage/300804490-swing-snow-2026/results,ended
False,2026-02-08,2026-02-swingtzerland,True,research lead; not accepted source evidence,Swingtzerland 2026,past,,high,,,false,scoring.dance,https://scoring.dance/enUS/events/363/results/,ended
False,2026-02-08,2026-02-trinity-swing,True,research lead; not accepted source evidence,Trinity Swing,past,,high,,,true,scoring.dance,https://scoring.dance/enUS/events/362/results/,ended
False,2026-02-15,2026-02-valentine-swing,True,research lead; not accepted source evidence,Valentine Swing,past,,high,,,true,scoring.dance,https://scoring.dance/enUS/events/368/results/,ended
False,2026-02-08,2026-02-waterloo-ontario-open-west-coast-swing-championships,True,research lead; not accepted source evidence,Waterloo Ontario Open West Coast Swing Championships,past,,high,,event-trial,true,worlddanceregistry,https://scores.worlddanceregistry.com/cb9e5ea8-3180-11f0-9a29-0aa72bbce9ea,ended
False,2026-02-08,2026-02-westeroz-swing,False,research lead; not accepted source evidence,WesterOz Swing,past,,high,unknown,,false,not_found,,ended
False,2026-02-22,2026-02-winter-coast,False,research lead; not accepted source evidence,Winter Coast,past,,high,,,true,scoring.dance,https://scoring.dance/enUS/events/366/results/,ended
False,2026-03-30,2026-03-5280-westival,True,research lead; not accepted source evidence,5280 Westival,past,,high,,,true,scoring.dance,https://scoring.dance/enUS/events/380/results/,ended
False,2026-03-15,2026-03-all-star-swingjam,True,research lead; not accepted source evidence,All Star SwingJam,past,,high,,,true,scoring.dance,https://scoring.dance/enUS/events/321/results/,ended
False,2026-03-15,2026-03-dutch-open-west-coast-swing,False,research lead; not accepted source evidence,Dutch Open West Coast Swing,past,,high,,,true,scoring.dance,https://scoring.dance/enUS/events/369/results/,ended
False,2026-03-01,2026-03-flow-festival-nyc,False,research lead; not accepted source evidence,Flow Festival NYC,past,,high,,event-trial,true,eepro,https://eepro.com/results/event.php?event=flowfest2026,ended
False,2026-03-29,2026-03-h-town-throw-down,True,research lead; not accepted source evidence,H-Town Throw Down,past,2026-03-h-town-throw-down,high,,,true,eepro,https://eepro.com/results/event.php?event=htown2026,ended
False,2026-03-09,2026-03-high-desert-dance-classic,False,research lead; not accepted source evidence,High Desert Dance Classic,past,,medium,,,true,event_website,https://highdesertdanceclassic.com/pages/results/Default.asp,ended
False,2026-03-23,2026-03-king-swing,True,research lead; not accepted source evidence,King Swing,past,,high,,,true,scoring.dance,https://scoring.dance/enUS/events/373/results/,ended
False,2026-03-09,2026-03-madjam-mid-atlantic-dance-jam,False,research lead; not accepted source evidence,MADjam (Mid Atlantic Dance Jam),past,,high,,,true,eepro,https://eepro.com/results/event.php?event=madjam2026,ended
False,2026-03-01,2026-03-new-york-flow-festival,True,research lead; not accepted source evidence,New York Flow Festival,past,2026-03-new-york-flow-festival,high,,event-trial,true,eepro,https://eepro.com/results/flowfest2026/jjfinals.html,ended
False,2026-03-01,2026-03-rose-city-swing,False,research lead; not accepted source evidence,Rose City Swing,past,,high,,,true,scoring.dance,https://scoring.dance/enUS/events/297/results/,ended
False,2026-03-02,2026-03-southern-lights-swing,False,research lead; not accepted source evidence,Southern Lights Swing,past,,medium,,event-trial,true,danceconvention.net,https://danceconvention.net/eventdirector/en/eventpage/300766630/results,ended
False,2026-03-08,2026-03-swingvasion,False,research lead; not accepted source evidence,Swingvasion,past,,high,,,true,danceconvention.net,https://danceconvention.net/eventdirector/en/eventpage/300797311/results,ended
False,2026-03-30,2026-03-the-boston-tea-party,False,research lead; not accepted source evidence,The Boston Tea Party,past,,high,,,true,eepro,https://eepro.com/results/btp2026/wcsjjfinals.html,ended
False,2026-03-22,2026-03-the-chicago-classic,True,research lead; not accepted source evidence,The Chicago Classic,past,,high,,,true,worlddanceregistry,https://scores.worlddanceregistry.com/82823d87-cacf-11f0-9a29-0aa72bbce9ea/awards,ended
False,2026-03-30,2026-03-uk-west-coast-swing-championships,True,research lead; not accepted source evidence,UK West Coast Swing Championships,past,,high,,,true,scoring.dance,https://scoring.dance/enUS/events/382/results/,ended
False,2026-03-15,2026-03-west-in-lyon,True,research lead; not accepted source evidence,West In Lyon,past,,high,,,true,scoring.dance,https://scoring.dance/enUS/events/337/results/,ended
False,2026-03-15,2026-03-westie-spring-thing,True,research lead; not accepted source evidence,Westie Spring Thing,past,,high,,,true,scoring.dance,https://scoring.dance/enUS/events/381/results/,ended
False,2026-04-19,2026-04-asia-wcs-open,True,research lead; not accepted source evidence,Asia WCS Open XIII,past,,high,,,true,scoring.dance,https://scoring.dance/enUS/events/333/results/,ended
False,2026-04-12,2026-04-calgary-dance-stampede,False,research lead; not accepted source evidence,Calgary Dance Stampede,past,,medium,,,true,event_website,https://calgarydancestampede.com/results/,ended
False,2026-04-12,2026-04-city-of-angels-wcs,True,research lead; not accepted source evidence,City of Angels WCS,past,,high,,,true,scoring.dance,https://scoring.dance/enUS/events/315/results/,ended
False,2026-04-26,2026-04-detonation-dance,True,research lead; not accepted source evidence,Detonation Dance,past,,high,,,true,scoring.dance,https://scoring.dance/enUS/events/389/results/,ended
False,2026-04-05,2026-04-easter-swing,True,research lead; not accepted source evidence,Easter Swing 2026,past,,high,,,true,scoring.dance,https://scoring.dance/enUS/events/327/results/,ended
False,2026-04-26,2026-04-honey-fest,False,research lead; not accepted source evidence,HONEY FEST,past,,high,,,true,danceconvention.net,https://danceconvention.net/eventdirector/en/eventpage/301107621/results,ended
False,2026-04-12,2026-04-korean-open-wcs-championships,False,research lead; not accepted source evidence,KOREAN OPEN WCS CHAMPIONSHIPS,past,,high,,,true,scoring.dance,https://scoring.dance/enUS/events/340/results/,ended
False,2026-04-27,2026-04-slovenian-open,True,research lead; not accepted source evidence,Slovenian Open,past,,high,,,true,scoring.dance,https://scoring.dance/enUS/events/404/results/,ended
False,2026-04-19,2026-04-swing-in-bloom,True,research lead; not accepted source evidence,Swing in Bloom,past,,medium,,event-trial,true,worlddanceregistry,https://scores.worlddanceregistry.com/1bfd3bb1-4262-11f0-9a29-0aa72bbce9ea,ended
False,2026-04-12,2026-04-swing-in-capital,True,research lead; not accepted source evidence,Swing In Capital,past,,high,,event-trial,true,scoring.dance,https://scoring.dance/enUS/events/291/results/,ended
False,2026-04-26,2026-04-swingin-festival,True,research lead; not accepted source evidence,SwingIN Festival,past,,high,,,true,scoring.dance,https://scoring.dance/enUS/events/356/results/,ended
False,2026-04-26,2026-04-swingover,True,research lead; not accepted source evidence,Swingover,past,2026-04-swingover,high,,,true,eepro,https://eepro.com/results/event.php?event=swingover2026,ended
False,2026-04-05,2026-04-tulsa-spring-swing,True,research lead; not accepted source evidence,Tulsa Spring Swing,past,2026-04-tulsa-spring-swing,high,,,true,eepro,https://eepro.com/results/tulsa2026/jjfinals.html,ended
False,2026-04-12,2026-04-westy-nantes,True,research lead; not accepted source evidence,WESTY NANTES,past,,high,,,true,scoring.dance,https://scoring.dance/enUS/events/338/results/,ended
False,2026-05-03,2026-05-beemad,True,research lead; not accepted source evidence,BeeMAD,past,,high,,,true,scoring.dance,https://scoring.dance/enUS/events/372/results/,ended
False,2026-05-18,2026-05-canadian-swing-championships,False,research lead; not accepted source evidence,Canadian Swing Championships,past,,high,yes,,false,not_found,,ended
False,2026-05-18,2026-05-french-open-wcs,False,research lead; not accepted source evidence,French Open WCS,past,,high,,,true,scoring.dance,https://scoring.dance/enUS/events/391/results/,ended
False,2026-05-17,2026-05-gateway-swing-classic,True,research lead; not accepted source evidence,Gateway Swing Classic,past,2026-05-gateway-swing-classic,high,,,true,eepro,https://eepro.com/results/event.php?event=gateway2026,ended
False,2026-05-24,2026-05-hungarian-open,True,research lead; not accepted source evidence,Hungarian Open,past,,high,,,true,scoring.dance,https://scoring.dance/enUS/events/415/results/,ended
False,2026-05-11,2026-05-med-in-swing,True,research lead; not accepted source evidence,Med in Swing,past,,high,,,true,scoring.dance,https://scoring.dance/enUS/events/395/results/,ended
False,2026-05-31,2026-05-michigan-classic,True,research lead; not accepted source evidence,Michigan Classic,past,2026-05-michigan-classic,high,,,true,eepro,https://eepro.com/results/event.php?event=michiganclassic2026,ended
False,2026-05-31,2026-05-nanaimo-dance-fusion,True,research lead; not accepted source evidence,Nanaimo Dance Fusion,past,,high,,,true,scoring.dance,https://scoring.dance/enUS/events/405/results/,ended
False,2026-05-04,2026-05-nordic-wcs-championships,False,research lead; not accepted source evidence,Nordic WCS Championships,past,,high,,,true,scoring.dance,https://scoring.dance/enUS/events/407/results/,ended
False,2026-05-11,2026-05-som-swing-of-music,False,research lead; not accepted source evidence,SOM-Swing of Music,past,,high,,,true,scoring.dance,https://scoring.dance/enUS/events/409/results/,ended
False,2026-05-17,2026-05-soswing,False,research lead; not accepted source evidence,SOswing,past,,high,,,true,scoring.dance,https://scoring.dance/enUS/events/332/results/,ended
False,2026-05-04,2026-05-spring-time-swing,False,research lead; not accepted source evidence,Spring Time Swing,past,,high,,,true,scoring.dance,https://scoring.dance/enUS/events/383/results/,ended
False,2026-05-03,2026-05-swingin-into-spring,True,research lead; not accepted source evidence,Swingin' Into Spring,past,2026-05-swingin-into-spring,high,,,true,event_website,https://sis.djkenm.com/compresults.html,ended
False,2026-05-18,2026-05-swingsation,False,research lead; not accepted source evidence,Swingsation 2026,past,,high,,,true,danceconvention.net,https://danceconvention.net/eventdirector/en/eventpage/300760260-swingsation-2026/results,ended
False,2026-05-16,2026-05-texas-classic,False,research lead; not accepted source evidence,Texas Classic,past,,medium,,,true,other,https://ucwdc.org/competitors/results/,ended
False,2026-05-25,2026-05-usa-grand-national-dance-championships,False,research lead; not accepted source evidence,USA Grand National Dance Championships,past,,high,,,true,eepro,https://eepro.com/results/event.php?event=grandnationals2026,ended
False,2026-05-10,2026-05-westie-weekend,True,research lead; not accepted source evidence,Westie Weekend,past,2026-05-westie-weekend,high,,,true,eepro,https://eepro.com/results/westieweekend2026/jjfinals.html,ended
False,2026-06-15,2026-06-baltic-swing,True,research lead; not accepted source evidence,Baltic Swing,past,,medium,,,true,scoring.dance,https://scoring.dance/enUS/events/412/results/,ended
False,2026-06-28,2026-06-baroqueswing,False,research lead; not accepted source evidence,BaroqueSwing,past,,high,,,true,scoring.dance,https://scoring.dance/enUS/events/419/results/,ended
False,2026-06-28,2026-06-colorado-country-classic,False,research lead; not accepted source evidence,Colorado Country Classic,past,,medium,,,true,other,http://coloradocountryclassic.net/results,ended
False,2026-06-21,2026-06-d-townswing,False,research lead; not accepted source evidence,D-Townswing,past,,high,,,true,scoring.dance,https://scoring.dance/enUS/events/378/results/,ended
True,2026-06-21,2026-06-dance-n-play,False,research lead; not accepted source evidence,Dance N Play (On Hiatus),cancelled,,medium,no,event-canceled,false,not_held,,hiatus
False,2026-06-01,2026-06-festival-city-swing,False,research lead; not accepted source evidence,Festival City Swing,past,,high,,,true,scoring.dance,https://scoring.dance/enUS/events/398/results/,ended
False,2026-06-08,2026-06-jack-jill-o-rama,True,research lead; not accepted source evidence,Jack & Jill O'Rama,past,,high,,,true,eepro,https://eepro.com/results/event.php?event=jjorama2026,ended
False,2026-06-28,2026-06-liberty-swing-dance-championships,False,research lead; not accepted source evidence,Liberty Swing Dance Championships,past,,high,,,true,eepro,https://eepro.com/results/event.php?event=libertyswing2026,ended
False,2026-06-21,2026-06-milan-swing-vibes,True,research lead; not accepted source evidence,Milan Swing Vibes,past,,high,,event-trial,true,scoring.dance,https://scoring.dance/enUS/events/365/results/,ended
False,2026-06-29,2026-06-neverlandswing-dutch-swing-championships,False,research lead; not accepted source evidence,NeverlandSwing Dutch Swing Championships 2026,past,,high,,,true,scoring.dance,https://scoring.dance/enUS/events/364/results/,ended
False,2026-06-01,2026-06-next-level-swing,False,research lead; not accepted source evidence,Next Level Swing,past,,low,unknown,,false,not_found,,ended
False,2026-06-07,2026-06-orange-blossom-dance-festival,False,research lead; not accepted source evidence,Orange Blossom Dance Festival,past,,high,,,true,eepro,https://eepro.com/results/event.php?event=orangeblossom2026,ended
False,2026-06-28,2026-06-swing-fiction,False,research lead; not accepted source evidence,Swing Fiction,past,,high,unknown,,true,other,https://api.swingfiction.cz/api/event/40d4789f-d90b-48ac-9f3a-9d6fa849d723/competition/runs/public,ended
False,2026-06-21,2026-06-swingapalooza,True,research lead; not accepted source evidence,SWINGAPALOOZA,past,,medium,,,true,event_website,http://www.swingapaloozaevent.com/Swinga2026/Results2026.html,ended
False,2026-07-06,2026-07-americano-dance-camp,False,research lead; not accepted source evidence,Americano Dance Camp,past,,high,,,true,danceconvention.net,https://danceconvention.net/eventdirector/en/eventpage/301108262-americano-dance-camp,ended
False,2026-07-12,2026-07-carolina-summer-swing,True,research lead; not accepted source evidence,Carolina Summer Swing,past,,high,,,true,worlddanceregistry,https://scores.worlddanceregistry.com/b558d0af-1243-11f1-9a29-0aa72bbce9ea/awards,ended
False,2026-07-26,2026-07-florida-dance-magic,True,research lead; not accepted source evidence,Florida Dance Magic,past,,high,,,true,worlddanceregistry,https://scores.worlddanceregistry.com/e9a42d05-efec-11f0-9a29-0aa72bbce9ea,ended
False,2026-07-06,2026-07-french-connection-wcs,False,research lead; not accepted source evidence,French Connection WCS,past,,high,,,true,scoring.dance,https://scoring.dance/enUS/events/387/results/,ended
False,2026-07-26,2026-07-infinite-swing,False,research lead; not accepted source evidence,Infinite Swing,past,,high,,event-trial,true,scoring.dance,https://scoring.dance/enUS/events/420/results/,ended
False,2026-07-13,2026-07-mediterranean-open-wcs,False,research lead; not accepted source evidence,Mediterranean Open WCS,past,,high,,,true,scoring.dance,https://scoring.dance/enUS/events/376/results/,ended
False,2026-07-19,2026-07-midwest-westie-fest,True,research lead; not accepted source evidence,Midwest Westie Fest 2026,past,2026-07-midwest-westie-fest,high,,,true,eepro,https://eepro.com/results/event.php?event=mwf2026,ended
False,2026-07-12,2026-07-my-swing,True,research lead; not accepted source evidence,MY Swing 2026,past,,high,,,true,scoring.dance,https://scoring.dance/enUS/events/410/results/,ended
False,2026-07-05,2026-07-phoenix-of-july,True,research lead; not accepted source evidence,Phoenix 4th of July,past,2026-07-phoenix-of-july,high,,,true,eepro,https://eepro.com/results/event.php?event=phoenix2026,ended
False,2026-07-19,2026-07-revitalise-wcs,False,research lead; not accepted source evidence,Revitalise WCS,past,,high,,,true,danceconvention.net,https://danceconvention.net/eventdirector/en/eventpage/300818670/results,ended
False,2026-07-19,2026-07-rock-the-barn,True,research lead; not accepted source evidence,Rock The Barn,past,,high,,,true,scoring.dance,https://scoring.dance/enUS/events/424/results/,ended
False,2026-07-04,2026-07-saunaswing,True,research lead; not accepted source evidence,SaunaSwing,past,,high,,,true,scoring.dance,https://scoring.dance/enUS/events/422/results/,ended
False,2026-07-26,2026-07-st-petersburg-wcs-nights,False,research lead; not accepted source evidence,St. Petersburg WCS Nights,past,,high,,,true,danceconvention.net,https://danceconvention.net/eventdirector/en/eventpage/301273271-stpetersburg-wcs-nights-2026/results,ended
False,2026-07-12,2026-07-swinglab-berlin,True,research lead; not accepted source evidence,SwingLab Berlin,past,,high,,event-trial,true,scoring.dance,https://scoring.dance/enUS/events/403/results/,ended
False,2026-07-12,2026-07-toronto-open,False,research lead; not accepted source evidence,Toronto Open (Hiatus),past,,high,no,,false,not_held,,hiatus
False,2026-07-05,2026-07-wild-wild-westie,True,research lead; not accepted source evidence,Wild Wild Westie,past,2026-07-wild-wild-westie,high,,,true,eepro,https://eepro.com/results/www2026/jjfinals.html,ended
False,2026-08-30,2026-08-bristol-swing-fiesta,True,research lead; not accepted source evidence,Bristol Swing Fiesta,past,,high,,,true,scoring.dance,https://scoring.dance/enUS/events/418/results/,ended
False,2026-08-23,2026-08-chicagoland-country-and-swing-dance-festival,False,research lead; not accepted source evidence,Chicagoland Country and Swing Dance Festival,past,,high,yes,,true,other,https://ucwdc.org/wp-content/uploads/2026/08/CDF2026_Couples_Results.pdf,ended
False,2026-08-30,2026-08-desert-city-swing,True,research lead; not accepted source evidence,Desert City Swing,past,,high,,,true,worlddanceregistry,https://scores.worlddanceregistry.com/98011277-01cd-11f1-9a29-0aa72bbce9ea/awards,ended
False,2026-08-09,2026-08-german-open-wcs,False,research lead; not accepted source evidence,German Open WCS,past,,high,,,true,scoring.dance,https://scoring.dance/enUS/events/425/results/,ended
False,2026-08-17,2026-08-grand-party-sofia-gps,False,research lead; not accepted source evidence,Grand Party Sofia (GPS),past,,high,,,true,scoring.dance,https://scoring.dance/enUS/events/370/results/,ended
False,2026-08-02,2026-08-lisbon-westie-fest,True,research lead; not accepted source evidence,Lisbon Westie Fest,past,,high,,,true,scoring.dance,https://scoring.dance/enUS/events/360/results/,ended
False,2026-08-23,2026-08-manneken-swing,True,research lead; not accepted source evidence,Manneken Swing,past,,high,,event-trial,true,scoring.dance,https://scoring.dance/enUS/events/393/results/,ended
False,2026-08-09,2026-08-new-england-dance-festival,False,research lead; not accepted source evidence,New England Dance Festival,past,,high,,,true,google_drive_or_sheets,https://drive.google.com/drive/u/0/folders/1h5C2rwHIyTx4rQyZgSSilBfdZgP0BCWA,ended
False,2026-08-31,2026-08-rolling-swing,True,research lead; not accepted source evidence,Rolling Swing,past,,high,,,true,scoring.dance,https://scoring.dance/enUS/events/392/results/,ended
False,2026-08-01,2026-08-sea-sun-and-swing,False,research lead; not accepted source evidence,Sea Sun and Swing,past,,high,,,true,scoring.dance,https://scoring.dance/enUS/events/394/results/,ended
False,2026-08-23,2026-08-shakedown-swing,False,research lead; not accepted source evidence,Shakedown Swing,past,,high,,,true,danceconvention.net,https://danceconvention.net/eventdirector/en/eventpage/301107622-shakedown-swing-2026/results,ended
False,2026-08-23,2026-08-summer-hummer,True,research lead; not accepted source evidence,Summer Hummer,past,2026-08-summer-hummer,high,,,true,eepro,https://eepro.com/results/event.php?event=summerhummer2026,ended
False,2026-08-23,2026-08-swing-creation-hamburg,True,research lead; not accepted source evidence,Swing Creation Hamburg,past,,high,,event-trial,true,scoring.dance,https://scoring.dance/enUS/events/436/results/,ended
False,2026-08-09,2026-08-swing-fling,True,research lead; not accepted source evidence,Swing Fling,past,2026-08-swing-fling,high,,,true,eepro,https://eepro.com/results/event.php?event=swingfling2026,ended
False,2026-08-09,2026-08-swingtacular-the-galactic-open,False,research lead; not accepted source evidence,Swingtacular: The Galactic Open,past,,high,,,true,eepro,https://eepro.com/results/event.php?event=swingtacular2026,ended
False,2026-08-23,2026-08-the-bend-connection,True,research lead; not accepted source evidence,The Bend Connection,past,,high,,,true,scoring.dance,https://scoring.dance/enUS/events/384/results/,ended
False,2026-08-17,2026-08-uptown-swing,True,research lead; not accepted source evidence,UpTown Swing,past,,high,,,true,scoring.dance,https://scoring.dance/enUS/events/437/results/,ended
False,2026-08-02,2026-08-warsaw-summer-nights-westival,False,research lead; not accepted source evidence,Warsaw Summer Nights Westival,past,,medium,,,true,scoring.dance,https://scoring.dance/enUS/events/399/results/,ended
False,2026-08-23,2026-08-westie-joy,True,research lead; not accepted source evidence,Westie Joy,past,,high,,event-trial,true,scoring.dance,https://scoring.dance/enUS/events/396/results/,ended
False,2026-09-07,2026-09-jax-westie-fest,False,research lead; not accepted source evidence,Jax Westie Fest,past,,medium,,,true,worlddanceregistry,https://scores.worlddanceregistry.com,in_progress
False,2026-09-06,2026-09-korea-westival,False,research lead; not accepted source evidence,Korea Westival,past,,high,unknown,,true,danceconvention.net,https://danceconvention.net/eventdirector/en/eventpage/301273270/results,in_progress
False,2026-09-07,2026-09-south-bay-dance-fling,False,research lead; not accepted source evidence,South Bay Dance Fling,past,,high,,,false,event_website,https://sbdf.dance/results/,in_progress
