event_id	title	dates_mm_dd_yyyy
303	WCS Magyar Kupa 2026	08/30 - 08/31/2026
418	Bristol Swing Fiesta 2026	08/28 - 08/30/2026
392	Rolling Swing 2026	08/27 - 08/31/2026
384	The Bend Connection 2026	08/21 - 08/24/2026
396	Westie Joy 2026	08/21 - 08/24/2026
393	Manneken Swing 2026	08/21 - 08/24/2026
436	Swing Creation Hamburg	08/20 - 08/23/2026
437	UpTown Swing 2026	08/14 - 08/17/2026
370	Grand Party Sofia 2026	08/13 - 08/17/2026
425	German Open 2026	08/05 - 08/09/2026
360	Lisbon Westie Fest 2026	08/01 - 08/03/2026
399	Warsaw Summer Nights Westival 2026	07/30 - 08/03/2026
394	Sea Sun & Swing Camp 2026	07/25 - 08/01/2026
420	Infinite Swing Munich 2026	07/23 - 07/26/2026
424	Rock The Barn 2026	07/16 - 07/19/2026
403	SwingLab Berlin	07/09 - 07/12/2026
376	Mediterranean Open 2026	07/09 - 07/12/2026
410	My Swing 2026	07/09 - 07/12/2026
387	French Connection 2026	07/03 - 07/06/2026
422	SaunaSwing 2026	07/02 - 07/05/2026
364	Neverland Swing 2026	06/25 - 06/29/2026
419	BaroqueSwing Ludwigsburg 2026	06/25 - 06/28/2026
413	Bachata Beach Festival	06/18/2026
378	D-Town Swing 2026	06/18 - 06/22/2026
365	Milan Swing Vibes 2026	06/18 - 06/21/2026
412	Baltic Swing 2026	06/11 - 06/15/2026
416	Hembsy Chill SILC Competition 2026	06/05 - 06/08/2026
398	Festival City Swing Edinburgh 2026	05/29 - 06/01/2026
405	Nanaimo Dance Fusion 2026	05/28 - 05/31/2026
415	Hungarian Open 2026	05/22 - 05/24/2026
417	Paris Sensual Festival 2026	05/22 - 05/23/2026
332	SOswing Convention 2026	05/14 - 05/18/2026
391	French Open 2026	05/13 - 05/17/2026
395	Med In Swing 2026	05/07 - 05/10/2026
409	Swing of Music 2026	05/07 - 05/11/2026
372	BeeMAD 2026	05/01 - 05/03/2026
383	Spring Time Swing 2026	04/30 - 05/03/2026
407	Nordic WCS Championships 2026	04/30 - 05/03/2026
356	SwingIn Festival 2026	04/23 - 04/26/2026
404	Slovenian Open 2026	04/23 - 04/26/2026
389	Detonation Dance 2026	04/23 - 04/27/2026
333	Asia WCS Open  2026	04/16 - 04/19/2026
338	Westy Nantes 2026	04/10 - 04/12/2026
340	Korean Open 2026	04/09 - 04/12/2026
291	Swing In Capital 2026	04/09 - 04/12/2026
388	Arctic Westie Fest 2026	04/09 - 04/12/2026
400	Lyon Bachata Festival 2026	04/05/2026
327	Easter Swing 2026	04/02 - 04/06/2026
380	5280 Westival 2026	03/26 - 03/30/2026
382	UK West Coast Swing Championships 2026	03/26 - 03/30/2026
373	King Swing 2026	03/19 - 03/23/2026
369	Dutch Open 2026	03/12 - 03/15/2026
337	West in Lyon 2026	03/12 - 03/15/2026
321	All Star SwingJam 2026	03/12 - 03/15/2026
381	Westie Spring Thing 2026	03/12 - 03/16/2026
345	Munich Bachata Fest 2026	02/26 - 03/02/2026
297	Rose City Swing 2026	02/26 - 03/01/2026
361	Arousa Westie Fest 2026	02/19 - 02/22/2026
366	Winter Coast Swing 2026	02/19 - 02/22/2026
335	Euro Dance Festival 2026	02/17 - 02/22/2026
357	Prague Alchemy Swing	02/13 - 02/15/2026
368	Valentine Swing 2026	02/13 - 02/16/2026
362	Trinity Swing 2026	02/06 - 02/08/2026
363	Swingtzerland 2026	02/05 - 02/08/2026
351	Latin Dreams 2026	01/30 - 02/02/2026
346	BachaZouk Bachata Festival 2026	01/29 - 02/02/2026
336	Swing Resolution 2026	01/23 - 01/26/2026
355	Big 3 Festival Hamburg 2026 (Salsa Jack & Jill)	01/23 - 01/25/2026
227	Big 3 Festival Hamburg 2026 (Bachata Jack & Jill)	01/23 - 01/25/2026
334	Avignon City Swing 2026	01/16 - 01/18/2026
272	Monterey Swinfest  2026	01/15 - 01/18/2026
354	Budafest 2026	01/06 - 01/11/2026
220	Pure Bachata - Role Rotation Weekend Cologne 2026	01/02 - 01/04/2026
339	New Year's Swing Fling	12/31/2025-01/04/2026
349	SwingVester 2025/26 WSDC	12/31/2025-01/05/2026
352	Westie Gala 2025/2026	12/28/2025-01/01/2026
323	Global Grand Prix WCS 2025	12/12 - 12/15/2025
347	Berlin Swing Revolution 2025	12/11 - 12/14/2025
328	Santa Swing 2025	12/11 - 12/15/2025
302	Bachata Beyond 2025 | The Enchanted Realm of Rhythm	12/05 - 12/07/2025
266	Copenhagen Bachata Congress 2025	12/05 - 12/07/2025
342	Winter White 2025	12/04 - 12/07/2025
319	Ceroc Champs 2025	11/22/2025
218	Pure Bachata Winter Festival 2025	11/14 - 11/16/2025
330	Flowstate 2025	11/14 - 11/16/2025
316	Westie Pink City 2025	11/13 - 11/16/2025
314	Westie's Angels 2025	11/06 - 11/09/2025
325	Autumn Swing Challenge 2025	11/06 - 11/09/2025
217	Stockholm Sensual 2025	10/31 - 11/02/2025
324	Warsaw Halloween Swing 2025	10/30 - 11/03/2025
312	Scandinavian Open 2025 [SNOW]	10/29 - 11/02/2025
313	Swingside Invitational 2025	10/24 - 10/27/2025
283	Bachata Zouk Royals 2025	10/24 - 10/26/2025
320	WCS Festival Düsseldorf 2025	10/23 - 10/26/2025
310	Augsburg Westie Station 2025	10/23 - 10/26/2025
274	Boogie By the Bay	10/16 - 10/19/2025
238	Aloha Open 2025	10/10 - 10/12/2025
318	Milan Modern Swing 2025	10/09 - 10/12/2025
284	Euro Sensual Festival 2025	10/03 - 10/05/2025
317	Norwegian Open 2025	10/02 - 10/05/2025
296	Mooseland Swing 2025	09/26 - 09/28/2025
295	Midland Swing Open 2025	09/25 - 09/29/2025
282	Extravadanza Bachata Congress 2025	09/19 - 09/21/2025
285	Retaliation Swing 2025	09/18 - 09/21/2025
309	Finnfest 2025	09/18 - 09/22/2025
306	WCSParty 2025	09/18 - 09/21/2025
304	Bavarian Open 2025	09/11 - 09/15/2025
290	Bachata Sensual Chicago 2025	09/04 - 09/08/2025
260	WCS Magyar Kupa 2025	08/30 - 08/31/2025
286	Rolling Swing 2025	08/28 - 08/31/2025
200	The Bend Connection 2025	08/21 - 08/24/2025
293	SwingTime Denver 2025	08/15 - 08/19/2025
276	Grand Party Sofia 2025	08/15 - 08/18/2025
292	UpTown Swing 2025	08/14 - 08/17/2025
280	German Open 2025	08/07 - 08/10/2025
262	Bristol Swing Fiesta 2025	08/01 - 08/03/2025
267	Lisbon Westie Fest 2025	08/01 - 08/03/2025
246	Warsaw Summer Nights Westival 2025	07/31 - 08/04/2025
287	Rock The Barn 2025	07/17 - 07/20/2025
226	BMJ Sensual Festival 25 (Bachata World Cup Geneva 2026 Qualifiers Event – Japan)	07/11 - 07/13/2025
254	Mediterranean Open 2025	07/11 - 07/13/2025
278	SaunaSwing 2025	07/03 - 07/06/2025
270	Neverland Swing 2025	06/26 - 06/30/2025
251	French Connection 2025	06/26 - 06/29/2025
228	Dance N Play 2025	06/26 - 06/29/2025
171	Bachata Sensual Congress Germany 2025	06/20 - 06/22/2025
247	Barock Swing Ludwigsburg 2025	06/19 - 06/22/2025
265	Bachata Beach Festival 2025	06/19/2025
216	Nordic Bachata Congress 2025	06/13 - 06/15/2025
252	D-Town Swing 2025	06/12 - 06/15/2025
219	Terra Livre Dance Festival 2025 (Summer Edition)	06/12 - 06/15/2025
255	Hembsy Chill SILC Competition 2025	06/06 - 06/09/2025
277	Baltic Swing 2025	06/05 - 06/09/2025
263	Festival City Swing Edinburgh 2025	05/30 - 06/02/2025
268	Hungarian Open 2025	05/30 - 06/01/2025
261	N:XT LEVEL SWING 2025	05/29 - 06/01/2025
242	French Open 2025	05/28 - 06/01/2025
248	Nanaimo Dance Fusion 2025	05/23 - 05/25/2025
192	SOswing Convention 2025	05/15 - 05/18/2025
214	Bachata Sphere Weekend Paris 2025	05/08 - 05/11/2025
245	Swing of Music 2025	05/08 - 05/12/2025
229	Med In Swing 2025	05/08 - 05/11/2025
169	Pure Bachata Summer Festival (Bachata World Cup Geneva 2026 Qualifiers Event – Germany)	05/02 - 05/05/2025
253	BeeMAD 2025	05/02 - 05/04/2025
249	Nordic WCS Championships 2025	05/01 - 05/04/2025
250	Spring Time Swing 2025	04/30 - 05/05/2025
244	Detonation Dance 2025	04/24 - 04/28/2025
241	SwingIn-Festival 2025	04/24 - 04/27/2025
239	Easter Swing 2025	04/17 - 04/20/2025
233	Slovenian Open 2025	04/10 - 04/13/2025
240	City of Angels 2025	04/10 - 04/13/2025
184	Bachata Festival Germany 2025	04/09 - 04/14/2025
207	Westy Nantes 2025	04/04 - 04/06/2025
198	Bachata Geneva Festival - Bachata Social World Cup 2025	03/28 - 03/31/2025
181	BTO Open 2025	03/27 - 03/30/2025
201	UK West Coast Swing Championships 2025	03/27 - 03/31/2025
236	5280 Westival 2025	03/20 - 03/24/2025
231	King Swing 2025	03/20 - 03/24/2025
166	BINDAAS Bachata Festival 2025	03/14 - 03/16/2025
225	Dutch Open 2025	03/13 - 03/16/2025
211	West in Lyon 2025	03/13 - 03/16/2025
230	Westie Spring Thing 2025	03/13 - 03/17/2025
158	Euro Dance Festival 2025	03/04 - 03/09/2025
209	NRW United Bachata Festival 2025	02/27 - 03/02/2025
224	Winter Coast Swing 2025	02/20 - 02/23/2025
215	Bachatation Festival 2025	02/20 - 02/23/2025
182	Rose City Swing 2025	02/20 - 02/24/2025
223	Valentine Swing 2025	02/14 - 02/17/2025
205	Trinity Swing 2025	02/07 - 02/09/2025
153	Luxembourg Bachata Family Festival 2025	02/07 - 02/08/2025
222	Swingtzerland 2025	02/06 - 02/10/2025
202	Pure Bachata - Urban Fusion Festival 2025	01/31 - 02/03/2025
183	Latin Dream Bachata Festival 2025	01/31 - 02/03/2025
206	Paris Swing Classic 2025	01/30 - 02/03/2025
195	Swing Resolution 2025	01/23 - 01/26/2025
199	Avignon City Swing 2025	01/17 - 01/19/2025
203	Terra Livre Dance Festival 2025 (Winter Edition)	01/17 - 01/19/2025
193	MontereySwingfest 2025	01/16 - 01/20/2025
167	Munich Bachata Fest 2025	01/09 - 01/13/2025
189	Budafest 2025	01/07 - 01/12/2025
191	Country Couver 2025	01/02 - 01/05/2025
190	SwingCouver 2025	01/02 - 01/05/2025
196	Westie Gala 2024/2025	12/28/2024-01/01/2025
188	SwingVester 2024/25	12/27/2024-01/02/2025
197	Pure Bachata - Role Rotation Weekend Cologne 2024	12/27 - 12/30/2024
186	Global Grand Prix Swing Dance Championships 2024	12/13 - 12/16/2024
187	Berlin Swing Revolution 2024	12/12 - 12/15/2024
168	Copenhagen Bachata Congress 2024	12/06 - 12/08/2024
185	Winter White 2024	12/05 - 12/08/2024
170	Pure Bachata Winter Festival 2024	11/15 - 11/17/2024
180	Flowstate	11/08 - 11/11/2024
164	Westie Pink City 2024	11/08 - 11/11/2024
176	Sea to Sky 2024	11/07 - 11/11/2024
161	Stockholm Sensusal Festival 2024	11/01 - 11/03/2024
157	Westie's Angels 2024	10/31 - 11/04/2024
173	Scandinavian Open WCS 2024 [SNOW 2024]	10/31 - 11/03/2024
179	Hippmann Fun-Competition 2024	10/25 - 10/27/2024
175	Halloween SwingThing 2024	10/25 - 10/28/2024
165	Swingside Invitational 2024	10/25 - 10/27/2024
177	Warsaw Halloween Swing 2024	10/24 - 10/28/2024
132	Bachata Explosion 2024	10/18 - 10/20/2024
172	Milan Modern Swing 2024	10/17 - 10/20/2024
163	Augsburg Westie Station 2024	10/17 - 10/20/2024
160	WCS Festival Düsseldorf 2024	10/10 - 10/14/2024
156	Boogie by the Bay 2024	10/10 - 10/14/2024
118	German Open Championship 2024	10/03 - 10/06/2024
152	Mooseland Swing 2024	09/27 - 09/30/2024
150	Midland Swing Open 2024	09/26 - 09/30/2024
151	WCSParty 2024	09/26 - 09/30/2024
155	Aloha Open 2024	09/25 - 09/29/2024
159	Finnfest 2024	09/19 - 09/22/2024
154	Retaliation Swing 2024	09/19 - 09/23/2024
149	Bavarian Open 2024	09/12 - 09/15/2024
143	BINDAAS Bachata Festival 2024	09/06 - 09/08/2024
146	Rolling Swing 2024	08/29 - 09/03/2024
148	WCS Magyar Kupa	08/24 - 08/25/2024
141	SwingTime Denver 2024	08/15 - 08/19/2024
140	UpTown Swing 2024	08/09 - 08/13/2024
147	Bristol Swing Fiesta	08/09 - 08/11/2024
139	German Open 2024	08/01 - 08/04/2024
144	Sea Sun & Swing Camp 2024	07/27 - 08/03/2024
145	Bend Connection 2024	07/25 - 07/28/2024
138	Rock The Barn 2024	07/18 - 07/21/2024
137	SaunaSwing 2024	07/12 - 07/14/2024
136	NeverlandSwing 2024	06/27 - 07/01/2024
117	Bachata Sensual Congress Germany 2024	06/21 - 06/24/2024
135	D-Town Swing 2024	06/13 - 06/17/2024
142	Dance N Play 2024	06/13 - 06/16/2024
134	Baltic Swing 2024	06/06 - 06/10/2024
133	Hungarian Open 2024	05/31 - 06/02/2024
130	SOswing Convention 2024	05/16 - 05/19/2024
121	French Open 2024	05/08 - 05/12/2024
127	Spring Time Swing 2024	05/02 - 05/06/2024
128	SOM - Swing Of Music 2024	04/26 - 04/28/2024
131	Nordic WCS Championships 2024	04/25 - 04/29/2024
125	Slovenian Open 2024	04/19 - 04/21/2024
129	Detonation Dance 2024	04/18 - 04/22/2024
120	Westy Nantes 2024	04/12 - 04/15/2024
126	City of Angels Swing 2024	04/11 - 04/14/2024
124	SwingIn - Festival 2024	04/05 - 04/07/2024
119	Dutch Open 2024	04/04 - 04/07/2024
122	5280 Westival 2024	03/21 - 03/25/2024
115	Westie Spring Thing 2024	03/14 - 03/18/2024
123	All-Star Swing Jam 2024	03/14 - 03/17/2024
116	West in Lyon 2024	03/07 - 03/10/2024
114	Valentine Swing 2024	02/15 - 02/18/2024
104	Euro Dance Festival 2024	02/13 - 02/18/2024
113	Paris Swing Classic 2024	02/01 - 02/04/2024
112	Swing Resolution 2024	01/26 - 01/28/2024
111	Monterey Swing Fest 2024	01/10 - 01/14/2024
108	Budafest 2024	01/03 - 01/07/2024
106	SwingCouver 2023/24	12/28/2023-01/01/2024
110	Westie Gala 2023/2024	12/28/2023-01/02/2024
109	SwingVester 2023/24	12/28/2023-01/01/2024
100	Global Grand Prix Swing Dance Championships 2023	12/14 - 12/17/2023
107	Munich Bachata Fest 2023	12/08 - 12/10/2023
98	Berlin Swing Revolution 2023	12/07 - 12/10/2023
105	Winter White 2023	11/30 - 12/03/2023
103	Scandinavian Open WCS 2023 [SNOW 2023]	11/02 - 11/06/2023
96	Warsaw Halloween Swing 2023	10/26 - 10/30/2023
95	Milan Modern Swing 2023	10/20 - 10/22/2023
101	Augsburg Westie Station 2023	10/20 - 10/22/2023
94	WCS Festival Düsseldorf 2023	10/12 - 10/15/2023
102	German Open Bachata Championship 2023	09/29 - 10/02/2023
97	Cologne Swing Weekend 2023	09/22 - 09/24/2023
93	Finnfest 2023	09/22 - 09/25/2023
92	Midland Swing Open 2023	09/21 - 09/24/2023
91	Bavarian Open 2023	08/31 - 09/04/2023
90	UpTown Swing 2023	08/11 - 08/15/2023
88	German Open 2023	08/03 - 08/06/2023
89	Rock The Barn 2023	07/21 - 07/23/2023
85	NeverlandSwing 2023	06/29 - 07/04/2023
84	D-Town Swing 2023	06/22 - 06/25/2023
83	Baltic Swing 2023	06/15 - 06/19/2023
87	Jack&Jill O'Rama	06/08/2023
86	Hungarian Open 2023	06/02 - 06/04/2023
82	TLV Swingfest 2023	05/12 - 05/14/2023
80	Nordic WCS Championships 2023	04/28 - 05/01/2023
81	SwingIn - Festival 2023	04/21 - 04/23/2023
79	Detonation Dance 2023	04/20 - 04/24/2023
78	Dutch Open 2023	03/23 - 03/26/2023
74	5280 Westival 2023	03/23 - 03/27/2023
76	Westie Spring Thing 2023	03/09 - 03/12/2023
75	Valentine Swing 2023	02/17 - 02/19/2023
77	Carnival Swing Cologne 2023	02/10 - 02/12/2023
58	Budafest 2023	01/11 - 01/16/2023
57	Westie Gala 2023	01/06 - 01/09/2023
72	SwingVester 2022/23	12/28/2022-01/02/2023
73	Global Grand Prix Swing Dance Championships 2022	12/15 - 12/18/2022
56	Berlin Swing Revolution 2022	12/08 - 12/11/2022
55	Scandinavian Open WCS 2022 [SNOW 2022]	11/03 - 11/07/2022
71	Warsaw Halloween Swing 2022	10/27 - 10/31/2022
54	WCS Festival Düsseldorf 2022	10/14 - 10/16/2022
70	Midland Swing Open 2022	09/30 - 10/03/2022
68	Finnfest 2022	09/23 - 09/26/2022
69	Cologne Swing Weekend 2022	09/23 - 09/25/2022
46	Bavarian Open 2022	09/08 - 09/12/2022
67	UpTown Swing 2022	08/12 - 08/15/2022
53	German Open 2022	08/04 - 08/07/2022
64	SwingTime 2022	07/22 - 07/25/2022
66	NeverlandSwing 2022	06/30 - 07/04/2022
65	Baltic Swing 2022	06/24 - 06/27/2022
51	D-Town Swing 2022	06/16 - 06/20/2022
62	Nordic WCS Championships 2022	05/06 - 05/09/2022
63	SwingIn - Festival 2022	04/22 - 04/24/2022
61	Detonation Dance 2022	04/21 - 04/25/2022
60	South Westie Swing 2022	04/15 - 04/17/2022
59	Normandie On West	03/26/2022
52	Westie Spring Thing 2022	03/10 - 03/14/2022
44	Budafest 2022	01/05 - 01/09/2022
48	Berlin Swing Revolution 2021	12/09 - 12/13/2021
49	The After Party 2021 [TAP2021]	12/02 - 12/06/2021
47	Scandinavian Open WCS 2021 [SNOW 2021]	11/05 - 11/08/2021
50	Warsaw Halloween Swing 2021	10/28 - 11/01/2021
45	Midland Swing Open 2021	09/23 - 09/26/2021
42	German Open 2021	08/05 - 08/08/2021
40	German Open 2020	08/06 - 08/09/2020
41	Swing Generations 2020	07/31 - 08/02/2020
36	NeverlandSwing 2020	06/18 - 06/22/2020
37	Baltic Swing 2020	06/11 - 06/15/2020
33	Hungarian Open 2020	05/08 - 05/10/2020
34	BOTP - Balboa On The Promenade 2020	05/07 - 05/11/2020
39	Detonation Dance 2020	04/24 - 04/27/2020
32	Cologne Zouk Festival 2020	04/10 - 04/14/2020
30	Westie Spring Thing 2020	03/12 - 03/16/2020
31	Carnival Swing Cologne 2020	02/14 - 02/17/2020
38	Seattle Ticket Kickoff	02/01 - 02/02/2020
29	Municorn Swing 2020	01/23 - 01/27/2020
35	Workshop Weekend Heidelberg Januar 2020	01/18 - 01/19/2020
28	SwingCouver 2020	01/09 - 01/12/2020
25	Budafest 2020	01/02 - 01/06/2020
20	SwingVester 2019/20	12/27/2019-01/02/2020
27	Berlin Swing Revolution 2019	12/12 - 12/15/2019
21	CozySwing 2019	12/05 - 12/08/2019
18	TAF Deutsche Meisterschaft West Coast Swing 2019	11/16/2019
24	Bull swinging Bear Festival 2019	11/08 - 11/10/2019
22	Warsaw Halloween Swing 2019	10/31 - 11/04/2019
23	Bavarian Open 2019	09/12 - 09/15/2019
17	TAF German Masters West Coast Swing Nord 2019	09/07/2019
19	German Open 2019	08/08 - 08/11/2019
10	NeverlandSwing 2019	06/27 - 07/01/2019
16	TAF German Masters West 2019	05/25/2019
12	Workshop Weekend Weinstadt Mai 2019	05/11 - 05/12/2019
15	3.TAF Schleswig Cup West Coast Swing 2019	05/11/2019
14	Zouk 1st German Open Championship 2019	04/19 - 04/22/2019
13	INTAKO 2019	04/14 - 04/18/2019
11	Workshop Weekend Heidelberg April 2019	04/06 - 04/07/2019
7	West in Lyon 2019	03/15 - 03/17/2019
9	Carnival Swing Cologne 2019	02/23/2019
8	Workshopweekend Heidelberg Jan2019	01/19/2019
6	SwingVester 2018	12/28/2018
5	CozySwing 2018	11/30/2018
4	Pure Bachata Summer Festival Cologne	07/28/2018
3	Cologne Zouk Festival	05/12/2018
2	Carnival Swing 2018	02/03/2018
